﻿<?xml version="1.0" encoding="utf-8"?>
<!--© DNB-->
<link:linkbase xmlns:xsi="http://www.w3.org/2001/XMLSchema-instance" xmlns:xlink="http://www.w3.org/1999/xlink" xmlns:link="http://www.xbrl.org/2003/linkbase" xmlns:xbrldt="http://xbrl.org/2005/xbrldt" xsi:schemaLocation="http://www.xbrl.org/2003/linkbase http://www.xbrl.org/2003/xbrl-linkbase-2003-12-31.xsd http://xbrl.org/2005/xbrldt http://www.xbrl.org/2005/xbrldt-2005.xsd">
  <link:arcroleRef arcroleURI="http://xbrl.org/int/dim/arcrole/domain-member" xlink:type="simple" xlink:href="http://www.xbrl.org/2005/xbrldt-2005.xsd#domain-member" />
  <link:definitionLink xlink:type="extended" xlink:role="http://www.xbrl.org/2003/role/link">
    <link:loc xlink:type="locator" xlink:href="http://www.eba.europa.eu/eu/fr/xbrl/crr/dict/dom/exp.xsd#eba_PC" xlink:label="loc_eba_PC" />
    <link:loc xlink:type="locator" xlink:href="mem.xsd#dnb-crd_x1000" xlink:label="loc_dnb-crd_x1000" />
    <link:definitionArc xlink:type="arc" xlink:arcrole="http://xbrl.org/int/dim/arcrole/domain-member" xlink:from="loc_eba_PC" xlink:to="loc_dnb-crd_x1000" order="1" />
    <link:loc xlink:type="locator" xlink:href="mem.xsd#dnb-crd_x1001" xlink:label="loc_dnb-crd_x1001" />
    <link:definitionArc xlink:type="arc" xlink:arcrole="http://xbrl.org/int/dim/arcrole/domain-member" xlink:from="loc_eba_PC" xlink:to="loc_dnb-crd_x1001" order="2" />
    <link:loc xlink:type="locator" xlink:href="mem.xsd#dnb-crd_x1002" xlink:label="loc_dnb-crd_x1002" />
    <link:definitionArc xlink:type="arc" xlink:arcrole="http://xbrl.org/int/dim/arcrole/domain-member" xlink:from="loc_eba_PC" xlink:to="loc_dnb-crd_x1002" order="3" />
    <link:loc xlink:type="locator" xlink:href="mem.xsd#dnb-crd_x1003" xlink:label="loc_dnb-crd_x1003" />
    <link:definitionArc xlink:type="arc" xlink:arcrole="http://xbrl.org/int/dim/arcrole/domain-member" xlink:from="loc_eba_PC" xlink:to="loc_dnb-crd_x1003" order="4" />
  </link:definitionLink>
</link:linkbase>