﻿<?xml version="1.0" encoding="utf-8"?>
<!--© DNB-->
<link:linkbase xmlns:xsi="http://www.w3.org/2001/XMLSchema-instance" xmlns:xlink="http://www.w3.org/1999/xlink" xmlns:link="http://www.xbrl.org/2003/linkbase" xmlns:gen="http://xbrl.org/2008/generic" xmlns:label="http://xbrl.org/2008/label" xsi:schemaLocation="http://www.xbrl.org/2003/linkbase http://www.xbrl.org/2003/xbrl-linkbase-2003-12-31.xsd http://xbrl.org/2008/generic http://www.xbrl.org/2008/generic-link.xsd http://xbrl.org/2008/label http://www.xbrl.org/2008/generic-label.xsd">
  <link:arcroleRef arcroleURI="http://xbrl.org/arcrole/2008/element-label" xlink:type="simple" xlink:href="http://www.xbrl.org/2008/generic-label.xsd#element-label" />
  <link:roleRef roleURI="http://www.eurofiling.info/xbrl/role/filing-indicator-code" xlink:type="simple" xlink:href="http://www.eurofiling.info/eu/fr/xbrl/ext/model.xsd#filing-indicator-code" />
  <link:roleRef roleURI="http://www.eurofiling.info/xbrl/role/rc-code" xlink:type="simple" xlink:href="http://www.eurofiling.info/eu/fr/xbrl/ext/model.xsd#rc-code" />
  <gen:link xlink:type="extended" xlink:role="http://www.xbrl.org/2003/role/link">
    <link:loc xlink:type="locator" xlink:href="f_01.01-rend.xml#dnb-crd_tF_01.01" xlink:label="loc_dnb-crd_tF_01.01" />
    <label:label xlink:type="resource" xlink:label="label_dnb-crd_tF_01.01" xml:lang="en" xlink:role="http://www.eurofiling.info/xbrl/role/rc-code">F 01.01</label:label>
    <gen:arc xlink:type="arc" xlink:arcrole="http://xbrl.org/arcrole/2008/element-label" xlink:from="loc_dnb-crd_tF_01.01" xlink:to="label_dnb-crd_tF_01.01" />
    <link:loc xlink:type="locator" xlink:href="f_01.01-rend.xml#dnb-crd_c41632" xlink:label="loc_dnb-crd_c41632" />
    <label:label xlink:type="resource" xlink:label="label_dnb-crd_c41632" xml:lang="en" xlink:role="http://www.eurofiling.info/xbrl/role/rc-code">010</label:label>
    <gen:arc xlink:type="arc" xlink:arcrole="http://xbrl.org/arcrole/2008/element-label" xlink:from="loc_dnb-crd_c41632" xlink:to="label_dnb-crd_c41632" />
    <link:loc xlink:type="locator" xlink:href="f_01.01-rend.xml#dnb-crd_c41633" xlink:label="loc_dnb-crd_c41633" />
    <label:label xlink:type="resource" xlink:label="label_dnb-crd_c41633" xml:lang="en" xlink:role="http://www.eurofiling.info/xbrl/role/rc-code">010</label:label>
    <gen:arc xlink:type="arc" xlink:arcrole="http://xbrl.org/arcrole/2008/element-label" xlink:from="loc_dnb-crd_c41633" xlink:to="label_dnb-crd_c41633" />
    <link:loc xlink:type="locator" xlink:href="f_01.01-rend.xml#dnb-crd_c41634" xlink:label="loc_dnb-crd_c41634" />
    <label:label xlink:type="resource" xlink:label="label_dnb-crd_c41634" xml:lang="en" xlink:role="http://www.eurofiling.info/xbrl/role/rc-code">020</label:label>
    <gen:arc xlink:type="arc" xlink:arcrole="http://xbrl.org/arcrole/2008/element-label" xlink:from="loc_dnb-crd_c41634" xlink:to="label_dnb-crd_c41634" />
    <link:loc xlink:type="locator" xlink:href="f_01.01-rend.xml#dnb-crd_c41635" xlink:label="loc_dnb-crd_c41635" />
    <label:label xlink:type="resource" xlink:label="label_dnb-crd_c41635" xml:lang="en" xlink:role="http://www.eurofiling.info/xbrl/role/rc-code">030</label:label>
    <gen:arc xlink:type="arc" xlink:arcrole="http://xbrl.org/arcrole/2008/element-label" xlink:from="loc_dnb-crd_c41635" xlink:to="label_dnb-crd_c41635" />
    <link:loc xlink:type="locator" xlink:href="f_01.01-rend.xml#dnb-crd_c41636" xlink:label="loc_dnb-crd_c41636" />
    <label:label xlink:type="resource" xlink:label="label_dnb-crd_c41636" xml:lang="en" xlink:role="http://www.eurofiling.info/xbrl/role/rc-code">040</label:label>
    <gen:arc xlink:type="arc" xlink:arcrole="http://xbrl.org/arcrole/2008/element-label" xlink:from="loc_dnb-crd_c41636" xlink:to="label_dnb-crd_c41636" />
    <link:loc xlink:type="locator" xlink:href="f_01.01-rend.xml#dnb-crd_c41707" xlink:label="loc_dnb-crd_c41707" />
    <label:label xlink:type="resource" xlink:label="label_dnb-crd_c41707" xml:lang="en" xlink:role="http://www.eurofiling.info/xbrl/role/rc-code">041</label:label>
    <gen:arc xlink:type="arc" xlink:arcrole="http://xbrl.org/arcrole/2008/element-label" xlink:from="loc_dnb-crd_c41707" xlink:to="label_dnb-crd_c41707" />
    <link:loc xlink:type="locator" xlink:href="f_01.01-rend.xml#dnb-crd_c41637" xlink:label="loc_dnb-crd_c41637" />
    <label:label xlink:type="resource" xlink:label="label_dnb-crd_c41637" xml:lang="en" xlink:role="http://www.eurofiling.info/xbrl/role/rc-code">050</label:label>
    <gen:arc xlink:type="arc" xlink:arcrole="http://xbrl.org/arcrole/2008/element-label" xlink:from="loc_dnb-crd_c41637" xlink:to="label_dnb-crd_c41637" />
    <link:loc xlink:type="locator" xlink:href="f_01.01-rend.xml#dnb-crd_c41638" xlink:label="loc_dnb-crd_c41638" />
    <label:label xlink:type="resource" xlink:label="label_dnb-crd_c41638" xml:lang="en" xlink:role="http://www.eurofiling.info/xbrl/role/rc-code">060</label:label>
    <gen:arc xlink:type="arc" xlink:arcrole="http://xbrl.org/arcrole/2008/element-label" xlink:from="loc_dnb-crd_c41638" xlink:to="label_dnb-crd_c41638" />
    <link:loc xlink:type="locator" xlink:href="f_01.01-rend.xml#dnb-crd_c41639" xlink:label="loc_dnb-crd_c41639" />
    <label:label xlink:type="resource" xlink:label="label_dnb-crd_c41639" xml:lang="en" xlink:role="http://www.eurofiling.info/xbrl/role/rc-code">070</label:label>
    <gen:arc xlink:type="arc" xlink:arcrole="http://xbrl.org/arcrole/2008/element-label" xlink:from="loc_dnb-crd_c41639" xlink:to="label_dnb-crd_c41639" />
    <link:loc xlink:type="locator" xlink:href="f_01.01-rend.xml#dnb-crd_c41640" xlink:label="loc_dnb-crd_c41640" />
    <label:label xlink:type="resource" xlink:label="label_dnb-crd_c41640" xml:lang="en" xlink:role="http://www.eurofiling.info/xbrl/role/rc-code">080</label:label>
    <gen:arc xlink:type="arc" xlink:arcrole="http://xbrl.org/arcrole/2008/element-label" xlink:from="loc_dnb-crd_c41640" xlink:to="label_dnb-crd_c41640" />
    <link:loc xlink:type="locator" xlink:href="f_01.01-rend.xml#dnb-crd_c41641" xlink:label="loc_dnb-crd_c41641" />
    <label:label xlink:type="resource" xlink:label="label_dnb-crd_c41641" xml:lang="en" xlink:role="http://www.eurofiling.info/xbrl/role/rc-code">090</label:label>
    <gen:arc xlink:type="arc" xlink:arcrole="http://xbrl.org/arcrole/2008/element-label" xlink:from="loc_dnb-crd_c41641" xlink:to="label_dnb-crd_c41641" />
    <link:loc xlink:type="locator" xlink:href="f_01.01-rend.xml#dnb-crd_c41642" xlink:label="loc_dnb-crd_c41642" />
    <label:label xlink:type="resource" xlink:label="label_dnb-crd_c41642" xml:lang="en" xlink:role="http://www.eurofiling.info/xbrl/role/rc-code">091</label:label>
    <gen:arc xlink:type="arc" xlink:arcrole="http://xbrl.org/arcrole/2008/element-label" xlink:from="loc_dnb-crd_c41642" xlink:to="label_dnb-crd_c41642" />
    <link:loc xlink:type="locator" xlink:href="f_01.01-rend.xml#dnb-crd_c41643" xlink:label="loc_dnb-crd_c41643" />
    <label:label xlink:type="resource" xlink:label="label_dnb-crd_c41643" xml:lang="en" xlink:role="http://www.eurofiling.info/xbrl/role/rc-code">092</label:label>
    <gen:arc xlink:type="arc" xlink:arcrole="http://xbrl.org/arcrole/2008/element-label" xlink:from="loc_dnb-crd_c41643" xlink:to="label_dnb-crd_c41643" />
    <link:loc xlink:type="locator" xlink:href="f_01.01-rend.xml#dnb-crd_c41644" xlink:label="loc_dnb-crd_c41644" />
    <label:label xlink:type="resource" xlink:label="label_dnb-crd_c41644" xml:lang="en" xlink:role="http://www.eurofiling.info/xbrl/role/rc-code">093</label:label>
    <gen:arc xlink:type="arc" xlink:arcrole="http://xbrl.org/arcrole/2008/element-label" xlink:from="loc_dnb-crd_c41644" xlink:to="label_dnb-crd_c41644" />
    <link:loc xlink:type="locator" xlink:href="f_01.01-rend.xml#dnb-crd_c41645" xlink:label="loc_dnb-crd_c41645" />
    <label:label xlink:type="resource" xlink:label="label_dnb-crd_c41645" xml:lang="en" xlink:role="http://www.eurofiling.info/xbrl/role/rc-code">094</label:label>
    <gen:arc xlink:type="arc" xlink:arcrole="http://xbrl.org/arcrole/2008/element-label" xlink:from="loc_dnb-crd_c41645" xlink:to="label_dnb-crd_c41645" />
    <link:loc xlink:type="locator" xlink:href="f_01.01-rend.xml#dnb-crd_c41646" xlink:label="loc_dnb-crd_c41646" />
    <label:label xlink:type="resource" xlink:label="label_dnb-crd_c41646" xml:lang="en" xlink:role="http://www.eurofiling.info/xbrl/role/rc-code">095</label:label>
    <gen:arc xlink:type="arc" xlink:arcrole="http://xbrl.org/arcrole/2008/element-label" xlink:from="loc_dnb-crd_c41646" xlink:to="label_dnb-crd_c41646" />
    <link:loc xlink:type="locator" xlink:href="f_01.01-rend.xml#dnb-crd_c41693" xlink:label="loc_dnb-crd_c41693" />
    <label:label xlink:type="resource" xlink:label="label_dnb-crd_c41693" xml:lang="en" xlink:role="http://www.eurofiling.info/xbrl/role/rc-code">095.1</label:label>
    <gen:arc xlink:type="arc" xlink:arcrole="http://xbrl.org/arcrole/2008/element-label" xlink:from="loc_dnb-crd_c41693" xlink:to="label_dnb-crd_c41693" />
    <link:loc xlink:type="locator" xlink:href="f_01.01-rend.xml#dnb-crd_c41694" xlink:label="loc_dnb-crd_c41694" />
    <label:label xlink:type="resource" xlink:label="label_dnb-crd_c41694" xml:lang="en" xlink:role="http://www.eurofiling.info/xbrl/role/rc-code">095.2</label:label>
    <gen:arc xlink:type="arc" xlink:arcrole="http://xbrl.org/arcrole/2008/element-label" xlink:from="loc_dnb-crd_c41694" xlink:to="label_dnb-crd_c41694" />
    <link:loc xlink:type="locator" xlink:href="f_01.01-rend.xml#dnb-crd_c41647" xlink:label="loc_dnb-crd_c41647" />
    <label:label xlink:type="resource" xlink:label="label_dnb-crd_c41647" xml:lang="en" xlink:role="http://www.eurofiling.info/xbrl/role/rc-code">100</label:label>
    <gen:arc xlink:type="arc" xlink:arcrole="http://xbrl.org/arcrole/2008/element-label" xlink:from="loc_dnb-crd_c41647" xlink:to="label_dnb-crd_c41647" />
    <link:loc xlink:type="locator" xlink:href="f_01.01-rend.xml#dnb-crd_c41648" xlink:label="loc_dnb-crd_c41648" />
    <label:label xlink:type="resource" xlink:label="label_dnb-crd_c41648" xml:lang="en" xlink:role="http://www.eurofiling.info/xbrl/role/rc-code">110</label:label>
    <gen:arc xlink:type="arc" xlink:arcrole="http://xbrl.org/arcrole/2008/element-label" xlink:from="loc_dnb-crd_c41648" xlink:to="label_dnb-crd_c41648" />
    <link:loc xlink:type="locator" xlink:href="f_01.01-rend.xml#dnb-crd_c41649" xlink:label="loc_dnb-crd_c41649" />
    <label:label xlink:type="resource" xlink:label="label_dnb-crd_c41649" xml:lang="en" xlink:role="http://www.eurofiling.info/xbrl/role/rc-code">120</label:label>
    <gen:arc xlink:type="arc" xlink:arcrole="http://xbrl.org/arcrole/2008/element-label" xlink:from="loc_dnb-crd_c41649" xlink:to="label_dnb-crd_c41649" />
    <link:loc xlink:type="locator" xlink:href="f_01.01-rend.xml#dnb-crd_c41650" xlink:label="loc_dnb-crd_c41650" />
    <label:label xlink:type="resource" xlink:label="label_dnb-crd_c41650" xml:lang="en" xlink:role="http://www.eurofiling.info/xbrl/role/rc-code">130</label:label>
    <gen:arc xlink:type="arc" xlink:arcrole="http://xbrl.org/arcrole/2008/element-label" xlink:from="loc_dnb-crd_c41650" xlink:to="label_dnb-crd_c41650" />
    <link:loc xlink:type="locator" xlink:href="f_01.01-rend.xml#dnb-crd_c41651" xlink:label="loc_dnb-crd_c41651" />
    <label:label xlink:type="resource" xlink:label="label_dnb-crd_c41651" xml:lang="en" xlink:role="http://www.eurofiling.info/xbrl/role/rc-code">140</label:label>
    <gen:arc xlink:type="arc" xlink:arcrole="http://xbrl.org/arcrole/2008/element-label" xlink:from="loc_dnb-crd_c41651" xlink:to="label_dnb-crd_c41651" />
    <link:loc xlink:type="locator" xlink:href="f_01.01-rend.xml#dnb-crd_c41652" xlink:label="loc_dnb-crd_c41652" />
    <label:label xlink:type="resource" xlink:label="label_dnb-crd_c41652" xml:lang="en" xlink:role="http://www.eurofiling.info/xbrl/role/rc-code">150</label:label>
    <gen:arc xlink:type="arc" xlink:arcrole="http://xbrl.org/arcrole/2008/element-label" xlink:from="loc_dnb-crd_c41652" xlink:to="label_dnb-crd_c41652" />
    <link:loc xlink:type="locator" xlink:href="f_01.01-rend.xml#dnb-crd_c41653" xlink:label="loc_dnb-crd_c41653" />
    <label:label xlink:type="resource" xlink:label="label_dnb-crd_c41653" xml:lang="en" xlink:role="http://www.eurofiling.info/xbrl/role/rc-code">160</label:label>
    <gen:arc xlink:type="arc" xlink:arcrole="http://xbrl.org/arcrole/2008/element-label" xlink:from="loc_dnb-crd_c41653" xlink:to="label_dnb-crd_c41653" />
    <link:loc xlink:type="locator" xlink:href="f_01.01-rend.xml#dnb-crd_c41654" xlink:label="loc_dnb-crd_c41654" />
    <label:label xlink:type="resource" xlink:label="label_dnb-crd_c41654" xml:lang="en" xlink:role="http://www.eurofiling.info/xbrl/role/rc-code">170</label:label>
    <gen:arc xlink:type="arc" xlink:arcrole="http://xbrl.org/arcrole/2008/element-label" xlink:from="loc_dnb-crd_c41654" xlink:to="label_dnb-crd_c41654" />
    <link:loc xlink:type="locator" xlink:href="f_01.01-rend.xml#dnb-crd_c41655" xlink:label="loc_dnb-crd_c41655" />
    <label:label xlink:type="resource" xlink:label="label_dnb-crd_c41655" xml:lang="en" xlink:role="http://www.eurofiling.info/xbrl/role/rc-code">171</label:label>
    <gen:arc xlink:type="arc" xlink:arcrole="http://xbrl.org/arcrole/2008/element-label" xlink:from="loc_dnb-crd_c41655" xlink:to="label_dnb-crd_c41655" />
    <link:loc xlink:type="locator" xlink:href="f_01.01-rend.xml#dnb-crd_c41656" xlink:label="loc_dnb-crd_c41656" />
    <label:label xlink:type="resource" xlink:label="label_dnb-crd_c41656" xml:lang="en" xlink:role="http://www.eurofiling.info/xbrl/role/rc-code">172</label:label>
    <gen:arc xlink:type="arc" xlink:arcrole="http://xbrl.org/arcrole/2008/element-label" xlink:from="loc_dnb-crd_c41656" xlink:to="label_dnb-crd_c41656" />
    <link:loc xlink:type="locator" xlink:href="f_01.01-rend.xml#dnb-crd_c41657" xlink:label="loc_dnb-crd_c41657" />
    <label:label xlink:type="resource" xlink:label="label_dnb-crd_c41657" xml:lang="en" xlink:role="http://www.eurofiling.info/xbrl/role/rc-code">173</label:label>
    <gen:arc xlink:type="arc" xlink:arcrole="http://xbrl.org/arcrole/2008/element-label" xlink:from="loc_dnb-crd_c41657" xlink:to="label_dnb-crd_c41657" />
    <link:loc xlink:type="locator" xlink:href="f_01.01-rend.xml#dnb-crd_c41658" xlink:label="loc_dnb-crd_c41658" />
    <label:label xlink:type="resource" xlink:label="label_dnb-crd_c41658" xml:lang="en" xlink:role="http://www.eurofiling.info/xbrl/role/rc-code">174</label:label>
    <gen:arc xlink:type="arc" xlink:arcrole="http://xbrl.org/arcrole/2008/element-label" xlink:from="loc_dnb-crd_c41658" xlink:to="label_dnb-crd_c41658" />
    <link:loc xlink:type="locator" xlink:href="f_01.01-rend.xml#dnb-crd_c41695" xlink:label="loc_dnb-crd_c41695" />
    <label:label xlink:type="resource" xlink:label="label_dnb-crd_c41695" xml:lang="en" xlink:role="http://www.eurofiling.info/xbrl/role/rc-code">174.1</label:label>
    <gen:arc xlink:type="arc" xlink:arcrole="http://xbrl.org/arcrole/2008/element-label" xlink:from="loc_dnb-crd_c41695" xlink:to="label_dnb-crd_c41695" />
    <link:loc xlink:type="locator" xlink:href="f_01.01-rend.xml#dnb-crd_c41696" xlink:label="loc_dnb-crd_c41696" />
    <label:label xlink:type="resource" xlink:label="label_dnb-crd_c41696" xml:lang="en" xlink:role="http://www.eurofiling.info/xbrl/role/rc-code">174.2</label:label>
    <gen:arc xlink:type="arc" xlink:arcrole="http://xbrl.org/arcrole/2008/element-label" xlink:from="loc_dnb-crd_c41696" xlink:to="label_dnb-crd_c41696" />
    <link:loc xlink:type="locator" xlink:href="f_01.01-rend.xml#dnb-crd_c41659" xlink:label="loc_dnb-crd_c41659" />
    <label:label xlink:type="resource" xlink:label="label_dnb-crd_c41659" xml:lang="en" xlink:role="http://www.eurofiling.info/xbrl/role/rc-code">175</label:label>
    <gen:arc xlink:type="arc" xlink:arcrole="http://xbrl.org/arcrole/2008/element-label" xlink:from="loc_dnb-crd_c41659" xlink:to="label_dnb-crd_c41659" />
    <link:loc xlink:type="locator" xlink:href="f_01.01-rend.xml#dnb-crd_c41660" xlink:label="loc_dnb-crd_c41660" />
    <label:label xlink:type="resource" xlink:label="label_dnb-crd_c41660" xml:lang="en" xlink:role="http://www.eurofiling.info/xbrl/role/rc-code">176</label:label>
    <gen:arc xlink:type="arc" xlink:arcrole="http://xbrl.org/arcrole/2008/element-label" xlink:from="loc_dnb-crd_c41660" xlink:to="label_dnb-crd_c41660" />
    <link:loc xlink:type="locator" xlink:href="f_01.01-rend.xml#dnb-crd_c41661" xlink:label="loc_dnb-crd_c41661" />
    <label:label xlink:type="resource" xlink:label="label_dnb-crd_c41661" xml:lang="en" xlink:role="http://www.eurofiling.info/xbrl/role/rc-code">177</label:label>
    <gen:arc xlink:type="arc" xlink:arcrole="http://xbrl.org/arcrole/2008/element-label" xlink:from="loc_dnb-crd_c41661" xlink:to="label_dnb-crd_c41661" />
    <link:loc xlink:type="locator" xlink:href="f_01.01-rend.xml#dnb-crd_c41662" xlink:label="loc_dnb-crd_c41662" />
    <label:label xlink:type="resource" xlink:label="label_dnb-crd_c41662" xml:lang="en" xlink:role="http://www.eurofiling.info/xbrl/role/rc-code">178</label:label>
    <gen:arc xlink:type="arc" xlink:arcrole="http://xbrl.org/arcrole/2008/element-label" xlink:from="loc_dnb-crd_c41662" xlink:to="label_dnb-crd_c41662" />
    <link:loc xlink:type="locator" xlink:href="f_01.01-rend.xml#dnb-crd_c41697" xlink:label="loc_dnb-crd_c41697" />
    <label:label xlink:type="resource" xlink:label="label_dnb-crd_c41697" xml:lang="en" xlink:role="http://www.eurofiling.info/xbrl/role/rc-code">178.1</label:label>
    <gen:arc xlink:type="arc" xlink:arcrole="http://xbrl.org/arcrole/2008/element-label" xlink:from="loc_dnb-crd_c41697" xlink:to="label_dnb-crd_c41697" />
    <link:loc xlink:type="locator" xlink:href="f_01.01-rend.xml#dnb-crd_c41698" xlink:label="loc_dnb-crd_c41698" />
    <label:label xlink:type="resource" xlink:label="label_dnb-crd_c41698" xml:lang="en" xlink:role="http://www.eurofiling.info/xbrl/role/rc-code">178.2</label:label>
    <gen:arc xlink:type="arc" xlink:arcrole="http://xbrl.org/arcrole/2008/element-label" xlink:from="loc_dnb-crd_c41698" xlink:to="label_dnb-crd_c41698" />
    <link:loc xlink:type="locator" xlink:href="f_01.01-rend.xml#dnb-crd_c41663" xlink:label="loc_dnb-crd_c41663" />
    <label:label xlink:type="resource" xlink:label="label_dnb-crd_c41663" xml:lang="en" xlink:role="http://www.eurofiling.info/xbrl/role/rc-code">180</label:label>
    <gen:arc xlink:type="arc" xlink:arcrole="http://xbrl.org/arcrole/2008/element-label" xlink:from="loc_dnb-crd_c41663" xlink:to="label_dnb-crd_c41663" />
    <link:loc xlink:type="locator" xlink:href="f_01.01-rend.xml#dnb-crd_c41664" xlink:label="loc_dnb-crd_c41664" />
    <label:label xlink:type="resource" xlink:label="label_dnb-crd_c41664" xml:lang="en" xlink:role="http://www.eurofiling.info/xbrl/role/rc-code">190</label:label>
    <gen:arc xlink:type="arc" xlink:arcrole="http://xbrl.org/arcrole/2008/element-label" xlink:from="loc_dnb-crd_c41664" xlink:to="label_dnb-crd_c41664" />
    <link:loc xlink:type="locator" xlink:href="f_01.01-rend.xml#dnb-crd_c41665" xlink:label="loc_dnb-crd_c41665" />
    <label:label xlink:type="resource" xlink:label="label_dnb-crd_c41665" xml:lang="en" xlink:role="http://www.eurofiling.info/xbrl/role/rc-code">200</label:label>
    <gen:arc xlink:type="arc" xlink:arcrole="http://xbrl.org/arcrole/2008/element-label" xlink:from="loc_dnb-crd_c41665" xlink:to="label_dnb-crd_c41665" />
    <link:loc xlink:type="locator" xlink:href="f_01.01-rend.xml#dnb-crd_c41666" xlink:label="loc_dnb-crd_c41666" />
    <label:label xlink:type="resource" xlink:label="label_dnb-crd_c41666" xml:lang="en" xlink:role="http://www.eurofiling.info/xbrl/role/rc-code">210</label:label>
    <gen:arc xlink:type="arc" xlink:arcrole="http://xbrl.org/arcrole/2008/element-label" xlink:from="loc_dnb-crd_c41666" xlink:to="label_dnb-crd_c41666" />
    <link:loc xlink:type="locator" xlink:href="f_01.01-rend.xml#dnb-crd_c41667" xlink:label="loc_dnb-crd_c41667" />
    <label:label xlink:type="resource" xlink:label="label_dnb-crd_c41667" xml:lang="en" xlink:role="http://www.eurofiling.info/xbrl/role/rc-code">220</label:label>
    <gen:arc xlink:type="arc" xlink:arcrole="http://xbrl.org/arcrole/2008/element-label" xlink:from="loc_dnb-crd_c41667" xlink:to="label_dnb-crd_c41667" />
    <link:loc xlink:type="locator" xlink:href="f_01.01-rend.xml#dnb-crd_c41668" xlink:label="loc_dnb-crd_c41668" />
    <label:label xlink:type="resource" xlink:label="label_dnb-crd_c41668" xml:lang="en" xlink:role="http://www.eurofiling.info/xbrl/role/rc-code">230</label:label>
    <gen:arc xlink:type="arc" xlink:arcrole="http://xbrl.org/arcrole/2008/element-label" xlink:from="loc_dnb-crd_c41668" xlink:to="label_dnb-crd_c41668" />
    <link:loc xlink:type="locator" xlink:href="f_01.01-rend.xml#dnb-crd_c41669" xlink:label="loc_dnb-crd_c41669" />
    <label:label xlink:type="resource" xlink:label="label_dnb-crd_c41669" xml:lang="en" xlink:role="http://www.eurofiling.info/xbrl/role/rc-code">231</label:label>
    <gen:arc xlink:type="arc" xlink:arcrole="http://xbrl.org/arcrole/2008/element-label" xlink:from="loc_dnb-crd_c41669" xlink:to="label_dnb-crd_c41669" />
    <link:loc xlink:type="locator" xlink:href="f_01.01-rend.xml#dnb-crd_c41670" xlink:label="loc_dnb-crd_c41670" />
    <label:label xlink:type="resource" xlink:label="label_dnb-crd_c41670" xml:lang="en" xlink:role="http://www.eurofiling.info/xbrl/role/rc-code">232</label:label>
    <gen:arc xlink:type="arc" xlink:arcrole="http://xbrl.org/arcrole/2008/element-label" xlink:from="loc_dnb-crd_c41670" xlink:to="label_dnb-crd_c41670" />
    <link:loc xlink:type="locator" xlink:href="f_01.01-rend.xml#dnb-crd_c41671" xlink:label="loc_dnb-crd_c41671" />
    <label:label xlink:type="resource" xlink:label="label_dnb-crd_c41671" xml:lang="en" xlink:role="http://www.eurofiling.info/xbrl/role/rc-code">233</label:label>
    <gen:arc xlink:type="arc" xlink:arcrole="http://xbrl.org/arcrole/2008/element-label" xlink:from="loc_dnb-crd_c41671" xlink:to="label_dnb-crd_c41671" />
    <link:loc xlink:type="locator" xlink:href="f_01.01-rend.xml#dnb-crd_c41699" xlink:label="loc_dnb-crd_c41699" />
    <label:label xlink:type="resource" xlink:label="label_dnb-crd_c41699" xml:lang="en" xlink:role="http://www.eurofiling.info/xbrl/role/rc-code">233.1</label:label>
    <gen:arc xlink:type="arc" xlink:arcrole="http://xbrl.org/arcrole/2008/element-label" xlink:from="loc_dnb-crd_c41699" xlink:to="label_dnb-crd_c41699" />
    <link:loc xlink:type="locator" xlink:href="f_01.01-rend.xml#dnb-crd_c41700" xlink:label="loc_dnb-crd_c41700" />
    <label:label xlink:type="resource" xlink:label="label_dnb-crd_c41700" xml:lang="en" xlink:role="http://www.eurofiling.info/xbrl/role/rc-code">233.2</label:label>
    <gen:arc xlink:type="arc" xlink:arcrole="http://xbrl.org/arcrole/2008/element-label" xlink:from="loc_dnb-crd_c41700" xlink:to="label_dnb-crd_c41700" />
    <link:loc xlink:type="locator" xlink:href="f_01.01-rend.xml#dnb-crd_c41672" xlink:label="loc_dnb-crd_c41672" />
    <label:label xlink:type="resource" xlink:label="label_dnb-crd_c41672" xml:lang="en" xlink:role="http://www.eurofiling.info/xbrl/role/rc-code">234</label:label>
    <gen:arc xlink:type="arc" xlink:arcrole="http://xbrl.org/arcrole/2008/element-label" xlink:from="loc_dnb-crd_c41672" xlink:to="label_dnb-crd_c41672" />
    <link:loc xlink:type="locator" xlink:href="f_01.01-rend.xml#dnb-crd_c41673" xlink:label="loc_dnb-crd_c41673" />
    <label:label xlink:type="resource" xlink:label="label_dnb-crd_c41673" xml:lang="en" xlink:role="http://www.eurofiling.info/xbrl/role/rc-code">235</label:label>
    <gen:arc xlink:type="arc" xlink:arcrole="http://xbrl.org/arcrole/2008/element-label" xlink:from="loc_dnb-crd_c41673" xlink:to="label_dnb-crd_c41673" />
    <link:loc xlink:type="locator" xlink:href="f_01.01-rend.xml#dnb-crd_c41674" xlink:label="loc_dnb-crd_c41674" />
    <label:label xlink:type="resource" xlink:label="label_dnb-crd_c41674" xml:lang="en" xlink:role="http://www.eurofiling.info/xbrl/role/rc-code">236</label:label>
    <gen:arc xlink:type="arc" xlink:arcrole="http://xbrl.org/arcrole/2008/element-label" xlink:from="loc_dnb-crd_c41674" xlink:to="label_dnb-crd_c41674" />
    <link:loc xlink:type="locator" xlink:href="f_01.01-rend.xml#dnb-crd_c41675" xlink:label="loc_dnb-crd_c41675" />
    <label:label xlink:type="resource" xlink:label="label_dnb-crd_c41675" xml:lang="en" xlink:role="http://www.eurofiling.info/xbrl/role/rc-code">237</label:label>
    <gen:arc xlink:type="arc" xlink:arcrole="http://xbrl.org/arcrole/2008/element-label" xlink:from="loc_dnb-crd_c41675" xlink:to="label_dnb-crd_c41675" />
    <link:loc xlink:type="locator" xlink:href="f_01.01-rend.xml#dnb-crd_c41701" xlink:label="loc_dnb-crd_c41701" />
    <label:label xlink:type="resource" xlink:label="label_dnb-crd_c41701" xml:lang="en" xlink:role="http://www.eurofiling.info/xbrl/role/rc-code">237.1</label:label>
    <gen:arc xlink:type="arc" xlink:arcrole="http://xbrl.org/arcrole/2008/element-label" xlink:from="loc_dnb-crd_c41701" xlink:to="label_dnb-crd_c41701" />
    <link:loc xlink:type="locator" xlink:href="f_01.01-rend.xml#dnb-crd_c41702" xlink:label="loc_dnb-crd_c41702" />
    <label:label xlink:type="resource" xlink:label="label_dnb-crd_c41702" xml:lang="en" xlink:role="http://www.eurofiling.info/xbrl/role/rc-code">237.2</label:label>
    <gen:arc xlink:type="arc" xlink:arcrole="http://xbrl.org/arcrole/2008/element-label" xlink:from="loc_dnb-crd_c41702" xlink:to="label_dnb-crd_c41702" />
    <link:loc xlink:type="locator" xlink:href="f_01.01-rend.xml#dnb-crd_c41703" xlink:label="loc_dnb-crd_c41703" />
    <label:label xlink:type="resource" xlink:label="label_dnb-crd_c41703" xml:lang="en" xlink:role="http://www.eurofiling.info/xbrl/role/rc-code">237.21</label:label>
    <gen:arc xlink:type="arc" xlink:arcrole="http://xbrl.org/arcrole/2008/element-label" xlink:from="loc_dnb-crd_c41703" xlink:to="label_dnb-crd_c41703" />
    <link:loc xlink:type="locator" xlink:href="f_01.01-rend.xml#dnb-crd_c41704" xlink:label="loc_dnb-crd_c41704" />
    <label:label xlink:type="resource" xlink:label="label_dnb-crd_c41704" xml:lang="en" xlink:role="http://www.eurofiling.info/xbrl/role/rc-code">237.22</label:label>
    <gen:arc xlink:type="arc" xlink:arcrole="http://xbrl.org/arcrole/2008/element-label" xlink:from="loc_dnb-crd_c41704" xlink:to="label_dnb-crd_c41704" />
    <link:loc xlink:type="locator" xlink:href="f_01.01-rend.xml#dnb-crd_c41676" xlink:label="loc_dnb-crd_c41676" />
    <label:label xlink:type="resource" xlink:label="label_dnb-crd_c41676" xml:lang="en" xlink:role="http://www.eurofiling.info/xbrl/role/rc-code">240</label:label>
    <gen:arc xlink:type="arc" xlink:arcrole="http://xbrl.org/arcrole/2008/element-label" xlink:from="loc_dnb-crd_c41676" xlink:to="label_dnb-crd_c41676" />
    <link:loc xlink:type="locator" xlink:href="f_01.01-rend.xml#dnb-crd_c41677" xlink:label="loc_dnb-crd_c41677" />
    <label:label xlink:type="resource" xlink:label="label_dnb-crd_c41677" xml:lang="en" xlink:role="http://www.eurofiling.info/xbrl/role/rc-code">250</label:label>
    <gen:arc xlink:type="arc" xlink:arcrole="http://xbrl.org/arcrole/2008/element-label" xlink:from="loc_dnb-crd_c41677" xlink:to="label_dnb-crd_c41677" />
    <link:loc xlink:type="locator" xlink:href="f_01.01-rend.xml#dnb-crd_c41678" xlink:label="loc_dnb-crd_c41678" />
    <label:label xlink:type="resource" xlink:label="label_dnb-crd_c41678" xml:lang="en" xlink:role="http://www.eurofiling.info/xbrl/role/rc-code">260</label:label>
    <gen:arc xlink:type="arc" xlink:arcrole="http://xbrl.org/arcrole/2008/element-label" xlink:from="loc_dnb-crd_c41678" xlink:to="label_dnb-crd_c41678" />
    <link:loc xlink:type="locator" xlink:href="f_01.01-rend.xml#dnb-crd_c41705" xlink:label="loc_dnb-crd_c41705" />
    <label:label xlink:type="resource" xlink:label="label_dnb-crd_c41705" xml:lang="en" xlink:role="http://www.eurofiling.info/xbrl/role/rc-code">260.1</label:label>
    <gen:arc xlink:type="arc" xlink:arcrole="http://xbrl.org/arcrole/2008/element-label" xlink:from="loc_dnb-crd_c41705" xlink:to="label_dnb-crd_c41705" />
    <link:loc xlink:type="locator" xlink:href="f_01.01-rend.xml#dnb-crd_c41706" xlink:label="loc_dnb-crd_c41706" />
    <label:label xlink:type="resource" xlink:label="label_dnb-crd_c41706" xml:lang="en" xlink:role="http://www.eurofiling.info/xbrl/role/rc-code">260.2</label:label>
    <gen:arc xlink:type="arc" xlink:arcrole="http://xbrl.org/arcrole/2008/element-label" xlink:from="loc_dnb-crd_c41706" xlink:to="label_dnb-crd_c41706" />
    <link:loc xlink:type="locator" xlink:href="f_01.01-rend.xml#dnb-crd_c41679" xlink:label="loc_dnb-crd_c41679" />
    <label:label xlink:type="resource" xlink:label="label_dnb-crd_c41679" xml:lang="en" xlink:role="http://www.eurofiling.info/xbrl/role/rc-code">270</label:label>
    <gen:arc xlink:type="arc" xlink:arcrole="http://xbrl.org/arcrole/2008/element-label" xlink:from="loc_dnb-crd_c41679" xlink:to="label_dnb-crd_c41679" />
    <link:loc xlink:type="locator" xlink:href="f_01.01-rend.xml#dnb-crd_c41680" xlink:label="loc_dnb-crd_c41680" />
    <label:label xlink:type="resource" xlink:label="label_dnb-crd_c41680" xml:lang="en" xlink:role="http://www.eurofiling.info/xbrl/role/rc-code">280</label:label>
    <gen:arc xlink:type="arc" xlink:arcrole="http://xbrl.org/arcrole/2008/element-label" xlink:from="loc_dnb-crd_c41680" xlink:to="label_dnb-crd_c41680" />
    <link:loc xlink:type="locator" xlink:href="f_01.01-rend.xml#dnb-crd_c41681" xlink:label="loc_dnb-crd_c41681" />
    <label:label xlink:type="resource" xlink:label="label_dnb-crd_c41681" xml:lang="en" xlink:role="http://www.eurofiling.info/xbrl/role/rc-code">290</label:label>
    <gen:arc xlink:type="arc" xlink:arcrole="http://xbrl.org/arcrole/2008/element-label" xlink:from="loc_dnb-crd_c41681" xlink:to="label_dnb-crd_c41681" />
    <link:loc xlink:type="locator" xlink:href="f_01.01-rend.xml#dnb-crd_c41682" xlink:label="loc_dnb-crd_c41682" />
    <label:label xlink:type="resource" xlink:label="label_dnb-crd_c41682" xml:lang="en" xlink:role="http://www.eurofiling.info/xbrl/role/rc-code">300</label:label>
    <gen:arc xlink:type="arc" xlink:arcrole="http://xbrl.org/arcrole/2008/element-label" xlink:from="loc_dnb-crd_c41682" xlink:to="label_dnb-crd_c41682" />
    <link:loc xlink:type="locator" xlink:href="f_01.01-rend.xml#dnb-crd_c41683" xlink:label="loc_dnb-crd_c41683" />
    <label:label xlink:type="resource" xlink:label="label_dnb-crd_c41683" xml:lang="en" xlink:role="http://www.eurofiling.info/xbrl/role/rc-code">310</label:label>
    <gen:arc xlink:type="arc" xlink:arcrole="http://xbrl.org/arcrole/2008/element-label" xlink:from="loc_dnb-crd_c41683" xlink:to="label_dnb-crd_c41683" />
    <link:loc xlink:type="locator" xlink:href="f_01.01-rend.xml#dnb-crd_c41684" xlink:label="loc_dnb-crd_c41684" />
    <label:label xlink:type="resource" xlink:label="label_dnb-crd_c41684" xml:lang="en" xlink:role="http://www.eurofiling.info/xbrl/role/rc-code">320</label:label>
    <gen:arc xlink:type="arc" xlink:arcrole="http://xbrl.org/arcrole/2008/element-label" xlink:from="loc_dnb-crd_c41684" xlink:to="label_dnb-crd_c41684" />
    <link:loc xlink:type="locator" xlink:href="f_01.01-rend.xml#dnb-crd_c41685" xlink:label="loc_dnb-crd_c41685" />
    <label:label xlink:type="resource" xlink:label="label_dnb-crd_c41685" xml:lang="en" xlink:role="http://www.eurofiling.info/xbrl/role/rc-code">330</label:label>
    <gen:arc xlink:type="arc" xlink:arcrole="http://xbrl.org/arcrole/2008/element-label" xlink:from="loc_dnb-crd_c41685" xlink:to="label_dnb-crd_c41685" />
    <link:loc xlink:type="locator" xlink:href="f_01.01-rend.xml#dnb-crd_c41686" xlink:label="loc_dnb-crd_c41686" />
    <label:label xlink:type="resource" xlink:label="label_dnb-crd_c41686" xml:lang="en" xlink:role="http://www.eurofiling.info/xbrl/role/rc-code">340</label:label>
    <gen:arc xlink:type="arc" xlink:arcrole="http://xbrl.org/arcrole/2008/element-label" xlink:from="loc_dnb-crd_c41686" xlink:to="label_dnb-crd_c41686" />
    <link:loc xlink:type="locator" xlink:href="f_01.01-rend.xml#dnb-crd_c41687" xlink:label="loc_dnb-crd_c41687" />
    <label:label xlink:type="resource" xlink:label="label_dnb-crd_c41687" xml:lang="en" xlink:role="http://www.eurofiling.info/xbrl/role/rc-code">350</label:label>
    <gen:arc xlink:type="arc" xlink:arcrole="http://xbrl.org/arcrole/2008/element-label" xlink:from="loc_dnb-crd_c41687" xlink:to="label_dnb-crd_c41687" />
    <link:loc xlink:type="locator" xlink:href="f_01.01-rend.xml#dnb-crd_c41688" xlink:label="loc_dnb-crd_c41688" />
    <label:label xlink:type="resource" xlink:label="label_dnb-crd_c41688" xml:lang="en" xlink:role="http://www.eurofiling.info/xbrl/role/rc-code">360</label:label>
    <gen:arc xlink:type="arc" xlink:arcrole="http://xbrl.org/arcrole/2008/element-label" xlink:from="loc_dnb-crd_c41688" xlink:to="label_dnb-crd_c41688" />
    <link:loc xlink:type="locator" xlink:href="f_01.01-rend.xml#dnb-crd_c41689" xlink:label="loc_dnb-crd_c41689" />
    <label:label xlink:type="resource" xlink:label="label_dnb-crd_c41689" xml:lang="en" xlink:role="http://www.eurofiling.info/xbrl/role/rc-code">370</label:label>
    <gen:arc xlink:type="arc" xlink:arcrole="http://xbrl.org/arcrole/2008/element-label" xlink:from="loc_dnb-crd_c41689" xlink:to="label_dnb-crd_c41689" />
    <link:loc xlink:type="locator" xlink:href="f_01.01-rend.xml#dnb-crd_c41690" xlink:label="loc_dnb-crd_c41690" />
    <label:label xlink:type="resource" xlink:label="label_dnb-crd_c41690" xml:lang="en" xlink:role="http://www.eurofiling.info/xbrl/role/rc-code">380</label:label>
    <gen:arc xlink:type="arc" xlink:arcrole="http://xbrl.org/arcrole/2008/element-label" xlink:from="loc_dnb-crd_c41690" xlink:to="label_dnb-crd_c41690" />
    <label:label xlink:type="resource" xlink:label="label_dnb-crd_tF_01.01_1" xml:lang="en" xlink:role="http://www.eurofiling.info/xbrl/role/filing-indicator-code">F_01.01</label:label>
    <gen:arc xlink:type="arc" xlink:arcrole="http://xbrl.org/arcrole/2008/element-label" xlink:from="loc_dnb-crd_tF_01.01" xlink:to="label_dnb-crd_tF_01.01_1" />
  </gen:link>
</link:linkbase>