﻿<?xml version="1.0" encoding="utf-8"?>
<!--© DNB-->
<link:linkbase xmlns:xsi="http://www.w3.org/2001/XMLSchema-instance" xmlns:xlink="http://www.w3.org/1999/xlink" xmlns:link="http://www.xbrl.org/2003/linkbase" xmlns:gen="http://xbrl.org/2008/generic" xmlns:label="http://xbrl.org/2008/label" xmlns:formula="http://xbrl.org/2008/formula" xmlns:df="http://xbrl.org/2008/filter/dimension" xmlns:table="http://xbrl.org/2014/table" xmlns:model="http://www.eurofiling.info/xbrl/ext/model" xmlns:dnbeba_dim="http://www.eba.europa.eu/xbrl/crr/dict/dim" xmlns:dnbeba_BA="http://www.eba.europa.eu/xbrl/crr/dict/dom/BA" xmlns:dnbeba_met="http://www.eba.europa.eu/xbrl/crr/dict/met" xmlns:dnbeba_MC="http://www.eba.europa.eu/xbrl/crr/dict/dom/MC" xmlns:dnbeba_PL="http://www.eba.europa.eu/xbrl/crr/dict/dom/PL" xmlns:dnbeba_CT="http://www.eba.europa.eu/xbrl/crr/dict/dom/CT" xmlns:dnb-crd_dnbeba_CT="http://www.dnb.nl/xbrl/xtn/dict/dom/dnbeba_CT" xmlns:dnb-crd_dnbeba_RP="http://www.dnb.nl/xbrl/xtn/dict/dom/dnbeba_RP" xmlns:dnbeba_TI="http://www.eba.europa.eu/xbrl/crr/dict/dom/TI" xmlns:dnbeba_RP="http://www.eba.europa.eu/xbrl/crr/dict/dom/RP" xsi:schemaLocation="http://www.xbrl.org/2003/linkbase http://www.xbrl.org/2003/xbrl-linkbase-2003-12-31.xsd http://xbrl.org/2008/generic http://www.xbrl.org/2008/generic-link.xsd http://xbrl.org/2008/label http://www.xbrl.org/2008/generic-label.xsd http://xbrl.org/2008/formula http://www.xbrl.org/2008/formula.xsd http://xbrl.org/2008/filter/dimension http://www.xbrl.org/2008/dimension-filter.xsd http://xbrl.org/2014/table http://www.xbrl.org/2014/table.xsd http://www.eurofiling.info/xbrl/ext/model http://www.eurofiling.info/eu/fr/xbrl/ext/model.xsd">
  <link:arcroleRef arcroleURI="http://xbrl.org/arcrole/2014/breakdown-tree" xlink:type="simple" xlink:href="http://www.xbrl.org/2014/table.xsd#breakdown-tree" />
  <link:arcroleRef arcroleURI="http://xbrl.org/arcrole/2014/definition-node-subtree" xlink:type="simple" xlink:href="http://www.xbrl.org/2014/table.xsd#definition-node-subtree" />
  <link:arcroleRef arcroleURI="http://xbrl.org/arcrole/2014/table-breakdown" xlink:type="simple" xlink:href="http://www.xbrl.org/2014/table.xsd#table-breakdown" />
  <link:roleRef roleURI="http://www.dnb.nl/xbrl/xtn/role/fws/FINREP-BO/wft-3-72/2017-11-01/tab/F_01.01" xlink:type="simple" xlink:href="f_01.01.xsd#role" />
  <gen:link xlink:type="extended" xlink:role="http://www.dnb.nl/xbrl/xtn/role/fws/FINREP-BO/wft-3-72/2017-11-01/tab/F_01.01">
    <table:table xlink:type="resource" xlink:label="dnb-crd_tF_01.01" id="dnb-crd_tF_01.01" />
    <table:breakdown xlink:type="resource" xlink:label="dnb-crd_a1" parentChildOrder="parent-first" id="dnb-crd_a1" />
    <table:ruleNode xlink:type="resource" xlink:label="dnb-crd_a1.root" abstract="true" merge="true" id="dnb-crd_a1.root">
      <formula:explicitDimension dimension="dnbeba_dim:BAS">
        <formula:member>
          <formula:qname>dnbeba_BA:x6</formula:qname>
        </formula:member>
      </formula:explicitDimension>
    </table:ruleNode>
    <table:breakdownTreeArc xlink:type="arc" xlink:arcrole="http://xbrl.org/arcrole/2014/breakdown-tree" xlink:from="dnb-crd_a1" xlink:to="dnb-crd_a1.root" order="0" />
    <table:ruleNode xlink:type="resource" xlink:label="dnb-crd_c41632" id="dnb-crd_c41632">
      <formula:concept>
        <formula:qname>dnbeba_met:mi53</formula:qname>
      </formula:concept>
    </table:ruleNode>
    <table:definitionNodeSubtreeArc xlink:type="arc" xlink:arcrole="http://xbrl.org/arcrole/2014/definition-node-subtree" xlink:from="dnb-crd_a1.root" xlink:to="dnb-crd_c41632" order="1" />
    <table:tableBreakdownArc xlink:type="arc" xlink:arcrole="http://xbrl.org/arcrole/2014/table-breakdown" xlink:from="dnb-crd_tF_01.01" xlink:to="dnb-crd_a1" axis="x" order="1" />
    <table:breakdown xlink:type="resource" xlink:label="dnb-crd_a2" parentChildOrder="parent-first" id="dnb-crd_a2" />
    <table:ruleNode xlink:type="resource" xlink:label="dnb-crd_a2.root" abstract="true" merge="true" id="dnb-crd_a2.root" />
    <table:breakdownTreeArc xlink:type="arc" xlink:arcrole="http://xbrl.org/arcrole/2014/breakdown-tree" xlink:from="dnb-crd_a2" xlink:to="dnb-crd_a2.root" order="0" />
    <table:ruleNode xlink:type="resource" xlink:label="dnb-crd_c41633" id="dnb-crd_c41633">
      <formula:explicitDimension dimension="dnbeba_dim:MCY">
        <formula:member>
          <formula:qname>dnbeba_MC:x46</formula:qname>
        </formula:member>
      </formula:explicitDimension>
      <formula:explicitDimension dimension="dnbeba_dim:APL">
        <formula:member>
          <formula:qname>dnbeba_PL:x12</formula:qname>
        </formula:member>
      </formula:explicitDimension>
    </table:ruleNode>
    <table:ruleNode xlink:type="resource" xlink:label="dnb-crd_c41634" id="dnb-crd_c41634">
      <formula:explicitDimension dimension="dnbeba_dim:MCY">
        <formula:member>
          <formula:qname>dnbeba_MC:x44</formula:qname>
        </formula:member>
      </formula:explicitDimension>
    </table:ruleNode>
    <table:definitionNodeSubtreeArc xlink:type="arc" xlink:arcrole="http://xbrl.org/arcrole/2014/definition-node-subtree" xlink:from="dnb-crd_c41633" xlink:to="dnb-crd_c41634" order="1" />
    <table:ruleNode xlink:type="resource" xlink:label="dnb-crd_c41635" id="dnb-crd_c41635">
      <formula:explicitDimension dimension="dnbeba_dim:MCY">
        <formula:member>
          <formula:qname>dnbeba_MC:x227</formula:qname>
        </formula:member>
      </formula:explicitDimension>
      <formula:explicitDimension dimension="dnbeba_dim:CPS">
        <formula:member>
          <formula:qname>dnbeba_CT:x10</formula:qname>
        </formula:member>
      </formula:explicitDimension>
    </table:ruleNode>
    <table:definitionNodeSubtreeArc xlink:type="arc" xlink:arcrole="http://xbrl.org/arcrole/2014/definition-node-subtree" xlink:from="dnb-crd_c41633" xlink:to="dnb-crd_c41635" order="2" />
    <table:ruleNode xlink:type="resource" xlink:label="dnb-crd_c41636" id="dnb-crd_c41636">
      <formula:explicitDimension dimension="dnbeba_dim:MCY">
        <formula:member>
          <formula:qname>dnbeba_MC:x227</formula:qname>
        </formula:member>
      </formula:explicitDimension>
      <formula:explicitDimension dimension="dnbeba_dim:CPS">
        <formula:member>
          <formula:qname>dnbeba_CT:x9</formula:qname>
        </formula:member>
      </formula:explicitDimension>
    </table:ruleNode>
    <table:ruleNode xlink:type="resource" xlink:label="dnb-crd_c41707" id="dnb-crd_c41707">
      <formula:explicitDimension dimension="dnbeba_dim:CPS">
        <formula:member>
          <formula:qname>dnb-crd_dnbeba_CT:x1000</formula:qname>
        </formula:member>
      </formula:explicitDimension>
    </table:ruleNode>
    <table:definitionNodeSubtreeArc xlink:type="arc" xlink:arcrole="http://xbrl.org/arcrole/2014/definition-node-subtree" xlink:from="dnb-crd_c41636" xlink:to="dnb-crd_c41707" order="1" />
    <table:definitionNodeSubtreeArc xlink:type="arc" xlink:arcrole="http://xbrl.org/arcrole/2014/definition-node-subtree" xlink:from="dnb-crd_c41633" xlink:to="dnb-crd_c41636" order="3" />
    <table:definitionNodeSubtreeArc xlink:type="arc" xlink:arcrole="http://xbrl.org/arcrole/2014/definition-node-subtree" xlink:from="dnb-crd_a2.root" xlink:to="dnb-crd_c41633" order="1" />
    <table:ruleNode xlink:type="resource" xlink:label="dnb-crd_c41637" id="dnb-crd_c41637">
      <formula:explicitDimension dimension="dnbeba_dim:MCY">
        <formula:member>
          <formula:qname>dnbeba_MC:x104</formula:qname>
        </formula:member>
      </formula:explicitDimension>
      <formula:explicitDimension dimension="dnbeba_dim:APL">
        <formula:member>
          <formula:qname>dnbeba_PL:x20</formula:qname>
        </formula:member>
      </formula:explicitDimension>
    </table:ruleNode>
    <table:ruleNode xlink:type="resource" xlink:label="dnb-crd_c41638" id="dnb-crd_c41638">
      <formula:explicitDimension dimension="dnbeba_dim:MCY">
        <formula:member>
          <formula:qname>dnbeba_MC:x99</formula:qname>
        </formula:member>
      </formula:explicitDimension>
    </table:ruleNode>
    <table:definitionNodeSubtreeArc xlink:type="arc" xlink:arcrole="http://xbrl.org/arcrole/2014/definition-node-subtree" xlink:from="dnb-crd_c41637" xlink:to="dnb-crd_c41638" order="1" />
    <table:ruleNode xlink:type="resource" xlink:label="dnb-crd_c41639" id="dnb-crd_c41639">
      <formula:explicitDimension dimension="dnbeba_dim:MCY">
        <formula:member>
          <formula:qname>dnbeba_MC:x130</formula:qname>
        </formula:member>
      </formula:explicitDimension>
    </table:ruleNode>
    <table:definitionNodeSubtreeArc xlink:type="arc" xlink:arcrole="http://xbrl.org/arcrole/2014/definition-node-subtree" xlink:from="dnb-crd_c41637" xlink:to="dnb-crd_c41639" order="2" />
    <table:ruleNode xlink:type="resource" xlink:label="dnb-crd_c41640" id="dnb-crd_c41640">
      <formula:explicitDimension dimension="dnbeba_dim:MCY">
        <formula:member>
          <formula:qname>dnbeba_MC:x60</formula:qname>
        </formula:member>
      </formula:explicitDimension>
    </table:ruleNode>
    <table:definitionNodeSubtreeArc xlink:type="arc" xlink:arcrole="http://xbrl.org/arcrole/2014/definition-node-subtree" xlink:from="dnb-crd_c41637" xlink:to="dnb-crd_c41640" order="3" />
    <table:ruleNode xlink:type="resource" xlink:label="dnb-crd_c41641" id="dnb-crd_c41641">
      <formula:explicitDimension dimension="dnbeba_dim:MCY">
        <formula:member>
          <formula:qname>dnbeba_MC:x469</formula:qname>
        </formula:member>
      </formula:explicitDimension>
    </table:ruleNode>
    <table:definitionNodeSubtreeArc xlink:type="arc" xlink:arcrole="http://xbrl.org/arcrole/2014/definition-node-subtree" xlink:from="dnb-crd_c41637" xlink:to="dnb-crd_c41641" order="4" />
    <table:definitionNodeSubtreeArc xlink:type="arc" xlink:arcrole="http://xbrl.org/arcrole/2014/definition-node-subtree" xlink:from="dnb-crd_a2.root" xlink:to="dnb-crd_c41637" order="2" />
    <table:ruleNode xlink:type="resource" xlink:label="dnb-crd_c41642" id="dnb-crd_c41642">
      <formula:explicitDimension dimension="dnbeba_dim:MCY">
        <formula:member>
          <formula:qname>dnbeba_MC:x104</formula:qname>
        </formula:member>
      </formula:explicitDimension>
      <formula:explicitDimension dimension="dnbeba_dim:APL">
        <formula:member>
          <formula:qname>dnbeba_PL:x66</formula:qname>
        </formula:member>
      </formula:explicitDimension>
    </table:ruleNode>
    <table:ruleNode xlink:type="resource" xlink:label="dnb-crd_c41643" id="dnb-crd_c41643">
      <formula:explicitDimension dimension="dnbeba_dim:MCY">
        <formula:member>
          <formula:qname>dnbeba_MC:x99</formula:qname>
        </formula:member>
      </formula:explicitDimension>
    </table:ruleNode>
    <table:definitionNodeSubtreeArc xlink:type="arc" xlink:arcrole="http://xbrl.org/arcrole/2014/definition-node-subtree" xlink:from="dnb-crd_c41642" xlink:to="dnb-crd_c41643" order="1" />
    <table:ruleNode xlink:type="resource" xlink:label="dnb-crd_c41644" id="dnb-crd_c41644">
      <formula:explicitDimension dimension="dnbeba_dim:MCY">
        <formula:member>
          <formula:qname>dnbeba_MC:x130</formula:qname>
        </formula:member>
      </formula:explicitDimension>
    </table:ruleNode>
    <table:definitionNodeSubtreeArc xlink:type="arc" xlink:arcrole="http://xbrl.org/arcrole/2014/definition-node-subtree" xlink:from="dnb-crd_c41642" xlink:to="dnb-crd_c41644" order="2" />
    <table:ruleNode xlink:type="resource" xlink:label="dnb-crd_c41645" id="dnb-crd_c41645">
      <formula:explicitDimension dimension="dnbeba_dim:MCY">
        <formula:member>
          <formula:qname>dnbeba_MC:x60</formula:qname>
        </formula:member>
      </formula:explicitDimension>
    </table:ruleNode>
    <table:definitionNodeSubtreeArc xlink:type="arc" xlink:arcrole="http://xbrl.org/arcrole/2014/definition-node-subtree" xlink:from="dnb-crd_c41642" xlink:to="dnb-crd_c41645" order="3" />
    <table:ruleNode xlink:type="resource" xlink:label="dnb-crd_c41646" id="dnb-crd_c41646">
      <formula:explicitDimension dimension="dnbeba_dim:MCY">
        <formula:member>
          <formula:qname>dnbeba_MC:x469</formula:qname>
        </formula:member>
      </formula:explicitDimension>
    </table:ruleNode>
    <table:ruleNode xlink:type="resource" xlink:label="dnb-crd_c41693" id="dnb-crd_c41693">
      <formula:explicitDimension dimension="dnbeba_dim:MCY">
        <formula:member>
          <formula:qname>dnbeba_MC:x469</formula:qname>
        </formula:member>
      </formula:explicitDimension>
      <formula:explicitDimension dimension="dnbeba_dim:RPR">
        <formula:member>
          <formula:qname>dnb-crd_dnbeba_RP:x100</formula:qname>
        </formula:member>
      </formula:explicitDimension>
    </table:ruleNode>
    <table:definitionNodeSubtreeArc xlink:type="arc" xlink:arcrole="http://xbrl.org/arcrole/2014/definition-node-subtree" xlink:from="dnb-crd_c41646" xlink:to="dnb-crd_c41693" order="1" />
    <table:ruleNode xlink:type="resource" xlink:label="dnb-crd_c41694" id="dnb-crd_c41694">
      <formula:explicitDimension dimension="dnbeba_dim:MCY">
        <formula:member>
          <formula:qname>dnbeba_MC:x469</formula:qname>
        </formula:member>
      </formula:explicitDimension>
      <formula:explicitDimension dimension="dnbeba_dim:RPR">
        <formula:member>
          <formula:qname>dnb-crd_dnbeba_RP:x101</formula:qname>
        </formula:member>
      </formula:explicitDimension>
    </table:ruleNode>
    <table:definitionNodeSubtreeArc xlink:type="arc" xlink:arcrole="http://xbrl.org/arcrole/2014/definition-node-subtree" xlink:from="dnb-crd_c41646" xlink:to="dnb-crd_c41694" order="2" />
    <table:definitionNodeSubtreeArc xlink:type="arc" xlink:arcrole="http://xbrl.org/arcrole/2014/definition-node-subtree" xlink:from="dnb-crd_c41642" xlink:to="dnb-crd_c41646" order="4" />
    <table:definitionNodeSubtreeArc xlink:type="arc" xlink:arcrole="http://xbrl.org/arcrole/2014/definition-node-subtree" xlink:from="dnb-crd_a2.root" xlink:to="dnb-crd_c41642" order="3" />
    <table:ruleNode xlink:type="resource" xlink:label="dnb-crd_c41647" id="dnb-crd_c41647">
      <formula:explicitDimension dimension="dnbeba_dim:MCY">
        <formula:member>
          <formula:qname>dnbeba_MC:x143</formula:qname>
        </formula:member>
      </formula:explicitDimension>
      <formula:explicitDimension dimension="dnbeba_dim:APL">
        <formula:member>
          <formula:qname>dnbeba_PL:x14</formula:qname>
        </formula:member>
      </formula:explicitDimension>
    </table:ruleNode>
    <table:ruleNode xlink:type="resource" xlink:label="dnb-crd_c41648" id="dnb-crd_c41648">
      <formula:explicitDimension dimension="dnbeba_dim:MCY">
        <formula:member>
          <formula:qname>dnbeba_MC:x130</formula:qname>
        </formula:member>
      </formula:explicitDimension>
    </table:ruleNode>
    <table:definitionNodeSubtreeArc xlink:type="arc" xlink:arcrole="http://xbrl.org/arcrole/2014/definition-node-subtree" xlink:from="dnb-crd_c41647" xlink:to="dnb-crd_c41648" order="1" />
    <table:ruleNode xlink:type="resource" xlink:label="dnb-crd_c41649" id="dnb-crd_c41649">
      <formula:explicitDimension dimension="dnbeba_dim:MCY">
        <formula:member>
          <formula:qname>dnbeba_MC:x60</formula:qname>
        </formula:member>
      </formula:explicitDimension>
    </table:ruleNode>
    <table:definitionNodeSubtreeArc xlink:type="arc" xlink:arcrole="http://xbrl.org/arcrole/2014/definition-node-subtree" xlink:from="dnb-crd_c41647" xlink:to="dnb-crd_c41649" order="2" />
    <table:ruleNode xlink:type="resource" xlink:label="dnb-crd_c41650" id="dnb-crd_c41650">
      <formula:explicitDimension dimension="dnbeba_dim:MCY">
        <formula:member>
          <formula:qname>dnbeba_MC:x469</formula:qname>
        </formula:member>
      </formula:explicitDimension>
    </table:ruleNode>
    <table:definitionNodeSubtreeArc xlink:type="arc" xlink:arcrole="http://xbrl.org/arcrole/2014/definition-node-subtree" xlink:from="dnb-crd_c41647" xlink:to="dnb-crd_c41650" order="3" />
    <table:definitionNodeSubtreeArc xlink:type="arc" xlink:arcrole="http://xbrl.org/arcrole/2014/definition-node-subtree" xlink:from="dnb-crd_a2.root" xlink:to="dnb-crd_c41647" order="4" />
    <table:ruleNode xlink:type="resource" xlink:label="dnb-crd_c41651" id="dnb-crd_c41651">
      <formula:explicitDimension dimension="dnbeba_dim:MCY">
        <formula:member>
          <formula:qname>dnbeba_MC:x143</formula:qname>
        </formula:member>
      </formula:explicitDimension>
      <formula:explicitDimension dimension="dnbeba_dim:APL">
        <formula:member>
          <formula:qname>dnbeba_PL:x7</formula:qname>
        </formula:member>
      </formula:explicitDimension>
    </table:ruleNode>
    <table:ruleNode xlink:type="resource" xlink:label="dnb-crd_c41652" id="dnb-crd_c41652">
      <formula:explicitDimension dimension="dnbeba_dim:MCY">
        <formula:member>
          <formula:qname>dnbeba_MC:x130</formula:qname>
        </formula:member>
      </formula:explicitDimension>
    </table:ruleNode>
    <table:definitionNodeSubtreeArc xlink:type="arc" xlink:arcrole="http://xbrl.org/arcrole/2014/definition-node-subtree" xlink:from="dnb-crd_c41651" xlink:to="dnb-crd_c41652" order="1" />
    <table:ruleNode xlink:type="resource" xlink:label="dnb-crd_c41653" id="dnb-crd_c41653">
      <formula:explicitDimension dimension="dnbeba_dim:MCY">
        <formula:member>
          <formula:qname>dnbeba_MC:x60</formula:qname>
        </formula:member>
      </formula:explicitDimension>
    </table:ruleNode>
    <table:definitionNodeSubtreeArc xlink:type="arc" xlink:arcrole="http://xbrl.org/arcrole/2014/definition-node-subtree" xlink:from="dnb-crd_c41651" xlink:to="dnb-crd_c41653" order="2" />
    <table:ruleNode xlink:type="resource" xlink:label="dnb-crd_c41654" id="dnb-crd_c41654">
      <formula:explicitDimension dimension="dnbeba_dim:MCY">
        <formula:member>
          <formula:qname>dnbeba_MC:x469</formula:qname>
        </formula:member>
      </formula:explicitDimension>
    </table:ruleNode>
    <table:definitionNodeSubtreeArc xlink:type="arc" xlink:arcrole="http://xbrl.org/arcrole/2014/definition-node-subtree" xlink:from="dnb-crd_c41651" xlink:to="dnb-crd_c41654" order="3" />
    <table:definitionNodeSubtreeArc xlink:type="arc" xlink:arcrole="http://xbrl.org/arcrole/2014/definition-node-subtree" xlink:from="dnb-crd_a2.root" xlink:to="dnb-crd_c41651" order="5" />
    <table:ruleNode xlink:type="resource" xlink:label="dnb-crd_c41655" id="dnb-crd_c41655">
      <formula:explicitDimension dimension="dnbeba_dim:MCY">
        <formula:member>
          <formula:qname>dnbeba_MC:x143</formula:qname>
        </formula:member>
      </formula:explicitDimension>
      <formula:explicitDimension dimension="dnbeba_dim:APL">
        <formula:member>
          <formula:qname>dnbeba_PL:x63</formula:qname>
        </formula:member>
      </formula:explicitDimension>
    </table:ruleNode>
    <table:ruleNode xlink:type="resource" xlink:label="dnb-crd_c41656" id="dnb-crd_c41656">
      <formula:explicitDimension dimension="dnbeba_dim:MCY">
        <formula:member>
          <formula:qname>dnbeba_MC:x130</formula:qname>
        </formula:member>
      </formula:explicitDimension>
    </table:ruleNode>
    <table:definitionNodeSubtreeArc xlink:type="arc" xlink:arcrole="http://xbrl.org/arcrole/2014/definition-node-subtree" xlink:from="dnb-crd_c41655" xlink:to="dnb-crd_c41656" order="1" />
    <table:ruleNode xlink:type="resource" xlink:label="dnb-crd_c41657" id="dnb-crd_c41657">
      <formula:explicitDimension dimension="dnbeba_dim:MCY">
        <formula:member>
          <formula:qname>dnbeba_MC:x60</formula:qname>
        </formula:member>
      </formula:explicitDimension>
    </table:ruleNode>
    <table:definitionNodeSubtreeArc xlink:type="arc" xlink:arcrole="http://xbrl.org/arcrole/2014/definition-node-subtree" xlink:from="dnb-crd_c41655" xlink:to="dnb-crd_c41657" order="2" />
    <table:ruleNode xlink:type="resource" xlink:label="dnb-crd_c41658" id="dnb-crd_c41658">
      <formula:explicitDimension dimension="dnbeba_dim:MCY">
        <formula:member>
          <formula:qname>dnbeba_MC:x469</formula:qname>
        </formula:member>
      </formula:explicitDimension>
    </table:ruleNode>
    <table:ruleNode xlink:type="resource" xlink:label="dnb-crd_c41695" id="dnb-crd_c41695">
      <formula:explicitDimension dimension="dnbeba_dim:MCY">
        <formula:member>
          <formula:qname>dnbeba_MC:x469</formula:qname>
        </formula:member>
      </formula:explicitDimension>
      <formula:explicitDimension dimension="dnbeba_dim:RPR">
        <formula:member>
          <formula:qname>dnb-crd_dnbeba_RP:x100</formula:qname>
        </formula:member>
      </formula:explicitDimension>
    </table:ruleNode>
    <table:definitionNodeSubtreeArc xlink:type="arc" xlink:arcrole="http://xbrl.org/arcrole/2014/definition-node-subtree" xlink:from="dnb-crd_c41658" xlink:to="dnb-crd_c41695" order="1" />
    <table:ruleNode xlink:type="resource" xlink:label="dnb-crd_c41696" id="dnb-crd_c41696">
      <formula:explicitDimension dimension="dnbeba_dim:MCY">
        <formula:member>
          <formula:qname>dnbeba_MC:x469</formula:qname>
        </formula:member>
      </formula:explicitDimension>
      <formula:explicitDimension dimension="dnbeba_dim:RPR">
        <formula:member>
          <formula:qname>dnb-crd_dnbeba_RP:x101</formula:qname>
        </formula:member>
      </formula:explicitDimension>
    </table:ruleNode>
    <table:definitionNodeSubtreeArc xlink:type="arc" xlink:arcrole="http://xbrl.org/arcrole/2014/definition-node-subtree" xlink:from="dnb-crd_c41658" xlink:to="dnb-crd_c41696" order="2" />
    <table:definitionNodeSubtreeArc xlink:type="arc" xlink:arcrole="http://xbrl.org/arcrole/2014/definition-node-subtree" xlink:from="dnb-crd_c41655" xlink:to="dnb-crd_c41658" order="3" />
    <table:definitionNodeSubtreeArc xlink:type="arc" xlink:arcrole="http://xbrl.org/arcrole/2014/definition-node-subtree" xlink:from="dnb-crd_a2.root" xlink:to="dnb-crd_c41655" order="6" />
    <table:ruleNode xlink:type="resource" xlink:label="dnb-crd_c41659" id="dnb-crd_c41659">
      <formula:explicitDimension dimension="dnbeba_dim:MCY">
        <formula:member>
          <formula:qname>dnbeba_MC:x143</formula:qname>
        </formula:member>
      </formula:explicitDimension>
      <formula:explicitDimension dimension="dnbeba_dim:APL">
        <formula:member>
          <formula:qname>dnbeba_PL:x64</formula:qname>
        </formula:member>
      </formula:explicitDimension>
    </table:ruleNode>
    <table:ruleNode xlink:type="resource" xlink:label="dnb-crd_c41660" id="dnb-crd_c41660">
      <formula:explicitDimension dimension="dnbeba_dim:MCY">
        <formula:member>
          <formula:qname>dnbeba_MC:x130</formula:qname>
        </formula:member>
      </formula:explicitDimension>
    </table:ruleNode>
    <table:definitionNodeSubtreeArc xlink:type="arc" xlink:arcrole="http://xbrl.org/arcrole/2014/definition-node-subtree" xlink:from="dnb-crd_c41659" xlink:to="dnb-crd_c41660" order="1" />
    <table:ruleNode xlink:type="resource" xlink:label="dnb-crd_c41661" id="dnb-crd_c41661">
      <formula:explicitDimension dimension="dnbeba_dim:MCY">
        <formula:member>
          <formula:qname>dnbeba_MC:x60</formula:qname>
        </formula:member>
      </formula:explicitDimension>
    </table:ruleNode>
    <table:definitionNodeSubtreeArc xlink:type="arc" xlink:arcrole="http://xbrl.org/arcrole/2014/definition-node-subtree" xlink:from="dnb-crd_c41659" xlink:to="dnb-crd_c41661" order="2" />
    <table:ruleNode xlink:type="resource" xlink:label="dnb-crd_c41662" id="dnb-crd_c41662">
      <formula:explicitDimension dimension="dnbeba_dim:MCY">
        <formula:member>
          <formula:qname>dnbeba_MC:x469</formula:qname>
        </formula:member>
      </formula:explicitDimension>
    </table:ruleNode>
    <table:ruleNode xlink:type="resource" xlink:label="dnb-crd_c41697" id="dnb-crd_c41697">
      <formula:explicitDimension dimension="dnbeba_dim:MCY">
        <formula:member>
          <formula:qname>dnbeba_MC:x469</formula:qname>
        </formula:member>
      </formula:explicitDimension>
      <formula:explicitDimension dimension="dnbeba_dim:RPR">
        <formula:member>
          <formula:qname>dnb-crd_dnbeba_RP:x100</formula:qname>
        </formula:member>
      </formula:explicitDimension>
    </table:ruleNode>
    <table:definitionNodeSubtreeArc xlink:type="arc" xlink:arcrole="http://xbrl.org/arcrole/2014/definition-node-subtree" xlink:from="dnb-crd_c41662" xlink:to="dnb-crd_c41697" order="1" />
    <table:ruleNode xlink:type="resource" xlink:label="dnb-crd_c41698" id="dnb-crd_c41698">
      <formula:explicitDimension dimension="dnbeba_dim:MCY">
        <formula:member>
          <formula:qname>dnbeba_MC:x469</formula:qname>
        </formula:member>
      </formula:explicitDimension>
      <formula:explicitDimension dimension="dnbeba_dim:RPR">
        <formula:member>
          <formula:qname>dnb-crd_dnbeba_RP:x101</formula:qname>
        </formula:member>
      </formula:explicitDimension>
    </table:ruleNode>
    <table:definitionNodeSubtreeArc xlink:type="arc" xlink:arcrole="http://xbrl.org/arcrole/2014/definition-node-subtree" xlink:from="dnb-crd_c41662" xlink:to="dnb-crd_c41698" order="2" />
    <table:definitionNodeSubtreeArc xlink:type="arc" xlink:arcrole="http://xbrl.org/arcrole/2014/definition-node-subtree" xlink:from="dnb-crd_c41659" xlink:to="dnb-crd_c41662" order="3" />
    <table:definitionNodeSubtreeArc xlink:type="arc" xlink:arcrole="http://xbrl.org/arcrole/2014/definition-node-subtree" xlink:from="dnb-crd_a2.root" xlink:to="dnb-crd_c41659" order="7" />
    <table:ruleNode xlink:type="resource" xlink:label="dnb-crd_c41663" id="dnb-crd_c41663">
      <formula:explicitDimension dimension="dnbeba_dim:MCY">
        <formula:member>
          <formula:qname>dnbeba_MC:x223</formula:qname>
        </formula:member>
      </formula:explicitDimension>
      <formula:explicitDimension dimension="dnbeba_dim:APL">
        <formula:member>
          <formula:qname>dnbeba_PL:x42</formula:qname>
        </formula:member>
      </formula:explicitDimension>
    </table:ruleNode>
    <table:ruleNode xlink:type="resource" xlink:label="dnb-crd_c41664" id="dnb-crd_c41664">
      <formula:explicitDimension dimension="dnbeba_dim:MCY">
        <formula:member>
          <formula:qname>dnbeba_MC:x60</formula:qname>
        </formula:member>
      </formula:explicitDimension>
    </table:ruleNode>
    <table:definitionNodeSubtreeArc xlink:type="arc" xlink:arcrole="http://xbrl.org/arcrole/2014/definition-node-subtree" xlink:from="dnb-crd_c41663" xlink:to="dnb-crd_c41664" order="1" />
    <table:ruleNode xlink:type="resource" xlink:label="dnb-crd_c41665" id="dnb-crd_c41665">
      <formula:explicitDimension dimension="dnbeba_dim:MCY">
        <formula:member>
          <formula:qname>dnbeba_MC:x469</formula:qname>
        </formula:member>
      </formula:explicitDimension>
    </table:ruleNode>
    <table:definitionNodeSubtreeArc xlink:type="arc" xlink:arcrole="http://xbrl.org/arcrole/2014/definition-node-subtree" xlink:from="dnb-crd_c41663" xlink:to="dnb-crd_c41665" order="2" />
    <table:definitionNodeSubtreeArc xlink:type="arc" xlink:arcrole="http://xbrl.org/arcrole/2014/definition-node-subtree" xlink:from="dnb-crd_a2.root" xlink:to="dnb-crd_c41663" order="8" />
    <table:ruleNode xlink:type="resource" xlink:label="dnb-crd_c41666" id="dnb-crd_c41666">
      <formula:explicitDimension dimension="dnbeba_dim:MCY">
        <formula:member>
          <formula:qname>dnbeba_MC:x223</formula:qname>
        </formula:member>
      </formula:explicitDimension>
      <formula:explicitDimension dimension="dnbeba_dim:APL">
        <formula:member>
          <formula:qname>dnbeba_PL:x35</formula:qname>
        </formula:member>
      </formula:explicitDimension>
    </table:ruleNode>
    <table:ruleNode xlink:type="resource" xlink:label="dnb-crd_c41667" id="dnb-crd_c41667">
      <formula:explicitDimension dimension="dnbeba_dim:MCY">
        <formula:member>
          <formula:qname>dnbeba_MC:x60</formula:qname>
        </formula:member>
      </formula:explicitDimension>
    </table:ruleNode>
    <table:definitionNodeSubtreeArc xlink:type="arc" xlink:arcrole="http://xbrl.org/arcrole/2014/definition-node-subtree" xlink:from="dnb-crd_c41666" xlink:to="dnb-crd_c41667" order="1" />
    <table:ruleNode xlink:type="resource" xlink:label="dnb-crd_c41668" id="dnb-crd_c41668">
      <formula:explicitDimension dimension="dnbeba_dim:MCY">
        <formula:member>
          <formula:qname>dnbeba_MC:x469</formula:qname>
        </formula:member>
      </formula:explicitDimension>
    </table:ruleNode>
    <table:definitionNodeSubtreeArc xlink:type="arc" xlink:arcrole="http://xbrl.org/arcrole/2014/definition-node-subtree" xlink:from="dnb-crd_c41666" xlink:to="dnb-crd_c41668" order="2" />
    <table:definitionNodeSubtreeArc xlink:type="arc" xlink:arcrole="http://xbrl.org/arcrole/2014/definition-node-subtree" xlink:from="dnb-crd_a2.root" xlink:to="dnb-crd_c41666" order="9" />
    <table:ruleNode xlink:type="resource" xlink:label="dnb-crd_c41669" id="dnb-crd_c41669">
      <formula:explicitDimension dimension="dnbeba_dim:MCY">
        <formula:member>
          <formula:qname>dnbeba_MC:x223</formula:qname>
        </formula:member>
      </formula:explicitDimension>
      <formula:explicitDimension dimension="dnbeba_dim:APL">
        <formula:member>
          <formula:qname>dnbeba_PL:x62</formula:qname>
        </formula:member>
      </formula:explicitDimension>
    </table:ruleNode>
    <table:ruleNode xlink:type="resource" xlink:label="dnb-crd_c41670" id="dnb-crd_c41670">
      <formula:explicitDimension dimension="dnbeba_dim:MCY">
        <formula:member>
          <formula:qname>dnbeba_MC:x60</formula:qname>
        </formula:member>
      </formula:explicitDimension>
    </table:ruleNode>
    <table:definitionNodeSubtreeArc xlink:type="arc" xlink:arcrole="http://xbrl.org/arcrole/2014/definition-node-subtree" xlink:from="dnb-crd_c41669" xlink:to="dnb-crd_c41670" order="1" />
    <table:ruleNode xlink:type="resource" xlink:label="dnb-crd_c41671" id="dnb-crd_c41671">
      <formula:explicitDimension dimension="dnbeba_dim:MCY">
        <formula:member>
          <formula:qname>dnbeba_MC:x469</formula:qname>
        </formula:member>
      </formula:explicitDimension>
    </table:ruleNode>
    <table:ruleNode xlink:type="resource" xlink:label="dnb-crd_c41699" id="dnb-crd_c41699">
      <formula:explicitDimension dimension="dnbeba_dim:MCY">
        <formula:member>
          <formula:qname>dnbeba_MC:x469</formula:qname>
        </formula:member>
      </formula:explicitDimension>
      <formula:explicitDimension dimension="dnbeba_dim:RPR">
        <formula:member>
          <formula:qname>dnb-crd_dnbeba_RP:x100</formula:qname>
        </formula:member>
      </formula:explicitDimension>
    </table:ruleNode>
    <table:definitionNodeSubtreeArc xlink:type="arc" xlink:arcrole="http://xbrl.org/arcrole/2014/definition-node-subtree" xlink:from="dnb-crd_c41671" xlink:to="dnb-crd_c41699" order="1" />
    <table:ruleNode xlink:type="resource" xlink:label="dnb-crd_c41700" id="dnb-crd_c41700">
      <formula:explicitDimension dimension="dnbeba_dim:MCY">
        <formula:member>
          <formula:qname>dnbeba_MC:x469</formula:qname>
        </formula:member>
      </formula:explicitDimension>
      <formula:explicitDimension dimension="dnbeba_dim:RPR">
        <formula:member>
          <formula:qname>dnb-crd_dnbeba_RP:x101</formula:qname>
        </formula:member>
      </formula:explicitDimension>
    </table:ruleNode>
    <table:definitionNodeSubtreeArc xlink:type="arc" xlink:arcrole="http://xbrl.org/arcrole/2014/definition-node-subtree" xlink:from="dnb-crd_c41671" xlink:to="dnb-crd_c41700" order="2" />
    <table:definitionNodeSubtreeArc xlink:type="arc" xlink:arcrole="http://xbrl.org/arcrole/2014/definition-node-subtree" xlink:from="dnb-crd_c41669" xlink:to="dnb-crd_c41671" order="2" />
    <table:definitionNodeSubtreeArc xlink:type="arc" xlink:arcrole="http://xbrl.org/arcrole/2014/definition-node-subtree" xlink:from="dnb-crd_a2.root" xlink:to="dnb-crd_c41669" order="10" />
    <table:ruleNode xlink:type="resource" xlink:label="dnb-crd_c41672" id="dnb-crd_c41672">
      <formula:explicitDimension dimension="dnbeba_dim:MCY">
        <formula:member>
          <formula:qname>dnbeba_MC:x143</formula:qname>
        </formula:member>
      </formula:explicitDimension>
      <formula:explicitDimension dimension="dnbeba_dim:APL">
        <formula:member>
          <formula:qname>dnbeba_PL:x69</formula:qname>
        </formula:member>
      </formula:explicitDimension>
    </table:ruleNode>
    <table:ruleNode xlink:type="resource" xlink:label="dnb-crd_c41673" id="dnb-crd_c41673">
      <formula:explicitDimension dimension="dnbeba_dim:MCY">
        <formula:member>
          <formula:qname>dnbeba_MC:x130</formula:qname>
        </formula:member>
      </formula:explicitDimension>
    </table:ruleNode>
    <table:definitionNodeSubtreeArc xlink:type="arc" xlink:arcrole="http://xbrl.org/arcrole/2014/definition-node-subtree" xlink:from="dnb-crd_c41672" xlink:to="dnb-crd_c41673" order="1" />
    <table:ruleNode xlink:type="resource" xlink:label="dnb-crd_c41674" id="dnb-crd_c41674">
      <formula:explicitDimension dimension="dnbeba_dim:MCY">
        <formula:member>
          <formula:qname>dnbeba_MC:x60</formula:qname>
        </formula:member>
      </formula:explicitDimension>
    </table:ruleNode>
    <table:definitionNodeSubtreeArc xlink:type="arc" xlink:arcrole="http://xbrl.org/arcrole/2014/definition-node-subtree" xlink:from="dnb-crd_c41672" xlink:to="dnb-crd_c41674" order="2" />
    <table:ruleNode xlink:type="resource" xlink:label="dnb-crd_c41675" id="dnb-crd_c41675">
      <formula:explicitDimension dimension="dnbeba_dim:MCY">
        <formula:member>
          <formula:qname>dnbeba_MC:x469</formula:qname>
        </formula:member>
      </formula:explicitDimension>
    </table:ruleNode>
    <table:ruleNode xlink:type="resource" xlink:label="dnb-crd_c41701" id="dnb-crd_c41701">
      <formula:explicitDimension dimension="dnbeba_dim:MCY">
        <formula:member>
          <formula:qname>dnbeba_MC:x469</formula:qname>
        </formula:member>
      </formula:explicitDimension>
      <formula:explicitDimension dimension="dnbeba_dim:RPR">
        <formula:member>
          <formula:qname>dnb-crd_dnbeba_RP:x100</formula:qname>
        </formula:member>
      </formula:explicitDimension>
    </table:ruleNode>
    <table:definitionNodeSubtreeArc xlink:type="arc" xlink:arcrole="http://xbrl.org/arcrole/2014/definition-node-subtree" xlink:from="dnb-crd_c41675" xlink:to="dnb-crd_c41701" order="1" />
    <table:ruleNode xlink:type="resource" xlink:label="dnb-crd_c41702" id="dnb-crd_c41702">
      <formula:explicitDimension dimension="dnbeba_dim:MCY">
        <formula:member>
          <formula:qname>dnbeba_MC:x469</formula:qname>
        </formula:member>
      </formula:explicitDimension>
      <formula:explicitDimension dimension="dnbeba_dim:RPR">
        <formula:member>
          <formula:qname>dnb-crd_dnbeba_RP:x101</formula:qname>
        </formula:member>
      </formula:explicitDimension>
    </table:ruleNode>
    <table:ruleNode xlink:type="resource" xlink:label="dnb-crd_c41703" id="dnb-crd_c41703">
      <formula:explicitDimension dimension="dnbeba_dim:EUT">
        <formula:member>
          <formula:qname>dnbeba_TI:x63</formula:qname>
        </formula:member>
      </formula:explicitDimension>
    </table:ruleNode>
    <table:definitionNodeSubtreeArc xlink:type="arc" xlink:arcrole="http://xbrl.org/arcrole/2014/definition-node-subtree" xlink:from="dnb-crd_c41702" xlink:to="dnb-crd_c41703" order="1" />
    <table:ruleNode xlink:type="resource" xlink:label="dnb-crd_c41704" id="dnb-crd_c41704">
      <formula:explicitDimension dimension="dnbeba_dim:EUT">
        <formula:member>
          <formula:qname>dnbeba_TI:x64</formula:qname>
        </formula:member>
      </formula:explicitDimension>
    </table:ruleNode>
    <table:definitionNodeSubtreeArc xlink:type="arc" xlink:arcrole="http://xbrl.org/arcrole/2014/definition-node-subtree" xlink:from="dnb-crd_c41702" xlink:to="dnb-crd_c41704" order="2" />
    <table:definitionNodeSubtreeArc xlink:type="arc" xlink:arcrole="http://xbrl.org/arcrole/2014/definition-node-subtree" xlink:from="dnb-crd_c41675" xlink:to="dnb-crd_c41702" order="2" />
    <table:definitionNodeSubtreeArc xlink:type="arc" xlink:arcrole="http://xbrl.org/arcrole/2014/definition-node-subtree" xlink:from="dnb-crd_c41672" xlink:to="dnb-crd_c41675" order="3" />
    <table:definitionNodeSubtreeArc xlink:type="arc" xlink:arcrole="http://xbrl.org/arcrole/2014/definition-node-subtree" xlink:from="dnb-crd_a2.root" xlink:to="dnb-crd_c41672" order="11" />
    <table:ruleNode xlink:type="resource" xlink:label="dnb-crd_c41676" id="dnb-crd_c41676">
      <formula:explicitDimension dimension="dnbeba_dim:MCY">
        <formula:member>
          <formula:qname>dnbeba_MC:x99</formula:qname>
        </formula:member>
      </formula:explicitDimension>
      <formula:explicitDimension dimension="dnbeba_dim:APL">
        <formula:member>
          <formula:qname>dnbeba_PL:x28</formula:qname>
        </formula:member>
      </formula:explicitDimension>
    </table:ruleNode>
    <table:definitionNodeSubtreeArc xlink:type="arc" xlink:arcrole="http://xbrl.org/arcrole/2014/definition-node-subtree" xlink:from="dnb-crd_a2.root" xlink:to="dnb-crd_c41676" order="12" />
    <table:ruleNode xlink:type="resource" xlink:label="dnb-crd_c41677" id="dnb-crd_c41677">
      <formula:explicitDimension dimension="dnbeba_dim:MCY">
        <formula:member>
          <formula:qname>dnbeba_MC:x152</formula:qname>
        </formula:member>
      </formula:explicitDimension>
      <formula:explicitDimension dimension="dnbeba_dim:APL">
        <formula:member>
          <formula:qname>dnbeba_PL:x79</formula:qname>
        </formula:member>
      </formula:explicitDimension>
    </table:ruleNode>
    <table:definitionNodeSubtreeArc xlink:type="arc" xlink:arcrole="http://xbrl.org/arcrole/2014/definition-node-subtree" xlink:from="dnb-crd_a2.root" xlink:to="dnb-crd_c41677" order="13" />
    <table:ruleNode xlink:type="resource" xlink:label="dnb-crd_c41678" id="dnb-crd_c41678">
      <formula:explicitDimension dimension="dnbeba_dim:MCY">
        <formula:member>
          <formula:qname>dnbeba_MC:x130</formula:qname>
        </formula:member>
      </formula:explicitDimension>
      <formula:explicitDimension dimension="dnbeba_dim:APL">
        <formula:member>
          <formula:qname>dnbeba_PL:x41</formula:qname>
        </formula:member>
      </formula:explicitDimension>
    </table:ruleNode>
    <table:ruleNode xlink:type="resource" xlink:label="dnb-crd_c41705" id="dnb-crd_c41705">
      <formula:explicitDimension dimension="dnbeba_dim:RPR">
        <formula:member>
          <formula:qname>dnbeba_RP:x2</formula:qname>
        </formula:member>
      </formula:explicitDimension>
    </table:ruleNode>
    <table:definitionNodeSubtreeArc xlink:type="arc" xlink:arcrole="http://xbrl.org/arcrole/2014/definition-node-subtree" xlink:from="dnb-crd_c41678" xlink:to="dnb-crd_c41705" order="1" />
    <table:ruleNode xlink:type="resource" xlink:label="dnb-crd_c41706" id="dnb-crd_c41706">
      <formula:explicitDimension dimension="dnbeba_dim:RPR">
        <formula:member>
          <formula:qname>dnbeba_RP:x7</formula:qname>
        </formula:member>
      </formula:explicitDimension>
    </table:ruleNode>
    <table:definitionNodeSubtreeArc xlink:type="arc" xlink:arcrole="http://xbrl.org/arcrole/2014/definition-node-subtree" xlink:from="dnb-crd_c41678" xlink:to="dnb-crd_c41706" order="2" />
    <table:definitionNodeSubtreeArc xlink:type="arc" xlink:arcrole="http://xbrl.org/arcrole/2014/definition-node-subtree" xlink:from="dnb-crd_a2.root" xlink:to="dnb-crd_c41678" order="14" />
    <table:ruleNode xlink:type="resource" xlink:label="dnb-crd_c41679" id="dnb-crd_c41679">
      <formula:explicitDimension dimension="dnbeba_dim:MCY">
        <formula:member>
          <formula:qname>dnbeba_MC:x329</formula:qname>
        </formula:member>
      </formula:explicitDimension>
      <formula:explicitDimension dimension="dnbeba_dim:APL">
        <formula:member>
          <formula:qname>dnbeba_PL:x79</formula:qname>
        </formula:member>
      </formula:explicitDimension>
    </table:ruleNode>
    <table:ruleNode xlink:type="resource" xlink:label="dnb-crd_c41680" id="dnb-crd_c41680">
      <formula:explicitDimension dimension="dnbeba_dim:APL">
        <formula:member>
          <formula:qname>dnbeba_PL:x46</formula:qname>
        </formula:member>
      </formula:explicitDimension>
    </table:ruleNode>
    <table:definitionNodeSubtreeArc xlink:type="arc" xlink:arcrole="http://xbrl.org/arcrole/2014/definition-node-subtree" xlink:from="dnb-crd_c41679" xlink:to="dnb-crd_c41680" order="1" />
    <table:ruleNode xlink:type="resource" xlink:label="dnb-crd_c41681" id="dnb-crd_c41681">
      <formula:explicitDimension dimension="dnbeba_dim:APL">
        <formula:member>
          <formula:qname>dnbeba_PL:x37</formula:qname>
        </formula:member>
      </formula:explicitDimension>
    </table:ruleNode>
    <table:definitionNodeSubtreeArc xlink:type="arc" xlink:arcrole="http://xbrl.org/arcrole/2014/definition-node-subtree" xlink:from="dnb-crd_c41679" xlink:to="dnb-crd_c41681" order="2" />
    <table:definitionNodeSubtreeArc xlink:type="arc" xlink:arcrole="http://xbrl.org/arcrole/2014/definition-node-subtree" xlink:from="dnb-crd_a2.root" xlink:to="dnb-crd_c41679" order="15" />
    <table:ruleNode xlink:type="resource" xlink:label="dnb-crd_c41682" id="dnb-crd_c41682">
      <formula:explicitDimension dimension="dnbeba_dim:MCY">
        <formula:member>
          <formula:qname>dnbeba_MC:x209</formula:qname>
        </formula:member>
      </formula:explicitDimension>
      <formula:explicitDimension dimension="dnbeba_dim:APL">
        <formula:member>
          <formula:qname>dnbeba_PL:x79</formula:qname>
        </formula:member>
      </formula:explicitDimension>
    </table:ruleNode>
    <table:ruleNode xlink:type="resource" xlink:label="dnb-crd_c41683" id="dnb-crd_c41683">
      <formula:explicitDimension dimension="dnbeba_dim:MCY">
        <formula:member>
          <formula:qname>dnbeba_MC:x184</formula:qname>
        </formula:member>
      </formula:explicitDimension>
    </table:ruleNode>
    <table:definitionNodeSubtreeArc xlink:type="arc" xlink:arcrole="http://xbrl.org/arcrole/2014/definition-node-subtree" xlink:from="dnb-crd_c41682" xlink:to="dnb-crd_c41683" order="1" />
    <table:ruleNode xlink:type="resource" xlink:label="dnb-crd_c41684" id="dnb-crd_c41684">
      <formula:explicitDimension dimension="dnbeba_dim:MCY">
        <formula:member>
          <formula:qname>dnbeba_MC:x210</formula:qname>
        </formula:member>
      </formula:explicitDimension>
    </table:ruleNode>
    <table:definitionNodeSubtreeArc xlink:type="arc" xlink:arcrole="http://xbrl.org/arcrole/2014/definition-node-subtree" xlink:from="dnb-crd_c41682" xlink:to="dnb-crd_c41684" order="2" />
    <table:definitionNodeSubtreeArc xlink:type="arc" xlink:arcrole="http://xbrl.org/arcrole/2014/definition-node-subtree" xlink:from="dnb-crd_a2.root" xlink:to="dnb-crd_c41682" order="16" />
    <table:ruleNode xlink:type="resource" xlink:label="dnb-crd_c41685" id="dnb-crd_c41685">
      <formula:explicitDimension dimension="dnbeba_dim:MCY">
        <formula:member>
          <formula:qname>dnbeba_MC:x332</formula:qname>
        </formula:member>
      </formula:explicitDimension>
      <formula:explicitDimension dimension="dnbeba_dim:APL">
        <formula:member>
          <formula:qname>dnbeba_PL:x79</formula:qname>
        </formula:member>
      </formula:explicitDimension>
    </table:ruleNode>
    <table:ruleNode xlink:type="resource" xlink:label="dnb-crd_c41686" id="dnb-crd_c41686">
      <formula:explicitDimension dimension="dnbeba_dim:MCY">
        <formula:member>
          <formula:qname>dnbeba_MC:x56</formula:qname>
        </formula:member>
      </formula:explicitDimension>
    </table:ruleNode>
    <table:definitionNodeSubtreeArc xlink:type="arc" xlink:arcrole="http://xbrl.org/arcrole/2014/definition-node-subtree" xlink:from="dnb-crd_c41685" xlink:to="dnb-crd_c41686" order="1" />
    <table:ruleNode xlink:type="resource" xlink:label="dnb-crd_c41687" id="dnb-crd_c41687">
      <formula:explicitDimension dimension="dnbeba_dim:MCY">
        <formula:member>
          <formula:qname>dnbeba_MC:x76</formula:qname>
        </formula:member>
      </formula:explicitDimension>
    </table:ruleNode>
    <table:definitionNodeSubtreeArc xlink:type="arc" xlink:arcrole="http://xbrl.org/arcrole/2014/definition-node-subtree" xlink:from="dnb-crd_c41685" xlink:to="dnb-crd_c41687" order="2" />
    <table:definitionNodeSubtreeArc xlink:type="arc" xlink:arcrole="http://xbrl.org/arcrole/2014/definition-node-subtree" xlink:from="dnb-crd_a2.root" xlink:to="dnb-crd_c41685" order="17" />
    <table:ruleNode xlink:type="resource" xlink:label="dnb-crd_c41688" id="dnb-crd_c41688">
      <formula:explicitDimension dimension="dnbeba_dim:MCY">
        <formula:member>
          <formula:qname>dnbeba_MC:x33</formula:qname>
        </formula:member>
      </formula:explicitDimension>
      <formula:explicitDimension dimension="dnbeba_dim:APL">
        <formula:member>
          <formula:qname>dnbeba_PL:x79</formula:qname>
        </formula:member>
      </formula:explicitDimension>
    </table:ruleNode>
    <table:definitionNodeSubtreeArc xlink:type="arc" xlink:arcrole="http://xbrl.org/arcrole/2014/definition-node-subtree" xlink:from="dnb-crd_a2.root" xlink:to="dnb-crd_c41688" order="18" />
    <table:ruleNode xlink:type="resource" xlink:label="dnb-crd_c41689" id="dnb-crd_c41689">
      <formula:explicitDimension dimension="dnbeba_dim:MCY">
        <formula:member>
          <formula:qname>dnbeba_MC:x25</formula:qname>
        </formula:member>
      </formula:explicitDimension>
      <formula:explicitDimension dimension="dnbeba_dim:APL">
        <formula:member>
          <formula:qname>dnbeba_PL:x13</formula:qname>
        </formula:member>
      </formula:explicitDimension>
    </table:ruleNode>
    <table:definitionNodeSubtreeArc xlink:type="arc" xlink:arcrole="http://xbrl.org/arcrole/2014/definition-node-subtree" xlink:from="dnb-crd_a2.root" xlink:to="dnb-crd_c41689" order="19" />
    <table:ruleNode xlink:type="resource" xlink:label="dnb-crd_c41690" id="dnb-crd_c41690">
      <formula:explicitDimension dimension="dnbeba_dim:MCY">
        <formula:member>
          <formula:qname>dnbeba_MC:x25</formula:qname>
        </formula:member>
      </formula:explicitDimension>
    </table:ruleNode>
    <table:definitionNodeSubtreeArc xlink:type="arc" xlink:arcrole="http://xbrl.org/arcrole/2014/definition-node-subtree" xlink:from="dnb-crd_a2.root" xlink:to="dnb-crd_c41690" order="20" />
    <table:tableBreakdownArc xlink:type="arc" xlink:arcrole="http://xbrl.org/arcrole/2014/table-breakdown" xlink:from="dnb-crd_tF_01.01" xlink:to="dnb-crd_a2" axis="y" order="2" />
  </gen:link>
</link:linkbase>