﻿<?xml version="1.0" encoding="utf-8"?>
<!--© DNB-->
<link:linkbase xmlns:xsi="http://www.w3.org/2001/XMLSchema-instance" xmlns:xlink="http://www.w3.org/1999/xlink" xmlns:link="http://www.xbrl.org/2003/linkbase" xsi:schemaLocation="http://www.xbrl.org/2003/linkbase http://www.xbrl.org/2003/xbrl-linkbase-2003-12-31.xsd">
  <link:labelLink xlink:type="extended" xlink:role="http://www.xbrl.org/2003/role/link">
    <link:loc xlink:type="locator" xlink:href="mem.xsd#dnb-crd_x100" xlink:label="loc_dnb-crd_x100" />
    <link:label xlink:type="resource" xlink:label="label_dnb-crd_x100" xml:lang="en" xlink:role="http://www.xbrl.org/2003/role/label">Haircut reached during the day</link:label>
    <link:labelArc xlink:type="arc" xlink:arcrole="http://www.xbrl.org/2003/arcrole/concept-label" xlink:from="loc_dnb-crd_x100" xlink:to="label_dnb-crd_x100" />
    <link:loc xlink:type="locator" xlink:href="mem.xsd#dnb-crd_x101" xlink:label="loc_dnb-crd_x101" />
    <link:label xlink:type="resource" xlink:label="label_dnb-crd_x101" xml:lang="en" xlink:role="http://www.xbrl.org/2003/role/label"> Recovery and exit</link:label>
    <link:labelArc xlink:type="arc" xlink:arcrole="http://www.xbrl.org/2003/arcrole/concept-label" xlink:from="loc_dnb-crd_x101" xlink:to="label_dnb-crd_x101" />
  </link:labelLink>
</link:linkbase>