﻿<?xml version="1.0" encoding="utf-8"?>
<!--© DNB-->
<link:linkbase xmlns:xsi="http://www.w3.org/2001/XMLSchema-instance" xmlns:xlink="http://www.w3.org/1999/xlink" xmlns:link="http://www.xbrl.org/2003/linkbase" xmlns:gen="http://xbrl.org/2008/generic" xmlns:label="http://xbrl.org/2008/label" xsi:schemaLocation="http://www.xbrl.org/2003/linkbase http://www.xbrl.org/2003/xbrl-linkbase-2003-12-31.xsd http://xbrl.org/2008/generic http://www.xbrl.org/2008/generic-link.xsd http://xbrl.org/2008/label http://www.xbrl.org/2008/generic-label.xsd">
  <link:arcroleRef arcroleURI="http://xbrl.org/arcrole/2008/element-label" xlink:type="simple" xlink:href="http://www.xbrl.org/2008/generic-label.xsd#element-label" />
  <link:roleRef roleURI="http://www.xbrl.org/2008/role/label" xlink:type="simple" xlink:href="http://www.xbrl.org/2008/generic-label.xsd#standard-label" />
  <link:roleRef roleURI="http://www.xbrl.org/2008/role/verboseLabel" xlink:type="simple" xlink:href="http://www.xbrl.org/2008/generic-label.xsd#verbose-label" />
  <gen:link xlink:type="extended" xlink:role="http://www.xbrl.org/2003/role/link">
    <link:loc xlink:type="locator" xlink:href="f_31.01-rend.xml#dnb-crd_tF_31.01" xlink:label="loc_dnb-crd_tF_31.01" />
    <label:label xlink:type="resource" xlink:label="label_dnb-crd_tF_31.01" xml:lang="en" xlink:role="http://www.xbrl.org/2008/role/label">F 31.01</label:label>
    <gen:arc xlink:type="arc" xlink:arcrole="http://xbrl.org/arcrole/2008/element-label" xlink:from="loc_dnb-crd_tF_31.01" xlink:to="label_dnb-crd_tF_31.01" />
    <label:label xlink:type="resource" xlink:label="label_dnb-crd_tF_31.01_1" xml:lang="en" xlink:role="http://www.xbrl.org/2008/role/verboseLabel">F 31.01 Related parties: amounts payable to and amounts receivable from</label:label>
    <gen:arc xlink:type="arc" xlink:arcrole="http://xbrl.org/arcrole/2008/element-label" xlink:from="loc_dnb-crd_tF_31.01" xlink:to="label_dnb-crd_tF_31.01_1" />
    <link:loc xlink:type="locator" xlink:href="f_31.01-rend.xml#dnb-crd_a1" xlink:label="loc_dnb-crd_a1" />
    <label:label xlink:type="resource" xlink:label="label_dnb-crd_a1" xml:lang="en" xlink:role="http://www.xbrl.org/2008/role/label">Columns</label:label>
    <gen:arc xlink:type="arc" xlink:arcrole="http://xbrl.org/arcrole/2008/element-label" xlink:from="loc_dnb-crd_a1" xlink:to="label_dnb-crd_a1" />
    <link:loc xlink:type="locator" xlink:href="f_31.01-rend.xml#dnb-crd_c42036" xlink:label="loc_dnb-crd_c42036" />
    <label:label xlink:type="resource" xlink:label="label_dnb-crd_c42036" xml:lang="en" xlink:role="http://www.xbrl.org/2008/role/label">Outstanding balances</label:label>
    <gen:arc xlink:type="arc" xlink:arcrole="http://xbrl.org/arcrole/2008/element-label" xlink:from="loc_dnb-crd_c42036" xlink:to="label_dnb-crd_c42036" />
    <link:loc xlink:type="locator" xlink:href="f_31.01-rend.xml#dnb-crd_c42037" xlink:label="loc_dnb-crd_c42037" />
    <label:label xlink:type="resource" xlink:label="label_dnb-crd_c42037" xml:lang="en" xlink:role="http://www.xbrl.org/2008/role/label">Parent and entities with joint control or significance influence</label:label>
    <gen:arc xlink:type="arc" xlink:arcrole="http://xbrl.org/arcrole/2008/element-label" xlink:from="loc_dnb-crd_c42037" xlink:to="label_dnb-crd_c42037" />
    <link:loc xlink:type="locator" xlink:href="f_31.01-rend.xml#dnb-crd_c42038" xlink:label="loc_dnb-crd_c42038" />
    <label:label xlink:type="resource" xlink:label="label_dnb-crd_c42038" xml:lang="en" xlink:role="http://www.xbrl.org/2008/role/label">Subsidiaries and other entities of the same group</label:label>
    <gen:arc xlink:type="arc" xlink:arcrole="http://xbrl.org/arcrole/2008/element-label" xlink:from="loc_dnb-crd_c42038" xlink:to="label_dnb-crd_c42038" />
    <link:loc xlink:type="locator" xlink:href="f_31.01-rend.xml#dnb-crd_c42039" xlink:label="loc_dnb-crd_c42039" />
    <label:label xlink:type="resource" xlink:label="label_dnb-crd_c42039" xml:lang="en" xlink:role="http://www.xbrl.org/2008/role/label">Associates and joint ventures</label:label>
    <gen:arc xlink:type="arc" xlink:arcrole="http://xbrl.org/arcrole/2008/element-label" xlink:from="loc_dnb-crd_c42039" xlink:to="label_dnb-crd_c42039" />
    <link:loc xlink:type="locator" xlink:href="f_31.01-rend.xml#dnb-crd_c42040" xlink:label="loc_dnb-crd_c42040" />
    <label:label xlink:type="resource" xlink:label="label_dnb-crd_c42040" xml:lang="en" xlink:role="http://www.xbrl.org/2008/role/label">Key management of the institution or its parent</label:label>
    <gen:arc xlink:type="arc" xlink:arcrole="http://xbrl.org/arcrole/2008/element-label" xlink:from="loc_dnb-crd_c42040" xlink:to="label_dnb-crd_c42040" />
    <link:loc xlink:type="locator" xlink:href="f_31.01-rend.xml#dnb-crd_c42041" xlink:label="loc_dnb-crd_c42041" />
    <label:label xlink:type="resource" xlink:label="label_dnb-crd_c42041" xml:lang="en" xlink:role="http://www.xbrl.org/2008/role/label">Other related parties</label:label>
    <gen:arc xlink:type="arc" xlink:arcrole="http://xbrl.org/arcrole/2008/element-label" xlink:from="loc_dnb-crd_c42041" xlink:to="label_dnb-crd_c42041" />
    <link:loc xlink:type="locator" xlink:href="f_31.01-rend.xml#dnb-crd_c42055" xlink:label="loc_dnb-crd_c42055" />
    <label:label xlink:type="resource" xlink:label="label_dnb-crd_c42055" xml:lang="en" xlink:role="http://www.xbrl.org/2008/role/label">Of which: Managed funds</label:label>
    <gen:arc xlink:type="arc" xlink:arcrole="http://xbrl.org/arcrole/2008/element-label" xlink:from="loc_dnb-crd_c42055" xlink:to="label_dnb-crd_c42055" />
    <link:loc xlink:type="locator" xlink:href="f_31.01-rend.xml#dnb-crd_a2" xlink:label="loc_dnb-crd_a2" />
    <label:label xlink:type="resource" xlink:label="label_dnb-crd_a2" xml:lang="en" xlink:role="http://www.xbrl.org/2008/role/label">Rows</label:label>
    <gen:arc xlink:type="arc" xlink:arcrole="http://xbrl.org/arcrole/2008/element-label" xlink:from="loc_dnb-crd_a2" xlink:to="label_dnb-crd_a2" />
    <link:loc xlink:type="locator" xlink:href="f_31.01-rend.xml#dnb-crd_c42042" xlink:label="loc_dnb-crd_c42042" />
    <label:label xlink:type="resource" xlink:label="label_dnb-crd_c42042" xml:lang="en" xlink:role="http://www.xbrl.org/2008/role/label">Selected financial assets</label:label>
    <gen:arc xlink:type="arc" xlink:arcrole="http://xbrl.org/arcrole/2008/element-label" xlink:from="loc_dnb-crd_c42042" xlink:to="label_dnb-crd_c42042" />
    <link:loc xlink:type="locator" xlink:href="f_31.01-rend.xml#dnb-crd_c42043" xlink:label="loc_dnb-crd_c42043" />
    <label:label xlink:type="resource" xlink:label="label_dnb-crd_c42043" xml:lang="en" xlink:role="http://www.xbrl.org/2008/role/label">Equity instruments</label:label>
    <gen:arc xlink:type="arc" xlink:arcrole="http://xbrl.org/arcrole/2008/element-label" xlink:from="loc_dnb-crd_c42043" xlink:to="label_dnb-crd_c42043" />
    <link:loc xlink:type="locator" xlink:href="f_31.01-rend.xml#dnb-crd_c42044" xlink:label="loc_dnb-crd_c42044" />
    <label:label xlink:type="resource" xlink:label="label_dnb-crd_c42044" xml:lang="en" xlink:role="http://www.xbrl.org/2008/role/label">Debt securities</label:label>
    <gen:arc xlink:type="arc" xlink:arcrole="http://xbrl.org/arcrole/2008/element-label" xlink:from="loc_dnb-crd_c42044" xlink:to="label_dnb-crd_c42044" />
    <link:loc xlink:type="locator" xlink:href="f_31.01-rend.xml#dnb-crd_c42045" xlink:label="loc_dnb-crd_c42045" />
    <label:label xlink:type="resource" xlink:label="label_dnb-crd_c42045" xml:lang="en" xlink:role="http://www.xbrl.org/2008/role/label">Loans and advances</label:label>
    <gen:arc xlink:type="arc" xlink:arcrole="http://xbrl.org/arcrole/2008/element-label" xlink:from="loc_dnb-crd_c42045" xlink:to="label_dnb-crd_c42045" />
    <link:loc xlink:type="locator" xlink:href="f_31.01-rend.xml#dnb-crd_c42046" xlink:label="loc_dnb-crd_c42046" />
    <label:label xlink:type="resource" xlink:label="label_dnb-crd_c42046" xml:lang="en" xlink:role="http://www.xbrl.org/2008/role/label">Of which: Impaired financial assets</label:label>
    <gen:arc xlink:type="arc" xlink:arcrole="http://xbrl.org/arcrole/2008/element-label" xlink:from="loc_dnb-crd_c42046" xlink:to="label_dnb-crd_c42046" />
    <link:loc xlink:type="locator" xlink:href="f_31.01-rend.xml#dnb-crd_c42047" xlink:label="loc_dnb-crd_c42047" />
    <label:label xlink:type="resource" xlink:label="label_dnb-crd_c42047" xml:lang="en" xlink:role="http://www.xbrl.org/2008/role/label">Selected financial liabilities</label:label>
    <gen:arc xlink:type="arc" xlink:arcrole="http://xbrl.org/arcrole/2008/element-label" xlink:from="loc_dnb-crd_c42047" xlink:to="label_dnb-crd_c42047" />
    <link:loc xlink:type="locator" xlink:href="f_31.01-rend.xml#dnb-crd_c42048" xlink:label="loc_dnb-crd_c42048" />
    <label:label xlink:type="resource" xlink:label="label_dnb-crd_c42048" xml:lang="en" xlink:role="http://www.xbrl.org/2008/role/label">Deposits</label:label>
    <gen:arc xlink:type="arc" xlink:arcrole="http://xbrl.org/arcrole/2008/element-label" xlink:from="loc_dnb-crd_c42048" xlink:to="label_dnb-crd_c42048" />
    <link:loc xlink:type="locator" xlink:href="f_31.01-rend.xml#dnb-crd_c42049" xlink:label="loc_dnb-crd_c42049" />
    <label:label xlink:type="resource" xlink:label="label_dnb-crd_c42049" xml:lang="en" xlink:role="http://www.xbrl.org/2008/role/label">Debt securities issued</label:label>
    <gen:arc xlink:type="arc" xlink:arcrole="http://xbrl.org/arcrole/2008/element-label" xlink:from="loc_dnb-crd_c42049" xlink:to="label_dnb-crd_c42049" />
    <link:loc xlink:type="locator" xlink:href="f_31.01-rend.xml#dnb-crd_c42050" xlink:label="loc_dnb-crd_c42050" />
    <label:label xlink:type="resource" xlink:label="label_dnb-crd_c42050" xml:lang="en" xlink:role="http://www.xbrl.org/2008/role/label">Nominal amount of loan commitments, financial guarantees and other commitments given</label:label>
    <gen:arc xlink:type="arc" xlink:arcrole="http://xbrl.org/arcrole/2008/element-label" xlink:from="loc_dnb-crd_c42050" xlink:to="label_dnb-crd_c42050" />
    <link:loc xlink:type="locator" xlink:href="f_31.01-rend.xml#dnb-crd_c42051" xlink:label="loc_dnb-crd_c42051" />
    <label:label xlink:type="resource" xlink:label="label_dnb-crd_c42051" xml:lang="en" xlink:role="http://www.xbrl.org/2008/role/label">Of which: defaulted</label:label>
    <gen:arc xlink:type="arc" xlink:arcrole="http://xbrl.org/arcrole/2008/element-label" xlink:from="loc_dnb-crd_c42051" xlink:to="label_dnb-crd_c42051" />
    <link:loc xlink:type="locator" xlink:href="f_31.01-rend.xml#dnb-crd_c42052" xlink:label="loc_dnb-crd_c42052" />
    <label:label xlink:type="resource" xlink:label="label_dnb-crd_c42052" xml:lang="en" xlink:role="http://www.xbrl.org/2008/role/label">Loan commitments, financial guarantees and other commitments received</label:label>
    <gen:arc xlink:type="arc" xlink:arcrole="http://xbrl.org/arcrole/2008/element-label" xlink:from="loc_dnb-crd_c42052" xlink:to="label_dnb-crd_c42052" />
    <link:loc xlink:type="locator" xlink:href="f_31.01-rend.xml#dnb-crd_c42053" xlink:label="loc_dnb-crd_c42053" />
    <label:label xlink:type="resource" xlink:label="label_dnb-crd_c42053" xml:lang="en" xlink:role="http://www.xbrl.org/2008/role/label">Notional amount of derivatives</label:label>
    <gen:arc xlink:type="arc" xlink:arcrole="http://xbrl.org/arcrole/2008/element-label" xlink:from="loc_dnb-crd_c42053" xlink:to="label_dnb-crd_c42053" />
    <link:loc xlink:type="locator" xlink:href="f_31.01-rend.xml#dnb-crd_c42054" xlink:label="loc_dnb-crd_c42054" />
    <label:label xlink:type="resource" xlink:label="label_dnb-crd_c42054" xml:lang="en" xlink:role="http://www.xbrl.org/2008/role/label">Accumulated impairment, accumulated changes in fair value due to credit risk and provisions on non-performing exposures</label:label>
    <gen:arc xlink:type="arc" xlink:arcrole="http://xbrl.org/arcrole/2008/element-label" xlink:from="loc_dnb-crd_c42054" xlink:to="label_dnb-crd_c42054" />
  </gen:link>
</link:linkbase>