﻿<?xml version="1.0" encoding="utf-8"?>
<!--© DNB-->
<link:linkbase xmlns:xsi="http://www.w3.org/2001/XMLSchema-instance" xmlns:xlink="http://www.w3.org/1999/xlink" xmlns:link="http://www.xbrl.org/2003/linkbase" xmlns:gen="http://xbrl.org/2008/generic" xmlns:label="http://xbrl.org/2008/label" xsi:schemaLocation="http://www.xbrl.org/2003/linkbase http://www.xbrl.org/2003/xbrl-linkbase-2003-12-31.xsd http://xbrl.org/2008/generic http://www.xbrl.org/2008/generic-link.xsd http://xbrl.org/2008/label http://www.xbrl.org/2008/generic-label.xsd">
  <link:arcroleRef arcroleURI="http://xbrl.org/arcrole/2008/element-label" xlink:type="simple" xlink:href="http://www.xbrl.org/2008/generic-label.xsd#element-label" />
  <link:roleRef roleURI="http://www.eurofiling.info/xbrl/role/filing-indicator-code" xlink:type="simple" xlink:href="http://www.eurofiling.info/eu/fr/xbrl/ext/model.xsd#filing-indicator-code" />
  <link:roleRef roleURI="http://www.eurofiling.info/xbrl/role/rc-code" xlink:type="simple" xlink:href="http://www.eurofiling.info/eu/fr/xbrl/ext/model.xsd#rc-code" />
  <gen:link xlink:type="extended" xlink:role="http://www.xbrl.org/2003/role/link">
    <link:loc xlink:type="locator" xlink:href="f_31.01-rend.xml#dnb-crd_tF_31.01" xlink:label="loc_dnb-crd_tF_31.01" />
    <label:label xlink:type="resource" xlink:label="label_dnb-crd_tF_31.01" xml:lang="en" xlink:role="http://www.eurofiling.info/xbrl/role/rc-code">F 31.01</label:label>
    <gen:arc xlink:type="arc" xlink:arcrole="http://xbrl.org/arcrole/2008/element-label" xlink:from="loc_dnb-crd_tF_31.01" xlink:to="label_dnb-crd_tF_31.01" />
    <link:loc xlink:type="locator" xlink:href="f_31.01-rend.xml#dnb-crd_c42036" xlink:label="loc_dnb-crd_c42036" />
    <label:label xlink:type="resource" xlink:label="label_dnb-crd_c42036" xml:lang="en" xlink:role="http://www.eurofiling.info/xbrl/role/rc-code">009</label:label>
    <gen:arc xlink:type="arc" xlink:arcrole="http://xbrl.org/arcrole/2008/element-label" xlink:from="loc_dnb-crd_c42036" xlink:to="label_dnb-crd_c42036" />
    <link:loc xlink:type="locator" xlink:href="f_31.01-rend.xml#dnb-crd_c42037" xlink:label="loc_dnb-crd_c42037" />
    <label:label xlink:type="resource" xlink:label="label_dnb-crd_c42037" xml:lang="en" xlink:role="http://www.eurofiling.info/xbrl/role/rc-code">010</label:label>
    <gen:arc xlink:type="arc" xlink:arcrole="http://xbrl.org/arcrole/2008/element-label" xlink:from="loc_dnb-crd_c42037" xlink:to="label_dnb-crd_c42037" />
    <link:loc xlink:type="locator" xlink:href="f_31.01-rend.xml#dnb-crd_c42038" xlink:label="loc_dnb-crd_c42038" />
    <label:label xlink:type="resource" xlink:label="label_dnb-crd_c42038" xml:lang="en" xlink:role="http://www.eurofiling.info/xbrl/role/rc-code">020</label:label>
    <gen:arc xlink:type="arc" xlink:arcrole="http://xbrl.org/arcrole/2008/element-label" xlink:from="loc_dnb-crd_c42038" xlink:to="label_dnb-crd_c42038" />
    <link:loc xlink:type="locator" xlink:href="f_31.01-rend.xml#dnb-crd_c42039" xlink:label="loc_dnb-crd_c42039" />
    <label:label xlink:type="resource" xlink:label="label_dnb-crd_c42039" xml:lang="en" xlink:role="http://www.eurofiling.info/xbrl/role/rc-code">030</label:label>
    <gen:arc xlink:type="arc" xlink:arcrole="http://xbrl.org/arcrole/2008/element-label" xlink:from="loc_dnb-crd_c42039" xlink:to="label_dnb-crd_c42039" />
    <link:loc xlink:type="locator" xlink:href="f_31.01-rend.xml#dnb-crd_c42040" xlink:label="loc_dnb-crd_c42040" />
    <label:label xlink:type="resource" xlink:label="label_dnb-crd_c42040" xml:lang="en" xlink:role="http://www.eurofiling.info/xbrl/role/rc-code">040</label:label>
    <gen:arc xlink:type="arc" xlink:arcrole="http://xbrl.org/arcrole/2008/element-label" xlink:from="loc_dnb-crd_c42040" xlink:to="label_dnb-crd_c42040" />
    <link:loc xlink:type="locator" xlink:href="f_31.01-rend.xml#dnb-crd_c42041" xlink:label="loc_dnb-crd_c42041" />
    <label:label xlink:type="resource" xlink:label="label_dnb-crd_c42041" xml:lang="en" xlink:role="http://www.eurofiling.info/xbrl/role/rc-code">050</label:label>
    <gen:arc xlink:type="arc" xlink:arcrole="http://xbrl.org/arcrole/2008/element-label" xlink:from="loc_dnb-crd_c42041" xlink:to="label_dnb-crd_c42041" />
    <link:loc xlink:type="locator" xlink:href="f_31.01-rend.xml#dnb-crd_c42055" xlink:label="loc_dnb-crd_c42055" />
    <label:label xlink:type="resource" xlink:label="label_dnb-crd_c42055" xml:lang="en" xlink:role="http://www.eurofiling.info/xbrl/role/rc-code">060</label:label>
    <gen:arc xlink:type="arc" xlink:arcrole="http://xbrl.org/arcrole/2008/element-label" xlink:from="loc_dnb-crd_c42055" xlink:to="label_dnb-crd_c42055" />
    <link:loc xlink:type="locator" xlink:href="f_31.01-rend.xml#dnb-crd_c42042" xlink:label="loc_dnb-crd_c42042" />
    <label:label xlink:type="resource" xlink:label="label_dnb-crd_c42042" xml:lang="en" xlink:role="http://www.eurofiling.info/xbrl/role/rc-code">010</label:label>
    <gen:arc xlink:type="arc" xlink:arcrole="http://xbrl.org/arcrole/2008/element-label" xlink:from="loc_dnb-crd_c42042" xlink:to="label_dnb-crd_c42042" />
    <link:loc xlink:type="locator" xlink:href="f_31.01-rend.xml#dnb-crd_c42043" xlink:label="loc_dnb-crd_c42043" />
    <label:label xlink:type="resource" xlink:label="label_dnb-crd_c42043" xml:lang="en" xlink:role="http://www.eurofiling.info/xbrl/role/rc-code">020</label:label>
    <gen:arc xlink:type="arc" xlink:arcrole="http://xbrl.org/arcrole/2008/element-label" xlink:from="loc_dnb-crd_c42043" xlink:to="label_dnb-crd_c42043" />
    <link:loc xlink:type="locator" xlink:href="f_31.01-rend.xml#dnb-crd_c42044" xlink:label="loc_dnb-crd_c42044" />
    <label:label xlink:type="resource" xlink:label="label_dnb-crd_c42044" xml:lang="en" xlink:role="http://www.eurofiling.info/xbrl/role/rc-code">030</label:label>
    <gen:arc xlink:type="arc" xlink:arcrole="http://xbrl.org/arcrole/2008/element-label" xlink:from="loc_dnb-crd_c42044" xlink:to="label_dnb-crd_c42044" />
    <link:loc xlink:type="locator" xlink:href="f_31.01-rend.xml#dnb-crd_c42045" xlink:label="loc_dnb-crd_c42045" />
    <label:label xlink:type="resource" xlink:label="label_dnb-crd_c42045" xml:lang="en" xlink:role="http://www.eurofiling.info/xbrl/role/rc-code">040</label:label>
    <gen:arc xlink:type="arc" xlink:arcrole="http://xbrl.org/arcrole/2008/element-label" xlink:from="loc_dnb-crd_c42045" xlink:to="label_dnb-crd_c42045" />
    <link:loc xlink:type="locator" xlink:href="f_31.01-rend.xml#dnb-crd_c42046" xlink:label="loc_dnb-crd_c42046" />
    <label:label xlink:type="resource" xlink:label="label_dnb-crd_c42046" xml:lang="en" xlink:role="http://www.eurofiling.info/xbrl/role/rc-code">050</label:label>
    <gen:arc xlink:type="arc" xlink:arcrole="http://xbrl.org/arcrole/2008/element-label" xlink:from="loc_dnb-crd_c42046" xlink:to="label_dnb-crd_c42046" />
    <link:loc xlink:type="locator" xlink:href="f_31.01-rend.xml#dnb-crd_c42047" xlink:label="loc_dnb-crd_c42047" />
    <label:label xlink:type="resource" xlink:label="label_dnb-crd_c42047" xml:lang="en" xlink:role="http://www.eurofiling.info/xbrl/role/rc-code">060</label:label>
    <gen:arc xlink:type="arc" xlink:arcrole="http://xbrl.org/arcrole/2008/element-label" xlink:from="loc_dnb-crd_c42047" xlink:to="label_dnb-crd_c42047" />
    <link:loc xlink:type="locator" xlink:href="f_31.01-rend.xml#dnb-crd_c42048" xlink:label="loc_dnb-crd_c42048" />
    <label:label xlink:type="resource" xlink:label="label_dnb-crd_c42048" xml:lang="en" xlink:role="http://www.eurofiling.info/xbrl/role/rc-code">070</label:label>
    <gen:arc xlink:type="arc" xlink:arcrole="http://xbrl.org/arcrole/2008/element-label" xlink:from="loc_dnb-crd_c42048" xlink:to="label_dnb-crd_c42048" />
    <link:loc xlink:type="locator" xlink:href="f_31.01-rend.xml#dnb-crd_c42049" xlink:label="loc_dnb-crd_c42049" />
    <label:label xlink:type="resource" xlink:label="label_dnb-crd_c42049" xml:lang="en" xlink:role="http://www.eurofiling.info/xbrl/role/rc-code">080</label:label>
    <gen:arc xlink:type="arc" xlink:arcrole="http://xbrl.org/arcrole/2008/element-label" xlink:from="loc_dnb-crd_c42049" xlink:to="label_dnb-crd_c42049" />
    <link:loc xlink:type="locator" xlink:href="f_31.01-rend.xml#dnb-crd_c42050" xlink:label="loc_dnb-crd_c42050" />
    <label:label xlink:type="resource" xlink:label="label_dnb-crd_c42050" xml:lang="en" xlink:role="http://www.eurofiling.info/xbrl/role/rc-code">090</label:label>
    <gen:arc xlink:type="arc" xlink:arcrole="http://xbrl.org/arcrole/2008/element-label" xlink:from="loc_dnb-crd_c42050" xlink:to="label_dnb-crd_c42050" />
    <link:loc xlink:type="locator" xlink:href="f_31.01-rend.xml#dnb-crd_c42051" xlink:label="loc_dnb-crd_c42051" />
    <label:label xlink:type="resource" xlink:label="label_dnb-crd_c42051" xml:lang="en" xlink:role="http://www.eurofiling.info/xbrl/role/rc-code">100</label:label>
    <gen:arc xlink:type="arc" xlink:arcrole="http://xbrl.org/arcrole/2008/element-label" xlink:from="loc_dnb-crd_c42051" xlink:to="label_dnb-crd_c42051" />
    <link:loc xlink:type="locator" xlink:href="f_31.01-rend.xml#dnb-crd_c42052" xlink:label="loc_dnb-crd_c42052" />
    <label:label xlink:type="resource" xlink:label="label_dnb-crd_c42052" xml:lang="en" xlink:role="http://www.eurofiling.info/xbrl/role/rc-code">110</label:label>
    <gen:arc xlink:type="arc" xlink:arcrole="http://xbrl.org/arcrole/2008/element-label" xlink:from="loc_dnb-crd_c42052" xlink:to="label_dnb-crd_c42052" />
    <link:loc xlink:type="locator" xlink:href="f_31.01-rend.xml#dnb-crd_c42053" xlink:label="loc_dnb-crd_c42053" />
    <label:label xlink:type="resource" xlink:label="label_dnb-crd_c42053" xml:lang="en" xlink:role="http://www.eurofiling.info/xbrl/role/rc-code">120</label:label>
    <gen:arc xlink:type="arc" xlink:arcrole="http://xbrl.org/arcrole/2008/element-label" xlink:from="loc_dnb-crd_c42053" xlink:to="label_dnb-crd_c42053" />
    <link:loc xlink:type="locator" xlink:href="f_31.01-rend.xml#dnb-crd_c42054" xlink:label="loc_dnb-crd_c42054" />
    <label:label xlink:type="resource" xlink:label="label_dnb-crd_c42054" xml:lang="en" xlink:role="http://www.eurofiling.info/xbrl/role/rc-code">130</label:label>
    <gen:arc xlink:type="arc" xlink:arcrole="http://xbrl.org/arcrole/2008/element-label" xlink:from="loc_dnb-crd_c42054" xlink:to="label_dnb-crd_c42054" />
    <label:label xlink:type="resource" xlink:label="label_dnb-crd_tF_31.01_1" xml:lang="en" xlink:role="http://www.eurofiling.info/xbrl/role/filing-indicator-code">F_31.01</label:label>
    <gen:arc xlink:type="arc" xlink:arcrole="http://xbrl.org/arcrole/2008/element-label" xlink:from="loc_dnb-crd_tF_31.01" xlink:to="label_dnb-crd_tF_31.01_1" />
  </gen:link>
</link:linkbase>