﻿<?xml version="1.0" encoding="UTF-8"?>
<tp:taxonomyPackage xml:lang="en" xsi:schemaLocation="http://xbrl.org/2016/taxonomy-package http://www.xbrl.org/2016/taxonomy-package.xsd" xmlns:xsi="http://www.w3.org/2001/XMLSchema-instance" xmlns:tp="http://xbrl.org/2016/taxonomy-package">
  <tp:identifier>urn:dnb:xbrl:fbo:2.0</tp:identifier>
  <tp:name xml:lang="en">Financial Reporting Investment Firms</tp:name>
  <tp:description xml:lang="en">Financial Reporting Investment Firms 2.0</tp:description>
  <tp:version>2.0</tp:version>
  <tp:publisher xml:lang="nl">De Nederlandsche Bank</tp:publisher>
  <tp:publisherURL >http://www.dnb.nl/</tp:publisherURL>
  <tp:publisherCountry >NL</tp:publisherCountry>
  <tp:publicationDate>2018-09-30</tp:publicationDate>
    <tp:entryPoints>
        <!-- Version 1.0 -->
        <tp:entryPoint>
            <tp:name>AM_EXT_CON_GAAP : External fund manager</tp:name>
            <tp:version>1.0</tp:version>
            <tp:entryPointDocument href="http://www.dnb.nl/nl/fr/xbrl/xtn/fws/finrep-bo/wft-3-72/2017-11-01/mod/finrep_am_ext_con_gaap.xsd"/>
            <tp:languages>
                <tp:language>en</tp:language>
                <tp:language>nl</tp:language>
            </tp:languages>
        </tp:entryPoint>
        <tp:entryPoint>
            <tp:name>AM_EXT_CON_IFRS : External fund manager</tp:name>
            <tp:version>1.0</tp:version>
            <tp:entryPointDocument href="http://www.dnb.nl/nl/fr/xbrl/xtn/fws/finrep-bo/wft-3-72/2017-11-01/mod/finrep_am_ext_con_ifrs.xsd"/>
            <tp:languages>
                <tp:language>en</tp:language>
                <tp:language>nl</tp:language>
            </tp:languages>
        </tp:entryPoint>
        <tp:entryPoint>
            <tp:name>AM_EXT_IND_GAAP : External fund manager</tp:name>
            <tp:version>1.0</tp:version>
            <tp:entryPointDocument href="http://www.dnb.nl/nl/fr/xbrl/xtn/fws/finrep-bo/wft-3-72/2017-11-01/mod/finrep_am_ext_ind_gaap.xsd"/>
            <tp:languages>
                <tp:language>en</tp:language>
                <tp:language>nl</tp:language>
            </tp:languages>
        </tp:entryPoint>
        <tp:entryPoint>
            <tp:name>AM_EXT_IND_IFRS : External fund manager</tp:name>
            <tp:version>1.0</tp:version>
            <tp:entryPointDocument href="http://www.dnb.nl/nl/fr/xbrl/xtn/fws/finrep-bo/wft-3-72/2017-11-01/mod/finrep_am_ext_ind_ifrs.xsd"/>
            <tp:languages>
                <tp:language>en</tp:language>
                <tp:language>nl</tp:language>
            </tp:languages>
        </tp:entryPoint>
        <tp:entryPoint>
            <tp:name>AM_INT_CON_GAAP : Internal fund manager</tp:name>
            <tp:version>1.0</tp:version>
            <tp:entryPointDocument href="http://www.dnb.nl/nl/fr/xbrl/xtn/fws/finrep-bo/wft-3-72/2017-11-01/mod/finrep_am_int_con_gaap.xsd"/>
            <tp:languages>
                <tp:language>en</tp:language>
                <tp:language>nl</tp:language>
            </tp:languages>
        </tp:entryPoint>
        <tp:entryPoint>
            <tp:name>AM_INT_CON_IFRS : Internal fund manager</tp:name>
            <tp:version>1.0</tp:version>
            <tp:entryPointDocument href="http://www.dnb.nl/nl/fr/xbrl/xtn/fws/finrep-bo/wft-3-72/2017-11-01/mod/finrep_am_int_con_ifrs.xsd"/>
            <tp:languages>
                <tp:language>en</tp:language>
                <tp:language>nl</tp:language>
            </tp:languages>
        </tp:entryPoint>
        <tp:entryPoint>
            <tp:name>AM_INT_IND_GAAP : Internal fund manager</tp:name>
            <tp:version>1.0</tp:version>
            <tp:entryPointDocument href="http://www.dnb.nl/nl/fr/xbrl/xtn/fws/finrep-bo/wft-3-72/2017-11-01/mod/finrep_am_int_ind_gaap.xsd"/>
            <tp:languages>
                <tp:language>en</tp:language>
                <tp:language>nl</tp:language>
            </tp:languages>
        </tp:entryPoint>
        <tp:entryPoint>
            <tp:name>AM_INT_IND_IFRS : Internal fund manager</tp:name>
            <tp:version>1.0</tp:version>
            <tp:entryPointDocument href="http://www.dnb.nl/nl/fr/xbrl/xtn/fws/finrep-bo/wft-3-72/2017-11-01/mod/finrep_am_int_ind_ifrs.xsd"/>
            <tp:languages>
                <tp:language>en</tp:language>
                <tp:language>nl</tp:language>
            </tp:languages>
        </tp:entryPoint>
        <tp:entryPoint>
            <tp:name>IF_X1_CON_GAAP : Investment firm article 92</tp:name>
            <tp:version>1.0</tp:version>
            <tp:entryPointDocument href="http://www.dnb.nl/nl/fr/xbrl/xtn/fws/finrep-bo/wft-3-72/2017-11-01/mod/finrep_if_x1_con_gaap.xsd"/>
            <tp:languages>
                <tp:language>en</tp:language>
                <tp:language>nl</tp:language>
            </tp:languages>
        </tp:entryPoint>
        <tp:entryPoint>
            <tp:name>IF_X1_CON_IFRS : Investment firm article 92</tp:name>
            <tp:version>1.0</tp:version>
            <tp:entryPointDocument href="http://www.dnb.nl/nl/fr/xbrl/xtn/fws/finrep-bo/wft-3-72/2017-11-01/mod/finrep_if_x1_con_ifrs.xsd"/>
            <tp:languages>
                <tp:language>en</tp:language>
                <tp:language>nl</tp:language>
            </tp:languages>
        </tp:entryPoint>
        <tp:entryPoint>
            <tp:name>IF_X1_IND_GAAP : Investment firm article 92</tp:name>
            <tp:version>1.0</tp:version>
            <tp:entryPointDocument href="http://www.dnb.nl/nl/fr/xbrl/xtn/fws/finrep-bo/wft-3-72/2017-11-01/mod/finrep_if_x1_ind_gaap.xsd"/>
            <tp:languages>
                <tp:language>en</tp:language>
                <tp:language>nl</tp:language>
            </tp:languages>
        </tp:entryPoint>
        <tp:entryPoint>
            <tp:name>IF_X1_IND_IFRS : Investment firm article 92</tp:name>
            <tp:version>1.0</tp:version>
            <tp:entryPointDocument href="http://www.dnb.nl/nl/fr/xbrl/xtn/fws/finrep-bo/wft-3-72/2017-11-01/mod/finrep_if_x1_ind_ifrs.xsd"/>
            <tp:languages>
                <tp:language>en</tp:language>
                <tp:language>nl</tp:language>
            </tp:languages>
        </tp:entryPoint>
        <tp:entryPoint>
            <tp:name>IF_X2_CON_GAAP : Investment firm article 95 or 96</tp:name>
            <tp:version>1.0</tp:version>
            <tp:entryPointDocument href="http://www.dnb.nl/nl/fr/xbrl/xtn/fws/finrep-bo/wft-3-72/2017-11-01/mod/finrep_if_x2_con_gaap.xsd"/>
            <tp:languages>
                <tp:language>en</tp:language>
                <tp:language>nl</tp:language>
            </tp:languages>
        </tp:entryPoint>
        <tp:entryPoint>
            <tp:name>IF_X2_CON_IFRS : Investment firm article 95 or 96</tp:name>
            <tp:version>1.0</tp:version>
            <tp:entryPointDocument href="http://www.dnb.nl/nl/fr/xbrl/xtn/fws/finrep-bo/wft-3-72/2017-11-01/mod/finrep_if_x2_con_ifrs.xsd"/>
            <tp:languages>
                <tp:language>en</tp:language>
                <tp:language>nl</tp:language>
            </tp:languages>
        </tp:entryPoint>
        <tp:entryPoint>
            <tp:name>IF_X2_IND_GAAP : Investment firm article 95 or 96</tp:name>
            <tp:version>1.0</tp:version>
            <tp:entryPointDocument href="http://www.dnb.nl/nl/fr/xbrl/xtn/fws/finrep-bo/wft-3-72/2017-11-01/mod/finrep_if_x2_ind_gaap.xsd"/>
            <tp:languages>
                <tp:language>en</tp:language>
                <tp:language>nl</tp:language>
            </tp:languages>
        </tp:entryPoint>
        <tp:entryPoint>
            <tp:name>IF_X2_IND_IFRS : Investment firm article 95 or 96</tp:name>
            <tp:version>1.0</tp:version>
            <tp:entryPointDocument href="http://www.dnb.nl/nl/fr/xbrl/xtn/fws/finrep-bo/wft-3-72/2017-11-01/mod/finrep_if_x2_ind_ifrs.xsd"/>
            <tp:languages>
                <tp:language>en</tp:language>
                <tp:language>nl</tp:language>
            </tp:languages>
        </tp:entryPoint>
        <tp:entryPoint>
            <tp:name>IF_X3_CON_GAAP : Investment firm with investment services A/D</tp:name>
            <tp:version>1.0</tp:version>
            <tp:entryPointDocument href="http://www.dnb.nl/nl/fr/xbrl/xtn/fws/finrep-bo/wft-3-72/2017-11-01/mod/finrep_if_x3_con_gaap.xsd"/>
            <tp:languages>
                <tp:language>en</tp:language>
                <tp:language>nl</tp:language>
            </tp:languages>
        </tp:entryPoint>
        <tp:entryPoint>
            <tp:name>IF_X3_CON_IFRS : Investment firm with investment services A/D</tp:name>
            <tp:version>1.0</tp:version>
            <tp:entryPointDocument href="http://www.dnb.nl/nl/fr/xbrl/xtn/fws/finrep-bo/wft-3-72/2017-11-01/mod/finrep_if_x3_con_ifrs.xsd"/>
            <tp:languages>
                <tp:language>en</tp:language>
                <tp:language>nl</tp:language>
            </tp:languages>
        </tp:entryPoint>
        <tp:entryPoint>
            <tp:name>IF_X3_IND_GAAP : Investment firm with investment services A/D</tp:name>
            <tp:version>1.0</tp:version>
            <tp:entryPointDocument href="http://www.dnb.nl/nl/fr/xbrl/xtn/fws/finrep-bo/wft-3-72/2017-11-01/mod/finrep_if_x3_ind_gaap.xsd"/>
            <tp:languages>
                <tp:language>en</tp:language>
                <tp:language>nl</tp:language>
            </tp:languages>
        </tp:entryPoint>
        <tp:entryPoint>
            <tp:name>IF_X3_IND_IFRS : Investment firm with investment services A/D</tp:name>
            <tp:version>1.0</tp:version>
            <tp:entryPointDocument href="http://www.dnb.nl/nl/fr/xbrl/xtn/fws/finrep-bo/wft-3-72/2017-11-01/mod/finrep_if_x3_ind_ifrs.xsd"/>
            <tp:languages>
                <tp:language>en</tp:language>
                <tp:language>nl</tp:language>
            </tp:languages>
        </tp:entryPoint>
        <tp:entryPoint>
            <tp:name>IF_X4_CON_GAAP : Investment firm trading for own account</tp:name>
            <tp:version>1.0</tp:version>
            <tp:entryPointDocument href="http://www.dnb.nl/nl/fr/xbrl/xtn/fws/finrep-bo/wft-3-72/2017-11-01/mod/finrep_if_x4_con_gaap.xsd"/>
            <tp:languages>
                <tp:language>en</tp:language>
                <tp:language>nl</tp:language>
            </tp:languages>
        </tp:entryPoint>
        <tp:entryPoint>
            <tp:name>IF_X4_CON_IFRS : Investment firm trading for own account</tp:name>
            <tp:version>1.0</tp:version>
            <tp:entryPointDocument href="http://www.dnb.nl/nl/fr/xbrl/xtn/fws/finrep-bo/wft-3-72/2017-11-01/mod/finrep_if_x4_con_ifrs.xsd"/>
            <tp:languages>
                <tp:language>en</tp:language>
                <tp:language>nl</tp:language>
            </tp:languages>
        </tp:entryPoint>
        <tp:entryPoint>
            <tp:name>IF_X4_IND_GAAP : Investment firm trading for own account</tp:name>
            <tp:version>1.0</tp:version>
            <tp:entryPointDocument href="http://www.dnb.nl/nl/fr/xbrl/xtn/fws/finrep-bo/wft-3-72/2017-11-01/mod/finrep_if_x4_ind_gaap.xsd"/>
            <tp:languages>
                <tp:language>en</tp:language>
                <tp:language>nl</tp:language>
            </tp:languages>
        </tp:entryPoint>
        <tp:entryPoint>
            <tp:name>IF_X4_IND_IFRS : Investment firm trading for own account</tp:name>
            <tp:version>1.0</tp:version>
            <tp:entryPointDocument href="http://www.dnb.nl/nl/fr/xbrl/xtn/fws/finrep-bo/wft-3-72/2017-11-01/mod/finrep_if_x4_ind_ifrs.xsd"/>
            <tp:languages>
                <tp:language>en</tp:language>
                <tp:language>nl</tp:language>
            </tp:languages>
        </tp:entryPoint>
        <tp:entryPoint>
            <tp:name>IF_X5_CON_GAAP : Holding</tp:name>
            <tp:version>1.0</tp:version>
            <tp:entryPointDocument href="http://www.dnb.nl/nl/fr/xbrl/xtn/fws/finrep-bo/wft-3-72/2017-11-01/mod/finrep_if_x5_con_gaap.xsd"/>
            <tp:languages>
                <tp:language>en</tp:language>
                <tp:language>nl</tp:language>
            </tp:languages>
        </tp:entryPoint>
        <tp:entryPoint>
            <tp:name>IF_X5_CON_IFRS : Holding</tp:name>
            <tp:version>1.0</tp:version>
            <tp:entryPointDocument href="http://www.dnb.nl/nl/fr/xbrl/xtn/fws/finrep-bo/wft-3-72/2017-11-01/mod/finrep_if_x5_con_ifrs.xsd"/>
            <tp:languages>
                <tp:language>en</tp:language>
                <tp:language>nl</tp:language>
            </tp:languages>
        </tp:entryPoint>
        <tp:entryPoint>
            <tp:name>IF_X5_IND_GAAP : Holding</tp:name>
            <tp:version>1.0</tp:version>
            <tp:entryPointDocument href="http://www.dnb.nl/nl/fr/xbrl/xtn/fws/finrep-bo/wft-3-72/2017-11-01/mod/finrep_if_x5_ind_gaap.xsd"/>
            <tp:languages>
                <tp:language>en</tp:language>
                <tp:language>nl</tp:language>
            </tp:languages>
        </tp:entryPoint>
        <tp:entryPoint>
            <tp:name>IF_X5_IND_IFRS : Holding</tp:name>
            <tp:version>1.0</tp:version>
            <tp:entryPointDocument href="http://www.dnb.nl/nl/fr/xbrl/xtn/fws/finrep-bo/wft-3-72/2017-11-01/mod/finrep_if_x5_ind_ifrs.xsd"/>
            <tp:languages>
                <tp:language>en</tp:language>
                <tp:language>nl</tp:language>
            </tp:languages>
        </tp:entryPoint>
        <tp:entryPoint>
            <tp:name>IFAM_ALL_CON_GAAP : All</tp:name>
            <tp:version>1.0</tp:version>
            <tp:entryPointDocument href="http://www.dnb.nl/nl/fr/xbrl/xtn/fws/finrep-bo/wft-3-72/2017-11-01/mod/finrep_ifam_all_con_gaap.xsd"/>
            <tp:languages>
                <tp:language>en</tp:language>
                <tp:language>nl</tp:language>
            </tp:languages>
        </tp:entryPoint>
        <tp:entryPoint>
            <tp:name>IFAM_ALL_CON_IFRS : All</tp:name>
            <tp:version>1.0</tp:version>
            <tp:entryPointDocument href="http://www.dnb.nl/nl/fr/xbrl/xtn/fws/finrep-bo/wft-3-72/2017-11-01/mod/finrep_ifam_all_con_ifrs.xsd"/>
            <tp:languages>
                <tp:language>en</tp:language>
                <tp:language>nl</tp:language>
            </tp:languages>
        </tp:entryPoint>
        <tp:entryPoint>
            <tp:name>IFAM_ALL_IND_GAAP : All</tp:name>
            <tp:version>1.0</tp:version>
            <tp:entryPointDocument href="http://www.dnb.nl/nl/fr/xbrl/xtn/fws/finrep-bo/wft-3-72/2017-11-01/mod/finrep_ifam_all_ind_gaap.xsd"/>
            <tp:languages>
                <tp:language>en</tp:language>
                <tp:language>nl</tp:language>
            </tp:languages>
        </tp:entryPoint>
        <tp:entryPoint>
            <tp:name>IFAM_ALL_IND_IFRS : All</tp:name>
            <tp:version>1.0</tp:version>
            <tp:entryPointDocument href="http://www.dnb.nl/nl/fr/xbrl/xtn/fws/finrep-bo/wft-3-72/2017-11-01/mod/finrep_ifam_all_ind_ifrs.xsd"/>
            <tp:languages>
                <tp:language>en</tp:language>
                <tp:language>nl</tp:language>
            </tp:languages>
        </tp:entryPoint>
        <tp:entryPoint>
            <tp:name>IFAM_X6_CON_GAAP : Fund manager with investment services</tp:name>
            <tp:version>1.0</tp:version>
            <tp:entryPointDocument href="http://www.dnb.nl/nl/fr/xbrl/xtn/fws/finrep-bo/wft-3-72/2017-11-01/mod/finrep_ifam_x6_con_gaap.xsd"/>
            <tp:languages>
                <tp:language>en</tp:language>
                <tp:language>nl</tp:language>
            </tp:languages>
        </tp:entryPoint>
        <tp:entryPoint>
            <tp:name>IFAM_X6_CON_IFRS : Fund manager with investment services</tp:name>
            <tp:version>1.0</tp:version>
            <tp:entryPointDocument href="http://www.dnb.nl/nl/fr/xbrl/xtn/fws/finrep-bo/wft-3-72/2017-11-01/mod/finrep_ifam_x6_con_ifrs.xsd"/>
            <tp:languages>
                <tp:language>en</tp:language>
                <tp:language>nl</tp:language>
            </tp:languages>
        </tp:entryPoint>
        <tp:entryPoint>
            <tp:name>IFAM_X6_IND_GAAP : Fund manager with investment services</tp:name>
            <tp:version>1.0</tp:version>
            <tp:entryPointDocument href="http://www.dnb.nl/nl/fr/xbrl/xtn/fws/finrep-bo/wft-3-72/2017-11-01/mod/finrep_ifam_x6_ind_gaap.xsd"/>
            <tp:languages>
                <tp:language>en</tp:language>
                <tp:language>nl</tp:language>
            </tp:languages>
        </tp:entryPoint>
        <tp:entryPoint>
            <tp:name>IFAM_X6_IND_IFRS : Fund manager with investment services</tp:name>
            <tp:version>1.0</tp:version>
            <tp:entryPointDocument href="http://www.dnb.nl/nl/fr/xbrl/xtn/fws/finrep-bo/wft-3-72/2017-11-01/mod/finrep_ifam_x6_ind_ifrs.xsd"/>
            <tp:languages>
                <tp:language>en</tp:language>
                <tp:language>nl</tp:language>
            </tp:languages>
        </tp:entryPoint>
        <!-- Version 2.0 -->
        <tp:entryPoint>
            <tp:name>AM_EXT_CON_GAAP : External fund manager</tp:name>
            <tp:version>2.0</tp:version>
            <tp:entryPointDocument href="http://www.dnb.nl/nl/fr/xbrl/xtn/fws/finrep-bo/wft-3-72/2018-09-30/mod/finrep_am_ext_con_gaap.xsd"/>
            <tp:languages>
                <tp:language>en</tp:language>
                <tp:language>nl</tp:language>
            </tp:languages>
        </tp:entryPoint>
        <tp:entryPoint>
            <tp:name>AM_EXT_CON_IFRS : External fund manager</tp:name>
            <tp:version>2.0</tp:version>
            <tp:entryPointDocument href="http://www.dnb.nl/nl/fr/xbrl/xtn/fws/finrep-bo/wft-3-72/2018-09-30/mod/finrep_am_ext_con_ifrs.xsd"/>
            <tp:languages>
                <tp:language>en</tp:language>
                <tp:language>nl</tp:language>
            </tp:languages>
        </tp:entryPoint>
        <tp:entryPoint>
            <tp:name>AM_EXT_IND_GAAP : External fund manager</tp:name>
            <tp:version>2.0</tp:version>
            <tp:entryPointDocument href="http://www.dnb.nl/nl/fr/xbrl/xtn/fws/finrep-bo/wft-3-72/2018-09-30/mod/finrep_am_ext_ind_gaap.xsd"/>
            <tp:languages>
                <tp:language>en</tp:language>
                <tp:language>nl</tp:language>
            </tp:languages>
        </tp:entryPoint>
        <tp:entryPoint>
            <tp:name>AM_EXT_IND_IFRS : External fund manager</tp:name>
            <tp:version>2.0</tp:version>
            <tp:entryPointDocument href="http://www.dnb.nl/nl/fr/xbrl/xtn/fws/finrep-bo/wft-3-72/2018-09-30/mod/finrep_am_ext_ind_ifrs.xsd"/>
            <tp:languages>
                <tp:language>en</tp:language>
                <tp:language>nl</tp:language>
            </tp:languages>
        </tp:entryPoint>
        <tp:entryPoint>
            <tp:name>AM_INT_CON_GAAP : Internal fund manager</tp:name>
            <tp:version>2.0</tp:version>
            <tp:entryPointDocument href="http://www.dnb.nl/nl/fr/xbrl/xtn/fws/finrep-bo/wft-3-72/2018-09-30/mod/finrep_am_int_con_gaap.xsd"/>
            <tp:languages>
                <tp:language>en</tp:language>
                <tp:language>nl</tp:language>
            </tp:languages>
        </tp:entryPoint>
        <tp:entryPoint>
            <tp:name>AM_INT_CON_IFRS : Internal fund manager</tp:name>
            <tp:version>2.0</tp:version>
            <tp:entryPointDocument href="http://www.dnb.nl/nl/fr/xbrl/xtn/fws/finrep-bo/wft-3-72/2018-09-30/mod/finrep_am_int_con_ifrs.xsd"/>
            <tp:languages>
                <tp:language>en</tp:language>
                <tp:language>nl</tp:language>
            </tp:languages>
        </tp:entryPoint>
        <tp:entryPoint>
            <tp:name>AM_INT_IND_GAAP : Internal fund manager</tp:name>
            <tp:version>2.0</tp:version>
            <tp:entryPointDocument href="http://www.dnb.nl/nl/fr/xbrl/xtn/fws/finrep-bo/wft-3-72/2018-09-30/mod/finrep_am_int_ind_gaap.xsd"/>
            <tp:languages>
                <tp:language>en</tp:language>
                <tp:language>nl</tp:language>
            </tp:languages>
        </tp:entryPoint>
        <tp:entryPoint>
            <tp:name>AM_INT_IND_IFRS : Internal fund manager</tp:name>
            <tp:version>2.0</tp:version>
            <tp:entryPointDocument href="http://www.dnb.nl/nl/fr/xbrl/xtn/fws/finrep-bo/wft-3-72/2018-09-30/mod/finrep_am_int_ind_ifrs.xsd"/>
            <tp:languages>
                <tp:language>en</tp:language>
                <tp:language>nl</tp:language>
            </tp:languages>
        </tp:entryPoint>
        <tp:entryPoint>
            <tp:name>IF_X1_CON_GAAP : Investment firm article 92</tp:name>
            <tp:version>2.0</tp:version>
            <tp:entryPointDocument href="http://www.dnb.nl/nl/fr/xbrl/xtn/fws/finrep-bo/wft-3-72/2018-09-30/mod/finrep_if_x1_con_gaap.xsd"/>
            <tp:languages>
                <tp:language>en</tp:language>
                <tp:language>nl</tp:language>
            </tp:languages>
        </tp:entryPoint>
        <tp:entryPoint>
            <tp:name>IF_X1_CON_IFRS : Investment firm article 92</tp:name>
            <tp:version>2.0</tp:version>
            <tp:entryPointDocument href="http://www.dnb.nl/nl/fr/xbrl/xtn/fws/finrep-bo/wft-3-72/2018-09-30/mod/finrep_if_x1_con_ifrs.xsd"/>
            <tp:languages>
                <tp:language>en</tp:language>
                <tp:language>nl</tp:language>
            </tp:languages>
        </tp:entryPoint>
        <tp:entryPoint>
            <tp:name>IF_X1_IND_GAAP : Investment firm article 92</tp:name>
            <tp:version>2.0</tp:version>
            <tp:entryPointDocument href="http://www.dnb.nl/nl/fr/xbrl/xtn/fws/finrep-bo/wft-3-72/2018-09-30/mod/finrep_if_x1_ind_gaap.xsd"/>
            <tp:languages>
                <tp:language>en</tp:language>
                <tp:language>nl</tp:language>
            </tp:languages>
        </tp:entryPoint>
        <tp:entryPoint>
            <tp:name>IF_X1_IND_IFRS : Investment firm article 92</tp:name>
            <tp:version>2.0</tp:version>
            <tp:entryPointDocument href="http://www.dnb.nl/nl/fr/xbrl/xtn/fws/finrep-bo/wft-3-72/2018-09-30/mod/finrep_if_x1_ind_ifrs.xsd"/>
            <tp:languages>
                <tp:language>en</tp:language>
                <tp:language>nl</tp:language>
            </tp:languages>
        </tp:entryPoint>
        <tp:entryPoint>
            <tp:name>IF_X2_CON_GAAP : Investment firm article 95 or 96</tp:name>
            <tp:version>2.0</tp:version>
            <tp:entryPointDocument href="http://www.dnb.nl/nl/fr/xbrl/xtn/fws/finrep-bo/wft-3-72/2018-09-30/mod/finrep_if_x2_con_gaap.xsd"/>
            <tp:languages>
                <tp:language>en</tp:language>
                <tp:language>nl</tp:language>
            </tp:languages>
        </tp:entryPoint>
        <tp:entryPoint>
            <tp:name>IF_X2_CON_IFRS : Investment firm article 95 or 96</tp:name>
            <tp:version>2.0</tp:version>
            <tp:entryPointDocument href="http://www.dnb.nl/nl/fr/xbrl/xtn/fws/finrep-bo/wft-3-72/2018-09-30/mod/finrep_if_x2_con_ifrs.xsd"/>
            <tp:languages>
                <tp:language>en</tp:language>
                <tp:language>nl</tp:language>
            </tp:languages>
        </tp:entryPoint>
        <tp:entryPoint>
            <tp:name>IF_X2_IND_GAAP : Investment firm article 95 or 96</tp:name>
            <tp:version>2.0</tp:version>
            <tp:entryPointDocument href="http://www.dnb.nl/nl/fr/xbrl/xtn/fws/finrep-bo/wft-3-72/2018-09-30/mod/finrep_if_x2_ind_gaap.xsd"/>
            <tp:languages>
                <tp:language>en</tp:language>
                <tp:language>nl</tp:language>
            </tp:languages>
        </tp:entryPoint>
        <tp:entryPoint>
            <tp:name>IF_X2_IND_IFRS : Investment firm article 95 or 96</tp:name>
            <tp:version>2.0</tp:version>
            <tp:entryPointDocument href="http://www.dnb.nl/nl/fr/xbrl/xtn/fws/finrep-bo/wft-3-72/2018-09-30/mod/finrep_if_x2_ind_ifrs.xsd"/>
            <tp:languages>
                <tp:language>en</tp:language>
                <tp:language>nl</tp:language>
            </tp:languages>
        </tp:entryPoint>
        <tp:entryPoint>
            <tp:name>IF_X3_CON_GAAP : Investment firm with investment services A/D</tp:name>
            <tp:version>2.0</tp:version>
            <tp:entryPointDocument href="http://www.dnb.nl/nl/fr/xbrl/xtn/fws/finrep-bo/wft-3-72/2018-09-30/mod/finrep_if_x3_con_gaap.xsd"/>
            <tp:languages>
                <tp:language>en</tp:language>
                <tp:language>nl</tp:language>
            </tp:languages>
        </tp:entryPoint>
        <tp:entryPoint>
            <tp:name>IF_X3_CON_IFRS : Investment firm with investment services A/D</tp:name>
            <tp:version>2.0</tp:version>
            <tp:entryPointDocument href="http://www.dnb.nl/nl/fr/xbrl/xtn/fws/finrep-bo/wft-3-72/2018-09-30/mod/finrep_if_x3_con_ifrs.xsd"/>
            <tp:languages>
                <tp:language>en</tp:language>
                <tp:language>nl</tp:language>
            </tp:languages>
        </tp:entryPoint>
        <tp:entryPoint>
            <tp:name>IF_X3_IND_GAAP : Investment firm with investment services A/D</tp:name>
            <tp:version>2.0</tp:version>
            <tp:entryPointDocument href="http://www.dnb.nl/nl/fr/xbrl/xtn/fws/finrep-bo/wft-3-72/2018-09-30/mod/finrep_if_x3_ind_gaap.xsd"/>
            <tp:languages>
                <tp:language>en</tp:language>
                <tp:language>nl</tp:language>
            </tp:languages>
        </tp:entryPoint>
        <tp:entryPoint>
            <tp:name>IF_X3_IND_IFRS : Investment firm with investment services A/D</tp:name>
            <tp:version>2.0</tp:version>
            <tp:entryPointDocument href="http://www.dnb.nl/nl/fr/xbrl/xtn/fws/finrep-bo/wft-3-72/2018-09-30/mod/finrep_if_x3_ind_ifrs.xsd"/>
            <tp:languages>
                <tp:language>en</tp:language>
                <tp:language>nl</tp:language>
            </tp:languages>
        </tp:entryPoint>
        <tp:entryPoint>
            <tp:name>IF_X4_CON_GAAP : Investment firm trading for own account</tp:name>
            <tp:version>2.0</tp:version>
            <tp:entryPointDocument href="http://www.dnb.nl/nl/fr/xbrl/xtn/fws/finrep-bo/wft-3-72/2018-09-30/mod/finrep_if_x4_con_gaap.xsd"/>
            <tp:languages>
                <tp:language>en</tp:language>
                <tp:language>nl</tp:language>
            </tp:languages>
        </tp:entryPoint>
        <tp:entryPoint>
            <tp:name>IF_X4_CON_IFRS : Investment firm trading for own account</tp:name>
            <tp:version>2.0</tp:version>
            <tp:entryPointDocument href="http://www.dnb.nl/nl/fr/xbrl/xtn/fws/finrep-bo/wft-3-72/2018-09-30/mod/finrep_if_x4_con_ifrs.xsd"/>
            <tp:languages>
                <tp:language>en</tp:language>
                <tp:language>nl</tp:language>
            </tp:languages>
        </tp:entryPoint>
        <tp:entryPoint>
            <tp:name>IF_X4_IND_GAAP : Investment firm trading for own account</tp:name>
            <tp:version>2.0</tp:version>
            <tp:entryPointDocument href="http://www.dnb.nl/nl/fr/xbrl/xtn/fws/finrep-bo/wft-3-72/2018-09-30/mod/finrep_if_x4_ind_gaap.xsd"/>
            <tp:languages>
                <tp:language>en</tp:language>
                <tp:language>nl</tp:language>
            </tp:languages>
        </tp:entryPoint>
        <tp:entryPoint>
            <tp:name>IF_X4_IND_IFRS : Investment firm trading for own account</tp:name>
            <tp:version>2.0</tp:version>
            <tp:entryPointDocument href="http://www.dnb.nl/nl/fr/xbrl/xtn/fws/finrep-bo/wft-3-72/2018-09-30/mod/finrep_if_x4_ind_ifrs.xsd"/>
            <tp:languages>
                <tp:language>en</tp:language>
                <tp:language>nl</tp:language>
            </tp:languages>
        </tp:entryPoint>
        <tp:entryPoint>
            <tp:name>IF_X5_CON_GAAP : Holding</tp:name>
            <tp:version>2.0</tp:version>
            <tp:entryPointDocument href="http://www.dnb.nl/nl/fr/xbrl/xtn/fws/finrep-bo/wft-3-72/2018-09-30/mod/finrep_if_x5_con_gaap.xsd"/>
            <tp:languages>
                <tp:language>en</tp:language>
                <tp:language>nl</tp:language>
            </tp:languages>
        </tp:entryPoint>
        <tp:entryPoint>
            <tp:name>IF_X5_CON_IFRS : Holding</tp:name>
            <tp:version>2.0</tp:version>
            <tp:entryPointDocument href="http://www.dnb.nl/nl/fr/xbrl/xtn/fws/finrep-bo/wft-3-72/2018-09-30/mod/finrep_if_x5_con_ifrs.xsd"/>
            <tp:languages>
                <tp:language>en</tp:language>
                <tp:language>nl</tp:language>
            </tp:languages>
        </tp:entryPoint>
        <tp:entryPoint>
            <tp:name>IF_X5_IND_GAAP : Holding</tp:name>
            <tp:version>2.0</tp:version>
            <tp:entryPointDocument href="http://www.dnb.nl/nl/fr/xbrl/xtn/fws/finrep-bo/wft-3-72/2018-09-30/mod/finrep_if_x5_ind_gaap.xsd"/>
            <tp:languages>
                <tp:language>en</tp:language>
                <tp:language>nl</tp:language>
            </tp:languages>
        </tp:entryPoint>
        <tp:entryPoint>
            <tp:name>IF_X5_IND_IFRS : Holding</tp:name>
            <tp:version>2.0</tp:version>
            <tp:entryPointDocument href="http://www.dnb.nl/nl/fr/xbrl/xtn/fws/finrep-bo/wft-3-72/2018-09-30/mod/finrep_if_x5_ind_ifrs.xsd"/>
            <tp:languages>
                <tp:language>en</tp:language>
                <tp:language>nl</tp:language>
            </tp:languages>
        </tp:entryPoint>
        <tp:entryPoint>
            <tp:name>IFAM_ALL_CON_GAAP : All</tp:name>
            <tp:version>2.0</tp:version>
            <tp:entryPointDocument href="http://www.dnb.nl/nl/fr/xbrl/xtn/fws/finrep-bo/wft-3-72/2018-09-30/mod/finrep_ifam_all_con_gaap.xsd"/>
            <tp:languages>
                <tp:language>en</tp:language>
                <tp:language>nl</tp:language>
            </tp:languages>
        </tp:entryPoint>
        <tp:entryPoint>
            <tp:name>IFAM_ALL_CON_IFRS : All</tp:name>
            <tp:version>2.0</tp:version>
            <tp:entryPointDocument href="http://www.dnb.nl/nl/fr/xbrl/xtn/fws/finrep-bo/wft-3-72/2018-09-30/mod/finrep_ifam_all_con_ifrs.xsd"/>
            <tp:languages>
                <tp:language>en</tp:language>
                <tp:language>nl</tp:language>
            </tp:languages>
        </tp:entryPoint>
        <tp:entryPoint>
            <tp:name>IFAM_ALL_IND_GAAP : All</tp:name>
            <tp:version>2.0</tp:version>
            <tp:entryPointDocument href="http://www.dnb.nl/nl/fr/xbrl/xtn/fws/finrep-bo/wft-3-72/2018-09-30/mod/finrep_ifam_all_ind_gaap.xsd"/>
            <tp:languages>
                <tp:language>en</tp:language>
                <tp:language>nl</tp:language>
            </tp:languages>
        </tp:entryPoint>
        <tp:entryPoint>
            <tp:name>IFAM_ALL_IND_IFRS : All</tp:name>
            <tp:version>2.0</tp:version>
            <tp:entryPointDocument href="http://www.dnb.nl/nl/fr/xbrl/xtn/fws/finrep-bo/wft-3-72/2018-09-30/mod/finrep_ifam_all_ind_ifrs.xsd"/>
            <tp:languages>
                <tp:language>en</tp:language>
                <tp:language>nl</tp:language>
            </tp:languages>
        </tp:entryPoint>
        <tp:entryPoint>
            <tp:name>IFAM_X6_CON_GAAP : Fund manager with investment services</tp:name>
            <tp:version>2.0</tp:version>
            <tp:entryPointDocument href="http://www.dnb.nl/nl/fr/xbrl/xtn/fws/finrep-bo/wft-3-72/2018-09-30/mod/finrep_ifam_x6_con_gaap.xsd"/>
            <tp:languages>
                <tp:language>en</tp:language>
                <tp:language>nl</tp:language>
            </tp:languages>
        </tp:entryPoint>
        <tp:entryPoint>
            <tp:name>IFAM_X6_CON_IFRS : Fund manager with investment services</tp:name>
            <tp:version>2.0</tp:version>
            <tp:entryPointDocument href="http://www.dnb.nl/nl/fr/xbrl/xtn/fws/finrep-bo/wft-3-72/2018-09-30/mod/finrep_ifam_x6_con_ifrs.xsd"/>
            <tp:languages>
                <tp:language>en</tp:language>
                <tp:language>nl</tp:language>
            </tp:languages>
        </tp:entryPoint>
        <tp:entryPoint>
            <tp:name>IFAM_X6_IND_GAAP : Fund manager with investment services</tp:name>
            <tp:version>2.0</tp:version>
            <tp:entryPointDocument href="http://www.dnb.nl/nl/fr/xbrl/xtn/fws/finrep-bo/wft-3-72/2018-09-30/mod/finrep_ifam_x6_ind_gaap.xsd"/>
            <tp:languages>
                <tp:language>en</tp:language>
                <tp:language>nl</tp:language>
            </tp:languages>
        </tp:entryPoint>
        <tp:entryPoint>
            <tp:name>IFAM_X6_IND_IFRS : Fund manager with investment services</tp:name>
            <tp:version>2.0</tp:version>
            <tp:entryPointDocument href="http://www.dnb.nl/nl/fr/xbrl/xtn/fws/finrep-bo/wft-3-72/2018-09-30/mod/finrep_ifam_x6_ind_ifrs.xsd"/>
            <tp:languages>
                <tp:language>en</tp:language>
                <tp:language>nl</tp:language>
            </tp:languages>
        </tp:entryPoint>
        <tp:entryPoint>
            <tp:name>PSP_CON_GAAP : Payment service provider</tp:name>
            <tp:version>2.0</tp:version>
            <tp:entryPointDocument href="http://www.dnb.nl/nl/fr/xbrl/xtn/fws/finrep-bo/wft-3-72/2018-09-30/mod/finrep_psp_con_gaap.xsd"/>
            <tp:languages>
                <tp:language>en</tp:language>
                <tp:language>nl</tp:language>
            </tp:languages>
        </tp:entryPoint>
        <tp:entryPoint>
            <tp:name>PSP_CON_IFRS : Payment service provider</tp:name>
            <tp:version>2.0</tp:version>
            <tp:entryPointDocument href="http://www.dnb.nl/nl/fr/xbrl/xtn/fws/finrep-bo/wft-3-72/2018-09-30/mod/finrep_psp_con_ifrs.xsd"/>
            <tp:languages>
                <tp:language>en</tp:language>
                <tp:language>nl</tp:language>
            </tp:languages>
        </tp:entryPoint>
        <tp:entryPoint>
            <tp:name>PSP_IND_GAAP : Payment service provider</tp:name>
            <tp:version>2.0</tp:version>
            <tp:entryPointDocument href="http://www.dnb.nl/nl/fr/xbrl/xtn/fws/finrep-bo/wft-3-72/2018-09-30/mod/finrep_psp_ind_gaap.xsd"/>
            <tp:languages>
                <tp:language>en</tp:language>
                <tp:language>nl</tp:language>
            </tp:languages>
        </tp:entryPoint>
        <tp:entryPoint>
            <tp:name>PSP_IND_IFRS : Payment service provider</tp:name>
            <tp:version>2.0</tp:version>
            <tp:entryPointDocument href="http://www.dnb.nl/nl/fr/xbrl/xtn/fws/finrep-bo/wft-3-72/2018-09-30/mod/finrep_psp_ind_ifrs.xsd"/>
            <tp:languages>
                <tp:language>en</tp:language>
                <tp:language>nl</tp:language>
            </tp:languages>
        </tp:entryPoint>
        <tp:entryPoint>
            <tp:name>IFAM_PSP_CON_GAAP : Investment firm and/or fund manager, Payment service provider</tp:name>
            <tp:version>2.0</tp:version>
            <tp:entryPointDocument href="http://www.dnb.nl/nl/fr/xbrl/xtn/fws/finrep-bo/wft-3-72/2018-09-30/mod/finrep_ifam_psp_con_gaap.xsd"/>
            <tp:languages>
                <tp:language>en</tp:language>
                <tp:language>nl</tp:language>
            </tp:languages>
        </tp:entryPoint>
        <tp:entryPoint>
            <tp:name>IFAM_PSP_CON_IFRS : Investment firm and/or fund manager, Payment service provider</tp:name>
            <tp:version>2.0</tp:version>
            <tp:entryPointDocument href="http://www.dnb.nl/nl/fr/xbrl/xtn/fws/finrep-bo/wft-3-72/2018-09-30/mod/finrep_ifam_psp_con_ifrs.xsd"/>
            <tp:languages>
                <tp:language>en</tp:language>
                <tp:language>nl</tp:language>
            </tp:languages>
        </tp:entryPoint>
        <tp:entryPoint>
            <tp:name>IFAM_PSP_IND_GAAP : Investment firm and/or fund manager, Payment service provider</tp:name>
            <tp:version>2.0</tp:version>
            <tp:entryPointDocument href="http://www.dnb.nl/nl/fr/xbrl/xtn/fws/finrep-bo/wft-3-72/2018-09-30/mod/finrep_ifam_psp_ind_gaap.xsd"/>
            <tp:languages>
                <tp:language>en</tp:language>
                <tp:language>nl</tp:language>
            </tp:languages>
        </tp:entryPoint>
        <tp:entryPoint>
            <tp:name>IFAM_PSP_IND_IFRS : Investment firm and/or fund manager, Payment service provider</tp:name>
            <tp:version>2.0</tp:version>
            <tp:entryPointDocument href="http://www.dnb.nl/nl/fr/xbrl/xtn/fws/finrep-bo/wft-3-72/2018-09-30/mod/finrep_ifam_psp_ind_ifrs.xsd"/>
            <tp:languages>
                <tp:language>en</tp:language>
                <tp:language>nl</tp:language>
            </tp:languages>
        </tp:entryPoint>
  </tp:entryPoints>
</tp:taxonomyPackage>