﻿<?xml version="1.0" encoding="utf-8"?>
<!--© DNB-->
<link:linkbase xmlns:xsi="http://www.w3.org/2001/XMLSchema-instance" xmlns:xlink="http://www.w3.org/1999/xlink" xmlns:link="http://www.xbrl.org/2003/linkbase" xmlns:gen="http://xbrl.org/2008/generic" xmlns:label="http://xbrl.org/2008/label" xsi:schemaLocation="http://www.xbrl.org/2003/linkbase http://www.xbrl.org/2003/xbrl-linkbase-2003-12-31.xsd http://xbrl.org/2008/generic http://www.xbrl.org/2008/generic-link.xsd http://xbrl.org/2008/label http://www.xbrl.org/2008/generic-label.xsd">
  <link:arcroleRef arcroleURI="http://xbrl.org/arcrole/2008/element-label" xlink:type="simple" xlink:href="http://www.xbrl.org/2008/generic-label.xsd#element-label" />
  <link:roleRef roleURI="http://www.xbrl.org/2008/role/label" xlink:type="simple" xlink:href="http://www.xbrl.org/2008/generic-label.xsd#standard-label" />
  <link:roleRef roleURI="http://www.xbrl.org/2008/role/verboseLabel" xlink:type="simple" xlink:href="http://www.xbrl.org/2008/generic-label.xsd#verbose-label" />
  <gen:link xlink:type="extended" xlink:role="http://www.xbrl.org/2003/role/link">
    <link:loc xlink:type="locator" xlink:href="f_09.01-rend.xml#dnb-crd_tF_09.01" xlink:label="loc_dnb-crd_tF_09.01" />
    <label:label xlink:type="resource" xlink:label="label_dnb-crd_tF_09.01" xml:lang="nl" xlink:role="http://www.xbrl.org/2008/role/label">F 09.01</label:label>
    <gen:arc xlink:type="arc" xlink:arcrole="http://xbrl.org/arcrole/2008/element-label" xlink:from="loc_dnb-crd_tF_09.01" xlink:to="label_dnb-crd_tF_09.01" />
    <label:label xlink:type="resource" xlink:label="label_dnb-crd_tF_09.01_1" xml:lang="nl" xlink:role="http://www.xbrl.org/2008/role/verboseLabel">F 09.01 Blootstellingen buiten de balanstelling onder nationale GAAP: toegezegde leningen, financiële garanties en overige toezeggingen</label:label>
    <gen:arc xlink:type="arc" xlink:arcrole="http://xbrl.org/arcrole/2008/element-label" xlink:from="loc_dnb-crd_tF_09.01" xlink:to="label_dnb-crd_tF_09.01_1" />
    <link:loc xlink:type="locator" xlink:href="f_09.01-rend.xml#dnb-crd_a1" xlink:label="loc_dnb-crd_a1" />
    <label:label xlink:type="resource" xlink:label="label_dnb-crd_a1" xml:lang="nl" xlink:role="http://www.xbrl.org/2008/role/label">Kolommen</label:label>
    <gen:arc xlink:type="arc" xlink:arcrole="http://xbrl.org/arcrole/2008/element-label" xlink:from="loc_dnb-crd_a1" xlink:to="label_dnb-crd_a1" />
    <link:loc xlink:type="locator" xlink:href="f_09.01-rend.xml#dnb-crd_c36756" xlink:label="loc_dnb-crd_c36756" />
    <label:label xlink:type="resource" xlink:label="label_dnb-crd_c36756" xml:lang="nl" xlink:role="http://www.xbrl.org/2008/role/label">Nominaal bedrag</label:label>
    <gen:arc xlink:type="arc" xlink:arcrole="http://xbrl.org/arcrole/2008/element-label" xlink:from="loc_dnb-crd_c36756" xlink:to="label_dnb-crd_c36756" />
    <link:loc xlink:type="locator" xlink:href="f_09.01-rend.xml#dnb-crd_a2" xlink:label="loc_dnb-crd_a2" />
    <label:label xlink:type="resource" xlink:label="label_dnb-crd_a2" xml:lang="nl" xlink:role="http://www.xbrl.org/2008/role/label">Rijen</label:label>
    <gen:arc xlink:type="arc" xlink:arcrole="http://xbrl.org/arcrole/2008/element-label" xlink:from="loc_dnb-crd_a2" xlink:to="label_dnb-crd_a2" />
    <link:loc xlink:type="locator" xlink:href="f_09.01-rend.xml#dnb-crd_c36757" xlink:label="loc_dnb-crd_c36757" />
    <label:label xlink:type="resource" xlink:label="label_dnb-crd_c36757" xml:lang="nl" xlink:role="http://www.xbrl.org/2008/role/label">Verstrekte toegezegde leningen</label:label>
    <gen:arc xlink:type="arc" xlink:arcrole="http://xbrl.org/arcrole/2008/element-label" xlink:from="loc_dnb-crd_c36757" xlink:to="label_dnb-crd_c36757" />
    <link:loc xlink:type="locator" xlink:href="f_09.01-rend.xml#dnb-crd_c36758" xlink:label="loc_dnb-crd_c36758" />
    <label:label xlink:type="resource" xlink:label="label_dnb-crd_c36758" xml:lang="nl" xlink:role="http://www.xbrl.org/2008/role/label">Waarvan: Met wanbetaling</label:label>
    <gen:arc xlink:type="arc" xlink:arcrole="http://xbrl.org/arcrole/2008/element-label" xlink:from="loc_dnb-crd_c36758" xlink:to="label_dnb-crd_c36758" />
    <link:loc xlink:type="locator" xlink:href="f_09.01-rend.xml#dnb-crd_c36759" xlink:label="loc_dnb-crd_c36759" />
    <label:label xlink:type="resource" xlink:label="label_dnb-crd_c36759" xml:lang="nl" xlink:role="http://www.xbrl.org/2008/role/label">Centrale banken</label:label>
    <gen:arc xlink:type="arc" xlink:arcrole="http://xbrl.org/arcrole/2008/element-label" xlink:from="loc_dnb-crd_c36759" xlink:to="label_dnb-crd_c36759" />
    <link:loc xlink:type="locator" xlink:href="f_09.01-rend.xml#dnb-crd_c36760" xlink:label="loc_dnb-crd_c36760" />
    <label:label xlink:type="resource" xlink:label="label_dnb-crd_c36760" xml:lang="nl" xlink:role="http://www.xbrl.org/2008/role/label">Overheden</label:label>
    <gen:arc xlink:type="arc" xlink:arcrole="http://xbrl.org/arcrole/2008/element-label" xlink:from="loc_dnb-crd_c36760" xlink:to="label_dnb-crd_c36760" />
    <link:loc xlink:type="locator" xlink:href="f_09.01-rend.xml#dnb-crd_c36761" xlink:label="loc_dnb-crd_c36761" />
    <label:label xlink:type="resource" xlink:label="label_dnb-crd_c36761" xml:lang="nl" xlink:role="http://www.xbrl.org/2008/role/label">Kredietinstellingen</label:label>
    <gen:arc xlink:type="arc" xlink:arcrole="http://xbrl.org/arcrole/2008/element-label" xlink:from="loc_dnb-crd_c36761" xlink:to="label_dnb-crd_c36761" />
    <link:loc xlink:type="locator" xlink:href="f_09.01-rend.xml#dnb-crd_c36762" xlink:label="loc_dnb-crd_c36762" />
    <label:label xlink:type="resource" xlink:label="label_dnb-crd_c36762" xml:lang="nl" xlink:role="http://www.xbrl.org/2008/role/label">Andere financiële ondernemingen</label:label>
    <gen:arc xlink:type="arc" xlink:arcrole="http://xbrl.org/arcrole/2008/element-label" xlink:from="loc_dnb-crd_c36762" xlink:to="label_dnb-crd_c36762" />
    <link:loc xlink:type="locator" xlink:href="f_09.01-rend.xml#dnb-crd_c36763" xlink:label="loc_dnb-crd_c36763" />
    <label:label xlink:type="resource" xlink:label="label_dnb-crd_c36763" xml:lang="nl" xlink:role="http://www.xbrl.org/2008/role/label">Niet-financiële ondernemingen</label:label>
    <gen:arc xlink:type="arc" xlink:arcrole="http://xbrl.org/arcrole/2008/element-label" xlink:from="loc_dnb-crd_c36763" xlink:to="label_dnb-crd_c36763" />
    <link:loc xlink:type="locator" xlink:href="f_09.01-rend.xml#dnb-crd_c36764" xlink:label="loc_dnb-crd_c36764" />
    <label:label xlink:type="resource" xlink:label="label_dnb-crd_c36764" xml:lang="nl" xlink:role="http://www.xbrl.org/2008/role/label">Huishoudens</label:label>
    <gen:arc xlink:type="arc" xlink:arcrole="http://xbrl.org/arcrole/2008/element-label" xlink:from="loc_dnb-crd_c36764" xlink:to="label_dnb-crd_c36764" />
    <link:loc xlink:type="locator" xlink:href="f_09.01-rend.xml#dnb-crd_c36765" xlink:label="loc_dnb-crd_c36765" />
    <label:label xlink:type="resource" xlink:label="label_dnb-crd_c36765" xml:lang="nl" xlink:role="http://www.xbrl.org/2008/role/label">Verstrekte financiële garanties</label:label>
    <gen:arc xlink:type="arc" xlink:arcrole="http://xbrl.org/arcrole/2008/element-label" xlink:from="loc_dnb-crd_c36765" xlink:to="label_dnb-crd_c36765" />
    <link:loc xlink:type="locator" xlink:href="f_09.01-rend.xml#dnb-crd_c36766" xlink:label="loc_dnb-crd_c36766" />
    <label:label xlink:type="resource" xlink:label="label_dnb-crd_c36766" xml:lang="nl" xlink:role="http://www.xbrl.org/2008/role/label">Waarvan: Met wanbetaling</label:label>
    <gen:arc xlink:type="arc" xlink:arcrole="http://xbrl.org/arcrole/2008/element-label" xlink:from="loc_dnb-crd_c36766" xlink:to="label_dnb-crd_c36766" />
    <link:loc xlink:type="locator" xlink:href="f_09.01-rend.xml#dnb-crd_c36767" xlink:label="loc_dnb-crd_c36767" />
    <label:label xlink:type="resource" xlink:label="label_dnb-crd_c36767" xml:lang="nl" xlink:role="http://www.xbrl.org/2008/role/label">Centrale banken</label:label>
    <gen:arc xlink:type="arc" xlink:arcrole="http://xbrl.org/arcrole/2008/element-label" xlink:from="loc_dnb-crd_c36767" xlink:to="label_dnb-crd_c36767" />
    <link:loc xlink:type="locator" xlink:href="f_09.01-rend.xml#dnb-crd_c36768" xlink:label="loc_dnb-crd_c36768" />
    <label:label xlink:type="resource" xlink:label="label_dnb-crd_c36768" xml:lang="nl" xlink:role="http://www.xbrl.org/2008/role/label">Overheden</label:label>
    <gen:arc xlink:type="arc" xlink:arcrole="http://xbrl.org/arcrole/2008/element-label" xlink:from="loc_dnb-crd_c36768" xlink:to="label_dnb-crd_c36768" />
    <link:loc xlink:type="locator" xlink:href="f_09.01-rend.xml#dnb-crd_c36769" xlink:label="loc_dnb-crd_c36769" />
    <label:label xlink:type="resource" xlink:label="label_dnb-crd_c36769" xml:lang="nl" xlink:role="http://www.xbrl.org/2008/role/label">Kredietinstellingen</label:label>
    <gen:arc xlink:type="arc" xlink:arcrole="http://xbrl.org/arcrole/2008/element-label" xlink:from="loc_dnb-crd_c36769" xlink:to="label_dnb-crd_c36769" />
    <link:loc xlink:type="locator" xlink:href="f_09.01-rend.xml#dnb-crd_c36770" xlink:label="loc_dnb-crd_c36770" />
    <label:label xlink:type="resource" xlink:label="label_dnb-crd_c36770" xml:lang="nl" xlink:role="http://www.xbrl.org/2008/role/label">Andere financiële ondernemingen</label:label>
    <gen:arc xlink:type="arc" xlink:arcrole="http://xbrl.org/arcrole/2008/element-label" xlink:from="loc_dnb-crd_c36770" xlink:to="label_dnb-crd_c36770" />
    <link:loc xlink:type="locator" xlink:href="f_09.01-rend.xml#dnb-crd_c36771" xlink:label="loc_dnb-crd_c36771" />
    <label:label xlink:type="resource" xlink:label="label_dnb-crd_c36771" xml:lang="nl" xlink:role="http://www.xbrl.org/2008/role/label">Niet-financiële ondernemingen</label:label>
    <gen:arc xlink:type="arc" xlink:arcrole="http://xbrl.org/arcrole/2008/element-label" xlink:from="loc_dnb-crd_c36771" xlink:to="label_dnb-crd_c36771" />
    <link:loc xlink:type="locator" xlink:href="f_09.01-rend.xml#dnb-crd_c36772" xlink:label="loc_dnb-crd_c36772" />
    <label:label xlink:type="resource" xlink:label="label_dnb-crd_c36772" xml:lang="nl" xlink:role="http://www.xbrl.org/2008/role/label">Huishoudens</label:label>
    <gen:arc xlink:type="arc" xlink:arcrole="http://xbrl.org/arcrole/2008/element-label" xlink:from="loc_dnb-crd_c36772" xlink:to="label_dnb-crd_c36772" />
    <link:loc xlink:type="locator" xlink:href="f_09.01-rend.xml#dnb-crd_c36773" xlink:label="loc_dnb-crd_c36773" />
    <label:label xlink:type="resource" xlink:label="label_dnb-crd_c36773" xml:lang="nl" xlink:role="http://www.xbrl.org/2008/role/label">Overige gedane toezeggingen</label:label>
    <gen:arc xlink:type="arc" xlink:arcrole="http://xbrl.org/arcrole/2008/element-label" xlink:from="loc_dnb-crd_c36773" xlink:to="label_dnb-crd_c36773" />
    <link:loc xlink:type="locator" xlink:href="f_09.01-rend.xml#dnb-crd_c36774" xlink:label="loc_dnb-crd_c36774" />
    <label:label xlink:type="resource" xlink:label="label_dnb-crd_c36774" xml:lang="nl" xlink:role="http://www.xbrl.org/2008/role/label">Waarvan: Met wanbetaling</label:label>
    <gen:arc xlink:type="arc" xlink:arcrole="http://xbrl.org/arcrole/2008/element-label" xlink:from="loc_dnb-crd_c36774" xlink:to="label_dnb-crd_c36774" />
    <link:loc xlink:type="locator" xlink:href="f_09.01-rend.xml#dnb-crd_c36784" xlink:label="loc_dnb-crd_c36784" />
    <label:label xlink:type="resource" xlink:label="label_dnb-crd_c36784" xml:lang="nl" xlink:role="http://www.xbrl.org/2008/role/label">Waarvan: huurtoezeggingen</label:label>
    <gen:arc xlink:type="arc" xlink:arcrole="http://xbrl.org/arcrole/2008/element-label" xlink:from="loc_dnb-crd_c36784" xlink:to="label_dnb-crd_c36784" />
    <link:loc xlink:type="locator" xlink:href="f_09.01-rend.xml#dnb-crd_c36782" xlink:label="loc_dnb-crd_c36782" />
    <label:label xlink:type="resource" xlink:label="label_dnb-crd_c36782" xml:lang="nl" xlink:role="http://www.xbrl.org/2008/role/label">Waarvan: leasetoezeggingen</label:label>
    <gen:arc xlink:type="arc" xlink:arcrole="http://xbrl.org/arcrole/2008/element-label" xlink:from="loc_dnb-crd_c36782" xlink:to="label_dnb-crd_c36782" />
    <link:loc xlink:type="locator" xlink:href="f_09.01-rend.xml#dnb-crd_c36775" xlink:label="loc_dnb-crd_c36775" />
    <label:label xlink:type="resource" xlink:label="label_dnb-crd_c36775" xml:lang="nl" xlink:role="http://www.xbrl.org/2008/role/label">Centrale banken</label:label>
    <gen:arc xlink:type="arc" xlink:arcrole="http://xbrl.org/arcrole/2008/element-label" xlink:from="loc_dnb-crd_c36775" xlink:to="label_dnb-crd_c36775" />
    <link:loc xlink:type="locator" xlink:href="f_09.01-rend.xml#dnb-crd_c36776" xlink:label="loc_dnb-crd_c36776" />
    <label:label xlink:type="resource" xlink:label="label_dnb-crd_c36776" xml:lang="nl" xlink:role="http://www.xbrl.org/2008/role/label">Overheden</label:label>
    <gen:arc xlink:type="arc" xlink:arcrole="http://xbrl.org/arcrole/2008/element-label" xlink:from="loc_dnb-crd_c36776" xlink:to="label_dnb-crd_c36776" />
    <link:loc xlink:type="locator" xlink:href="f_09.01-rend.xml#dnb-crd_c36777" xlink:label="loc_dnb-crd_c36777" />
    <label:label xlink:type="resource" xlink:label="label_dnb-crd_c36777" xml:lang="nl" xlink:role="http://www.xbrl.org/2008/role/label">Kredietinstellingen</label:label>
    <gen:arc xlink:type="arc" xlink:arcrole="http://xbrl.org/arcrole/2008/element-label" xlink:from="loc_dnb-crd_c36777" xlink:to="label_dnb-crd_c36777" />
    <link:loc xlink:type="locator" xlink:href="f_09.01-rend.xml#dnb-crd_c36778" xlink:label="loc_dnb-crd_c36778" />
    <label:label xlink:type="resource" xlink:label="label_dnb-crd_c36778" xml:lang="nl" xlink:role="http://www.xbrl.org/2008/role/label">Andere financiële ondernemingen</label:label>
    <gen:arc xlink:type="arc" xlink:arcrole="http://xbrl.org/arcrole/2008/element-label" xlink:from="loc_dnb-crd_c36778" xlink:to="label_dnb-crd_c36778" />
    <link:loc xlink:type="locator" xlink:href="f_09.01-rend.xml#dnb-crd_c36779" xlink:label="loc_dnb-crd_c36779" />
    <label:label xlink:type="resource" xlink:label="label_dnb-crd_c36779" xml:lang="nl" xlink:role="http://www.xbrl.org/2008/role/label">Niet-financiële ondernemingen</label:label>
    <gen:arc xlink:type="arc" xlink:arcrole="http://xbrl.org/arcrole/2008/element-label" xlink:from="loc_dnb-crd_c36779" xlink:to="label_dnb-crd_c36779" />
    <link:loc xlink:type="locator" xlink:href="f_09.01-rend.xml#dnb-crd_c36780" xlink:label="loc_dnb-crd_c36780" />
    <label:label xlink:type="resource" xlink:label="label_dnb-crd_c36780" xml:lang="nl" xlink:role="http://www.xbrl.org/2008/role/label">Huishoudens</label:label>
    <gen:arc xlink:type="arc" xlink:arcrole="http://xbrl.org/arcrole/2008/element-label" xlink:from="loc_dnb-crd_c36780" xlink:to="label_dnb-crd_c36780" />
  </gen:link>
</link:linkbase>