﻿<?xml version="1.0" encoding="utf-8"?>
<!--© DNB-->
<link:linkbase xmlns:xsi="http://www.w3.org/2001/XMLSchema-instance" xmlns:xlink="http://www.w3.org/1999/xlink" xmlns:link="http://www.xbrl.org/2003/linkbase" xmlns:gen="http://xbrl.org/2008/generic" xmlns:label="http://xbrl.org/2008/label" xmlns:formula="http://xbrl.org/2008/formula" xmlns:df="http://xbrl.org/2008/filter/dimension" xmlns:table="http://xbrl.org/2014/table" xmlns:model="http://www.eurofiling.info/xbrl/ext/model" xmlns:dnbeba_met="http://www.eba.europa.eu/xbrl/crr/dict/met" xmlns:dnbeba_dim="http://www.eba.europa.eu/xbrl/crr/dict/dim" xmlns:dnbeba_BA="http://www.eba.europa.eu/xbrl/crr/dict/dom/BA" xmlns:dnbeba_MC="http://www.eba.europa.eu/xbrl/crr/dict/dom/MC" xmlns:dnbeba_IM="http://www.eba.europa.eu/xbrl/crr/dict/dom/IM" xmlns:dnbeba_CT="http://www.eba.europa.eu/xbrl/crr/dict/dom/CT" xmlns:dnb-crd_dim="http://www.dnb.nl/xbrl/xtn/dict/dim" xmlns:dnb-crd_dnbeba_MC="http://www.dnb.nl/xbrl/xtn/dict/dom/dnbeba_MC" xsi:schemaLocation="http://www.xbrl.org/2003/linkbase http://www.xbrl.org/2003/xbrl-linkbase-2003-12-31.xsd http://xbrl.org/2008/generic http://www.xbrl.org/2008/generic-link.xsd http://xbrl.org/2008/label http://www.xbrl.org/2008/generic-label.xsd http://xbrl.org/2008/formula http://www.xbrl.org/2008/formula.xsd http://xbrl.org/2008/filter/dimension http://www.xbrl.org/2008/dimension-filter.xsd http://xbrl.org/2014/table http://www.xbrl.org/2014/table.xsd http://www.eurofiling.info/xbrl/ext/model http://www.eurofiling.info/eu/fr/xbrl/ext/model.xsd">
  <link:arcroleRef arcroleURI="http://xbrl.org/arcrole/2014/breakdown-tree" xlink:type="simple" xlink:href="http://www.xbrl.org/2014/table.xsd#breakdown-tree" />
  <link:arcroleRef arcroleURI="http://xbrl.org/arcrole/2014/definition-node-subtree" xlink:type="simple" xlink:href="http://www.xbrl.org/2014/table.xsd#definition-node-subtree" />
  <link:arcroleRef arcroleURI="http://xbrl.org/arcrole/2014/table-breakdown" xlink:type="simple" xlink:href="http://www.xbrl.org/2014/table.xsd#table-breakdown" />
  <link:roleRef roleURI="http://www.dnb.nl/xbrl/xtn/role/fws/FINREP-BO/wft-3-72/2017-11-01/tab/F_09.01" xlink:type="simple" xlink:href="f_09.01.xsd#role" />
  <gen:link xlink:type="extended" xlink:role="http://www.dnb.nl/xbrl/xtn/role/fws/FINREP-BO/wft-3-72/2017-11-01/tab/F_09.01">
    <table:table xlink:type="resource" xlink:label="dnb-crd_tF_09.01" id="dnb-crd_tF_09.01" />
    <table:breakdown xlink:type="resource" xlink:label="dnb-crd_a1" parentChildOrder="parent-first" id="dnb-crd_a1" />
    <table:ruleNode xlink:type="resource" xlink:label="dnb-crd_a1.root" abstract="true" merge="true" id="dnb-crd_a1.root" />
    <table:breakdownTreeArc xlink:type="arc" xlink:arcrole="http://xbrl.org/arcrole/2014/breakdown-tree" xlink:from="dnb-crd_a1" xlink:to="dnb-crd_a1.root" order="0" />
    <table:ruleNode xlink:type="resource" xlink:label="dnb-crd_c36756" id="dnb-crd_c36756">
      <formula:concept>
        <formula:qname>dnbeba_met:mi287</formula:qname>
      </formula:concept>
    </table:ruleNode>
    <table:definitionNodeSubtreeArc xlink:type="arc" xlink:arcrole="http://xbrl.org/arcrole/2014/definition-node-subtree" xlink:from="dnb-crd_a1.root" xlink:to="dnb-crd_c36756" order="1" />
    <table:tableBreakdownArc xlink:type="arc" xlink:arcrole="http://xbrl.org/arcrole/2014/table-breakdown" xlink:from="dnb-crd_tF_09.01" xlink:to="dnb-crd_a1" axis="x" order="1" />
    <table:breakdown xlink:type="resource" xlink:label="dnb-crd_a2" parentChildOrder="parent-first" id="dnb-crd_a2" />
    <table:ruleNode xlink:type="resource" xlink:label="dnb-crd_a2.root" abstract="true" merge="true" id="dnb-crd_a2.root">
      <formula:explicitDimension dimension="dnbeba_dim:BAS">
        <formula:member>
          <formula:qname>dnbeba_BA:x10</formula:qname>
        </formula:member>
      </formula:explicitDimension>
    </table:ruleNode>
    <table:breakdownTreeArc xlink:type="arc" xlink:arcrole="http://xbrl.org/arcrole/2014/breakdown-tree" xlink:from="dnb-crd_a2" xlink:to="dnb-crd_a2.root" order="0" />
    <table:ruleNode xlink:type="resource" xlink:label="dnb-crd_c36757" id="dnb-crd_c36757">
      <formula:explicitDimension dimension="dnbeba_dim:MCY">
        <formula:member>
          <formula:qname>dnbeba_MC:x221</formula:qname>
        </formula:member>
      </formula:explicitDimension>
    </table:ruleNode>
    <table:ruleNode xlink:type="resource" xlink:label="dnb-crd_c36758" id="dnb-crd_c36758">
      <formula:explicitDimension dimension="dnbeba_dim:PFS">
        <formula:member>
          <formula:qname>dnbeba_IM:x16</formula:qname>
        </formula:member>
      </formula:explicitDimension>
    </table:ruleNode>
    <table:definitionNodeSubtreeArc xlink:type="arc" xlink:arcrole="http://xbrl.org/arcrole/2014/definition-node-subtree" xlink:from="dnb-crd_c36757" xlink:to="dnb-crd_c36758" order="1" />
    <table:ruleNode xlink:type="resource" xlink:label="dnb-crd_c36759" id="dnb-crd_c36759">
      <formula:explicitDimension dimension="dnbeba_dim:CPS">
        <formula:member>
          <formula:qname>dnbeba_CT:x10</formula:qname>
        </formula:member>
      </formula:explicitDimension>
    </table:ruleNode>
    <table:definitionNodeSubtreeArc xlink:type="arc" xlink:arcrole="http://xbrl.org/arcrole/2014/definition-node-subtree" xlink:from="dnb-crd_c36757" xlink:to="dnb-crd_c36759" order="2" />
    <table:ruleNode xlink:type="resource" xlink:label="dnb-crd_c36760" id="dnb-crd_c36760">
      <formula:explicitDimension dimension="dnbeba_dim:CPS">
        <formula:member>
          <formula:qname>dnbeba_CT:x1</formula:qname>
        </formula:member>
      </formula:explicitDimension>
    </table:ruleNode>
    <table:definitionNodeSubtreeArc xlink:type="arc" xlink:arcrole="http://xbrl.org/arcrole/2014/definition-node-subtree" xlink:from="dnb-crd_c36757" xlink:to="dnb-crd_c36760" order="3" />
    <table:ruleNode xlink:type="resource" xlink:label="dnb-crd_c36761" id="dnb-crd_c36761">
      <formula:explicitDimension dimension="dnbeba_dim:CPS">
        <formula:member>
          <formula:qname>dnbeba_CT:x12</formula:qname>
        </formula:member>
      </formula:explicitDimension>
    </table:ruleNode>
    <table:definitionNodeSubtreeArc xlink:type="arc" xlink:arcrole="http://xbrl.org/arcrole/2014/definition-node-subtree" xlink:from="dnb-crd_c36757" xlink:to="dnb-crd_c36761" order="4" />
    <table:ruleNode xlink:type="resource" xlink:label="dnb-crd_c36762" id="dnb-crd_c36762">
      <formula:explicitDimension dimension="dnbeba_dim:CPS">
        <formula:member>
          <formula:qname>dnbeba_CT:x18</formula:qname>
        </formula:member>
      </formula:explicitDimension>
    </table:ruleNode>
    <table:definitionNodeSubtreeArc xlink:type="arc" xlink:arcrole="http://xbrl.org/arcrole/2014/definition-node-subtree" xlink:from="dnb-crd_c36757" xlink:to="dnb-crd_c36762" order="5" />
    <table:ruleNode xlink:type="resource" xlink:label="dnb-crd_c36763" id="dnb-crd_c36763">
      <formula:explicitDimension dimension="dnbeba_dim:CPS">
        <formula:member>
          <formula:qname>dnbeba_CT:x20</formula:qname>
        </formula:member>
      </formula:explicitDimension>
    </table:ruleNode>
    <table:definitionNodeSubtreeArc xlink:type="arc" xlink:arcrole="http://xbrl.org/arcrole/2014/definition-node-subtree" xlink:from="dnb-crd_c36757" xlink:to="dnb-crd_c36763" order="6" />
    <table:ruleNode xlink:type="resource" xlink:label="dnb-crd_c36764" id="dnb-crd_c36764">
      <formula:explicitDimension dimension="dnbeba_dim:CPS">
        <formula:member>
          <formula:qname>dnbeba_CT:x5</formula:qname>
        </formula:member>
      </formula:explicitDimension>
    </table:ruleNode>
    <table:definitionNodeSubtreeArc xlink:type="arc" xlink:arcrole="http://xbrl.org/arcrole/2014/definition-node-subtree" xlink:from="dnb-crd_c36757" xlink:to="dnb-crd_c36764" order="7" />
    <table:definitionNodeSubtreeArc xlink:type="arc" xlink:arcrole="http://xbrl.org/arcrole/2014/definition-node-subtree" xlink:from="dnb-crd_a2.root" xlink:to="dnb-crd_c36757" order="1" />
    <table:ruleNode xlink:type="resource" xlink:label="dnb-crd_c36765" id="dnb-crd_c36765">
      <formula:explicitDimension dimension="dnbeba_dim:MCY">
        <formula:member>
          <formula:qname>dnbeba_MC:x154</formula:qname>
        </formula:member>
      </formula:explicitDimension>
    </table:ruleNode>
    <table:ruleNode xlink:type="resource" xlink:label="dnb-crd_c36766" id="dnb-crd_c36766">
      <formula:explicitDimension dimension="dnbeba_dim:PFS">
        <formula:member>
          <formula:qname>dnbeba_IM:x16</formula:qname>
        </formula:member>
      </formula:explicitDimension>
    </table:ruleNode>
    <table:definitionNodeSubtreeArc xlink:type="arc" xlink:arcrole="http://xbrl.org/arcrole/2014/definition-node-subtree" xlink:from="dnb-crd_c36765" xlink:to="dnb-crd_c36766" order="1" />
    <table:ruleNode xlink:type="resource" xlink:label="dnb-crd_c36767" id="dnb-crd_c36767">
      <formula:explicitDimension dimension="dnbeba_dim:CPS">
        <formula:member>
          <formula:qname>dnbeba_CT:x10</formula:qname>
        </formula:member>
      </formula:explicitDimension>
    </table:ruleNode>
    <table:definitionNodeSubtreeArc xlink:type="arc" xlink:arcrole="http://xbrl.org/arcrole/2014/definition-node-subtree" xlink:from="dnb-crd_c36765" xlink:to="dnb-crd_c36767" order="2" />
    <table:ruleNode xlink:type="resource" xlink:label="dnb-crd_c36768" id="dnb-crd_c36768">
      <formula:explicitDimension dimension="dnbeba_dim:CPS">
        <formula:member>
          <formula:qname>dnbeba_CT:x1</formula:qname>
        </formula:member>
      </formula:explicitDimension>
    </table:ruleNode>
    <table:definitionNodeSubtreeArc xlink:type="arc" xlink:arcrole="http://xbrl.org/arcrole/2014/definition-node-subtree" xlink:from="dnb-crd_c36765" xlink:to="dnb-crd_c36768" order="3" />
    <table:ruleNode xlink:type="resource" xlink:label="dnb-crd_c36769" id="dnb-crd_c36769">
      <formula:explicitDimension dimension="dnbeba_dim:CPS">
        <formula:member>
          <formula:qname>dnbeba_CT:x12</formula:qname>
        </formula:member>
      </formula:explicitDimension>
    </table:ruleNode>
    <table:definitionNodeSubtreeArc xlink:type="arc" xlink:arcrole="http://xbrl.org/arcrole/2014/definition-node-subtree" xlink:from="dnb-crd_c36765" xlink:to="dnb-crd_c36769" order="4" />
    <table:ruleNode xlink:type="resource" xlink:label="dnb-crd_c36770" id="dnb-crd_c36770">
      <formula:explicitDimension dimension="dnbeba_dim:CPS">
        <formula:member>
          <formula:qname>dnbeba_CT:x18</formula:qname>
        </formula:member>
      </formula:explicitDimension>
    </table:ruleNode>
    <table:definitionNodeSubtreeArc xlink:type="arc" xlink:arcrole="http://xbrl.org/arcrole/2014/definition-node-subtree" xlink:from="dnb-crd_c36765" xlink:to="dnb-crd_c36770" order="5" />
    <table:ruleNode xlink:type="resource" xlink:label="dnb-crd_c36771" id="dnb-crd_c36771">
      <formula:explicitDimension dimension="dnbeba_dim:CPS">
        <formula:member>
          <formula:qname>dnbeba_CT:x20</formula:qname>
        </formula:member>
      </formula:explicitDimension>
    </table:ruleNode>
    <table:definitionNodeSubtreeArc xlink:type="arc" xlink:arcrole="http://xbrl.org/arcrole/2014/definition-node-subtree" xlink:from="dnb-crd_c36765" xlink:to="dnb-crd_c36771" order="6" />
    <table:ruleNode xlink:type="resource" xlink:label="dnb-crd_c36772" id="dnb-crd_c36772">
      <formula:explicitDimension dimension="dnbeba_dim:CPS">
        <formula:member>
          <formula:qname>dnbeba_CT:x5</formula:qname>
        </formula:member>
      </formula:explicitDimension>
    </table:ruleNode>
    <table:definitionNodeSubtreeArc xlink:type="arc" xlink:arcrole="http://xbrl.org/arcrole/2014/definition-node-subtree" xlink:from="dnb-crd_c36765" xlink:to="dnb-crd_c36772" order="7" />
    <table:definitionNodeSubtreeArc xlink:type="arc" xlink:arcrole="http://xbrl.org/arcrole/2014/definition-node-subtree" xlink:from="dnb-crd_a2.root" xlink:to="dnb-crd_c36765" order="2" />
    <table:ruleNode xlink:type="resource" xlink:label="dnb-crd_c36773" id="dnb-crd_c36773">
      <formula:explicitDimension dimension="dnbeba_dim:MCY">
        <formula:member>
          <formula:qname>dnbeba_MC:x52</formula:qname>
        </formula:member>
      </formula:explicitDimension>
    </table:ruleNode>
    <table:ruleNode xlink:type="resource" xlink:label="dnb-crd_c36774" id="dnb-crd_c36774">
      <formula:explicitDimension dimension="dnbeba_dim:PFS">
        <formula:member>
          <formula:qname>dnbeba_IM:x16</formula:qname>
        </formula:member>
      </formula:explicitDimension>
    </table:ruleNode>
    <table:definitionNodeSubtreeArc xlink:type="arc" xlink:arcrole="http://xbrl.org/arcrole/2014/definition-node-subtree" xlink:from="dnb-crd_c36773" xlink:to="dnb-crd_c36774" order="1" />
    <table:ruleNode xlink:type="resource" xlink:label="dnb-crd_c36784" id="dnb-crd_c36784">
      <formula:explicitDimension dimension="dnb-crd_dim:TYC">
        <formula:member>
          <formula:qname>dnb-crd_dnbeba_MC:x1004</formula:qname>
        </formula:member>
      </formula:explicitDimension>
    </table:ruleNode>
    <table:definitionNodeSubtreeArc xlink:type="arc" xlink:arcrole="http://xbrl.org/arcrole/2014/definition-node-subtree" xlink:from="dnb-crd_c36773" xlink:to="dnb-crd_c36784" order="2" />
    <table:ruleNode xlink:type="resource" xlink:label="dnb-crd_c36782" id="dnb-crd_c36782">
      <formula:explicitDimension dimension="dnb-crd_dim:TYC">
        <formula:member>
          <formula:qname>dnb-crd_dnbeba_MC:x1005</formula:qname>
        </formula:member>
      </formula:explicitDimension>
    </table:ruleNode>
    <table:definitionNodeSubtreeArc xlink:type="arc" xlink:arcrole="http://xbrl.org/arcrole/2014/definition-node-subtree" xlink:from="dnb-crd_c36773" xlink:to="dnb-crd_c36782" order="3" />
    <table:ruleNode xlink:type="resource" xlink:label="dnb-crd_c36775" id="dnb-crd_c36775">
      <formula:explicitDimension dimension="dnbeba_dim:CPS">
        <formula:member>
          <formula:qname>dnbeba_CT:x10</formula:qname>
        </formula:member>
      </formula:explicitDimension>
    </table:ruleNode>
    <table:definitionNodeSubtreeArc xlink:type="arc" xlink:arcrole="http://xbrl.org/arcrole/2014/definition-node-subtree" xlink:from="dnb-crd_c36773" xlink:to="dnb-crd_c36775" order="4" />
    <table:ruleNode xlink:type="resource" xlink:label="dnb-crd_c36776" id="dnb-crd_c36776">
      <formula:explicitDimension dimension="dnbeba_dim:CPS">
        <formula:member>
          <formula:qname>dnbeba_CT:x1</formula:qname>
        </formula:member>
      </formula:explicitDimension>
    </table:ruleNode>
    <table:definitionNodeSubtreeArc xlink:type="arc" xlink:arcrole="http://xbrl.org/arcrole/2014/definition-node-subtree" xlink:from="dnb-crd_c36773" xlink:to="dnb-crd_c36776" order="5" />
    <table:ruleNode xlink:type="resource" xlink:label="dnb-crd_c36777" id="dnb-crd_c36777">
      <formula:explicitDimension dimension="dnbeba_dim:CPS">
        <formula:member>
          <formula:qname>dnbeba_CT:x12</formula:qname>
        </formula:member>
      </formula:explicitDimension>
    </table:ruleNode>
    <table:definitionNodeSubtreeArc xlink:type="arc" xlink:arcrole="http://xbrl.org/arcrole/2014/definition-node-subtree" xlink:from="dnb-crd_c36773" xlink:to="dnb-crd_c36777" order="6" />
    <table:ruleNode xlink:type="resource" xlink:label="dnb-crd_c36778" id="dnb-crd_c36778">
      <formula:explicitDimension dimension="dnbeba_dim:CPS">
        <formula:member>
          <formula:qname>dnbeba_CT:x18</formula:qname>
        </formula:member>
      </formula:explicitDimension>
    </table:ruleNode>
    <table:definitionNodeSubtreeArc xlink:type="arc" xlink:arcrole="http://xbrl.org/arcrole/2014/definition-node-subtree" xlink:from="dnb-crd_c36773" xlink:to="dnb-crd_c36778" order="7" />
    <table:ruleNode xlink:type="resource" xlink:label="dnb-crd_c36779" id="dnb-crd_c36779">
      <formula:explicitDimension dimension="dnbeba_dim:CPS">
        <formula:member>
          <formula:qname>dnbeba_CT:x20</formula:qname>
        </formula:member>
      </formula:explicitDimension>
    </table:ruleNode>
    <table:definitionNodeSubtreeArc xlink:type="arc" xlink:arcrole="http://xbrl.org/arcrole/2014/definition-node-subtree" xlink:from="dnb-crd_c36773" xlink:to="dnb-crd_c36779" order="8" />
    <table:ruleNode xlink:type="resource" xlink:label="dnb-crd_c36780" id="dnb-crd_c36780">
      <formula:explicitDimension dimension="dnbeba_dim:CPS">
        <formula:member>
          <formula:qname>dnbeba_CT:x5</formula:qname>
        </formula:member>
      </formula:explicitDimension>
    </table:ruleNode>
    <table:definitionNodeSubtreeArc xlink:type="arc" xlink:arcrole="http://xbrl.org/arcrole/2014/definition-node-subtree" xlink:from="dnb-crd_c36773" xlink:to="dnb-crd_c36780" order="9" />
    <table:definitionNodeSubtreeArc xlink:type="arc" xlink:arcrole="http://xbrl.org/arcrole/2014/definition-node-subtree" xlink:from="dnb-crd_a2.root" xlink:to="dnb-crd_c36773" order="3" />
    <table:tableBreakdownArc xlink:type="arc" xlink:arcrole="http://xbrl.org/arcrole/2014/table-breakdown" xlink:from="dnb-crd_tF_09.01" xlink:to="dnb-crd_a2" axis="y" order="2" />
  </gen:link>
</link:linkbase>