﻿<?xml version="1.0" encoding="utf-8"?>
<!--© DNB-->
<link:linkbase xmlns:xsi="http://www.w3.org/2001/XMLSchema-instance" xmlns:xlink="http://www.w3.org/1999/xlink" xmlns:link="http://www.xbrl.org/2003/linkbase" xmlns:gen="http://xbrl.org/2008/generic" xmlns:label="http://xbrl.org/2008/label" xsi:schemaLocation="http://www.xbrl.org/2003/linkbase http://www.xbrl.org/2003/xbrl-linkbase-2003-12-31.xsd http://xbrl.org/2008/generic http://www.xbrl.org/2008/generic-link.xsd http://xbrl.org/2008/label http://www.xbrl.org/2008/generic-label.xsd">
  <link:arcroleRef arcroleURI="http://xbrl.org/arcrole/2008/element-label" xlink:type="simple" xlink:href="http://www.xbrl.org/2008/generic-label.xsd#element-label" />
  <link:roleRef roleURI="http://www.eurofiling.info/xbrl/role/filing-indicator-code" xlink:type="simple" xlink:href="http://www.eurofiling.info/eu/fr/xbrl/ext/model.xsd#filing-indicator-code" />
  <link:roleRef roleURI="http://www.eurofiling.info/xbrl/role/rc-code" xlink:type="simple" xlink:href="http://www.eurofiling.info/eu/fr/xbrl/ext/model.xsd#rc-code" />
  <gen:link xlink:type="extended" xlink:role="http://www.xbrl.org/2003/role/link">
    <link:loc xlink:type="locator" xlink:href="f_09.01-rend.xml#dnb-crd_tF_09.01" xlink:label="loc_dnb-crd_tF_09.01" />
    <label:label xlink:type="resource" xlink:label="label_dnb-crd_tF_09.01" xml:lang="en" xlink:role="http://www.eurofiling.info/xbrl/role/rc-code">F 09.01</label:label>
    <gen:arc xlink:type="arc" xlink:arcrole="http://xbrl.org/arcrole/2008/element-label" xlink:from="loc_dnb-crd_tF_09.01" xlink:to="label_dnb-crd_tF_09.01" />
    <link:loc xlink:type="locator" xlink:href="f_09.01-rend.xml#dnb-crd_c36756" xlink:label="loc_dnb-crd_c36756" />
    <label:label xlink:type="resource" xlink:label="label_dnb-crd_c36756" xml:lang="en" xlink:role="http://www.eurofiling.info/xbrl/role/rc-code">010</label:label>
    <gen:arc xlink:type="arc" xlink:arcrole="http://xbrl.org/arcrole/2008/element-label" xlink:from="loc_dnb-crd_c36756" xlink:to="label_dnb-crd_c36756" />
    <link:loc xlink:type="locator" xlink:href="f_09.01-rend.xml#dnb-crd_c36757" xlink:label="loc_dnb-crd_c36757" />
    <label:label xlink:type="resource" xlink:label="label_dnb-crd_c36757" xml:lang="en" xlink:role="http://www.eurofiling.info/xbrl/role/rc-code">010</label:label>
    <gen:arc xlink:type="arc" xlink:arcrole="http://xbrl.org/arcrole/2008/element-label" xlink:from="loc_dnb-crd_c36757" xlink:to="label_dnb-crd_c36757" />
    <link:loc xlink:type="locator" xlink:href="f_09.01-rend.xml#dnb-crd_c36758" xlink:label="loc_dnb-crd_c36758" />
    <label:label xlink:type="resource" xlink:label="label_dnb-crd_c36758" xml:lang="en" xlink:role="http://www.eurofiling.info/xbrl/role/rc-code">021</label:label>
    <gen:arc xlink:type="arc" xlink:arcrole="http://xbrl.org/arcrole/2008/element-label" xlink:from="loc_dnb-crd_c36758" xlink:to="label_dnb-crd_c36758" />
    <link:loc xlink:type="locator" xlink:href="f_09.01-rend.xml#dnb-crd_c36759" xlink:label="loc_dnb-crd_c36759" />
    <label:label xlink:type="resource" xlink:label="label_dnb-crd_c36759" xml:lang="en" xlink:role="http://www.eurofiling.info/xbrl/role/rc-code">030</label:label>
    <gen:arc xlink:type="arc" xlink:arcrole="http://xbrl.org/arcrole/2008/element-label" xlink:from="loc_dnb-crd_c36759" xlink:to="label_dnb-crd_c36759" />
    <link:loc xlink:type="locator" xlink:href="f_09.01-rend.xml#dnb-crd_c36760" xlink:label="loc_dnb-crd_c36760" />
    <label:label xlink:type="resource" xlink:label="label_dnb-crd_c36760" xml:lang="en" xlink:role="http://www.eurofiling.info/xbrl/role/rc-code">040</label:label>
    <gen:arc xlink:type="arc" xlink:arcrole="http://xbrl.org/arcrole/2008/element-label" xlink:from="loc_dnb-crd_c36760" xlink:to="label_dnb-crd_c36760" />
    <link:loc xlink:type="locator" xlink:href="f_09.01-rend.xml#dnb-crd_c36761" xlink:label="loc_dnb-crd_c36761" />
    <label:label xlink:type="resource" xlink:label="label_dnb-crd_c36761" xml:lang="en" xlink:role="http://www.eurofiling.info/xbrl/role/rc-code">050</label:label>
    <gen:arc xlink:type="arc" xlink:arcrole="http://xbrl.org/arcrole/2008/element-label" xlink:from="loc_dnb-crd_c36761" xlink:to="label_dnb-crd_c36761" />
    <link:loc xlink:type="locator" xlink:href="f_09.01-rend.xml#dnb-crd_c36762" xlink:label="loc_dnb-crd_c36762" />
    <label:label xlink:type="resource" xlink:label="label_dnb-crd_c36762" xml:lang="en" xlink:role="http://www.eurofiling.info/xbrl/role/rc-code">060</label:label>
    <gen:arc xlink:type="arc" xlink:arcrole="http://xbrl.org/arcrole/2008/element-label" xlink:from="loc_dnb-crd_c36762" xlink:to="label_dnb-crd_c36762" />
    <link:loc xlink:type="locator" xlink:href="f_09.01-rend.xml#dnb-crd_c36763" xlink:label="loc_dnb-crd_c36763" />
    <label:label xlink:type="resource" xlink:label="label_dnb-crd_c36763" xml:lang="en" xlink:role="http://www.eurofiling.info/xbrl/role/rc-code">070</label:label>
    <gen:arc xlink:type="arc" xlink:arcrole="http://xbrl.org/arcrole/2008/element-label" xlink:from="loc_dnb-crd_c36763" xlink:to="label_dnb-crd_c36763" />
    <link:loc xlink:type="locator" xlink:href="f_09.01-rend.xml#dnb-crd_c36764" xlink:label="loc_dnb-crd_c36764" />
    <label:label xlink:type="resource" xlink:label="label_dnb-crd_c36764" xml:lang="en" xlink:role="http://www.eurofiling.info/xbrl/role/rc-code">080</label:label>
    <gen:arc xlink:type="arc" xlink:arcrole="http://xbrl.org/arcrole/2008/element-label" xlink:from="loc_dnb-crd_c36764" xlink:to="label_dnb-crd_c36764" />
    <link:loc xlink:type="locator" xlink:href="f_09.01-rend.xml#dnb-crd_c36765" xlink:label="loc_dnb-crd_c36765" />
    <label:label xlink:type="resource" xlink:label="label_dnb-crd_c36765" xml:lang="en" xlink:role="http://www.eurofiling.info/xbrl/role/rc-code">090</label:label>
    <gen:arc xlink:type="arc" xlink:arcrole="http://xbrl.org/arcrole/2008/element-label" xlink:from="loc_dnb-crd_c36765" xlink:to="label_dnb-crd_c36765" />
    <link:loc xlink:type="locator" xlink:href="f_09.01-rend.xml#dnb-crd_c36766" xlink:label="loc_dnb-crd_c36766" />
    <label:label xlink:type="resource" xlink:label="label_dnb-crd_c36766" xml:lang="en" xlink:role="http://www.eurofiling.info/xbrl/role/rc-code">101</label:label>
    <gen:arc xlink:type="arc" xlink:arcrole="http://xbrl.org/arcrole/2008/element-label" xlink:from="loc_dnb-crd_c36766" xlink:to="label_dnb-crd_c36766" />
    <link:loc xlink:type="locator" xlink:href="f_09.01-rend.xml#dnb-crd_c36767" xlink:label="loc_dnb-crd_c36767" />
    <label:label xlink:type="resource" xlink:label="label_dnb-crd_c36767" xml:lang="en" xlink:role="http://www.eurofiling.info/xbrl/role/rc-code">110</label:label>
    <gen:arc xlink:type="arc" xlink:arcrole="http://xbrl.org/arcrole/2008/element-label" xlink:from="loc_dnb-crd_c36767" xlink:to="label_dnb-crd_c36767" />
    <link:loc xlink:type="locator" xlink:href="f_09.01-rend.xml#dnb-crd_c36768" xlink:label="loc_dnb-crd_c36768" />
    <label:label xlink:type="resource" xlink:label="label_dnb-crd_c36768" xml:lang="en" xlink:role="http://www.eurofiling.info/xbrl/role/rc-code">120</label:label>
    <gen:arc xlink:type="arc" xlink:arcrole="http://xbrl.org/arcrole/2008/element-label" xlink:from="loc_dnb-crd_c36768" xlink:to="label_dnb-crd_c36768" />
    <link:loc xlink:type="locator" xlink:href="f_09.01-rend.xml#dnb-crd_c36769" xlink:label="loc_dnb-crd_c36769" />
    <label:label xlink:type="resource" xlink:label="label_dnb-crd_c36769" xml:lang="en" xlink:role="http://www.eurofiling.info/xbrl/role/rc-code">130</label:label>
    <gen:arc xlink:type="arc" xlink:arcrole="http://xbrl.org/arcrole/2008/element-label" xlink:from="loc_dnb-crd_c36769" xlink:to="label_dnb-crd_c36769" />
    <link:loc xlink:type="locator" xlink:href="f_09.01-rend.xml#dnb-crd_c36770" xlink:label="loc_dnb-crd_c36770" />
    <label:label xlink:type="resource" xlink:label="label_dnb-crd_c36770" xml:lang="en" xlink:role="http://www.eurofiling.info/xbrl/role/rc-code">140</label:label>
    <gen:arc xlink:type="arc" xlink:arcrole="http://xbrl.org/arcrole/2008/element-label" xlink:from="loc_dnb-crd_c36770" xlink:to="label_dnb-crd_c36770" />
    <link:loc xlink:type="locator" xlink:href="f_09.01-rend.xml#dnb-crd_c36771" xlink:label="loc_dnb-crd_c36771" />
    <label:label xlink:type="resource" xlink:label="label_dnb-crd_c36771" xml:lang="en" xlink:role="http://www.eurofiling.info/xbrl/role/rc-code">150</label:label>
    <gen:arc xlink:type="arc" xlink:arcrole="http://xbrl.org/arcrole/2008/element-label" xlink:from="loc_dnb-crd_c36771" xlink:to="label_dnb-crd_c36771" />
    <link:loc xlink:type="locator" xlink:href="f_09.01-rend.xml#dnb-crd_c36772" xlink:label="loc_dnb-crd_c36772" />
    <label:label xlink:type="resource" xlink:label="label_dnb-crd_c36772" xml:lang="en" xlink:role="http://www.eurofiling.info/xbrl/role/rc-code">160</label:label>
    <gen:arc xlink:type="arc" xlink:arcrole="http://xbrl.org/arcrole/2008/element-label" xlink:from="loc_dnb-crd_c36772" xlink:to="label_dnb-crd_c36772" />
    <link:loc xlink:type="locator" xlink:href="f_09.01-rend.xml#dnb-crd_c36773" xlink:label="loc_dnb-crd_c36773" />
    <label:label xlink:type="resource" xlink:label="label_dnb-crd_c36773" xml:lang="en" xlink:role="http://www.eurofiling.info/xbrl/role/rc-code">170</label:label>
    <gen:arc xlink:type="arc" xlink:arcrole="http://xbrl.org/arcrole/2008/element-label" xlink:from="loc_dnb-crd_c36773" xlink:to="label_dnb-crd_c36773" />
    <link:loc xlink:type="locator" xlink:href="f_09.01-rend.xml#dnb-crd_c36774" xlink:label="loc_dnb-crd_c36774" />
    <label:label xlink:type="resource" xlink:label="label_dnb-crd_c36774" xml:lang="en" xlink:role="http://www.eurofiling.info/xbrl/role/rc-code">181</label:label>
    <gen:arc xlink:type="arc" xlink:arcrole="http://xbrl.org/arcrole/2008/element-label" xlink:from="loc_dnb-crd_c36774" xlink:to="label_dnb-crd_c36774" />
    <link:loc xlink:type="locator" xlink:href="f_09.01-rend.xml#dnb-crd_c36784" xlink:label="loc_dnb-crd_c36784" />
    <label:label xlink:type="resource" xlink:label="label_dnb-crd_c36784" xml:lang="en" xlink:role="http://www.eurofiling.info/xbrl/role/rc-code">182</label:label>
    <gen:arc xlink:type="arc" xlink:arcrole="http://xbrl.org/arcrole/2008/element-label" xlink:from="loc_dnb-crd_c36784" xlink:to="label_dnb-crd_c36784" />
    <link:loc xlink:type="locator" xlink:href="f_09.01-rend.xml#dnb-crd_c36782" xlink:label="loc_dnb-crd_c36782" />
    <label:label xlink:type="resource" xlink:label="label_dnb-crd_c36782" xml:lang="en" xlink:role="http://www.eurofiling.info/xbrl/role/rc-code">183</label:label>
    <gen:arc xlink:type="arc" xlink:arcrole="http://xbrl.org/arcrole/2008/element-label" xlink:from="loc_dnb-crd_c36782" xlink:to="label_dnb-crd_c36782" />
    <link:loc xlink:type="locator" xlink:href="f_09.01-rend.xml#dnb-crd_c36775" xlink:label="loc_dnb-crd_c36775" />
    <label:label xlink:type="resource" xlink:label="label_dnb-crd_c36775" xml:lang="en" xlink:role="http://www.eurofiling.info/xbrl/role/rc-code">190</label:label>
    <gen:arc xlink:type="arc" xlink:arcrole="http://xbrl.org/arcrole/2008/element-label" xlink:from="loc_dnb-crd_c36775" xlink:to="label_dnb-crd_c36775" />
    <link:loc xlink:type="locator" xlink:href="f_09.01-rend.xml#dnb-crd_c36776" xlink:label="loc_dnb-crd_c36776" />
    <label:label xlink:type="resource" xlink:label="label_dnb-crd_c36776" xml:lang="en" xlink:role="http://www.eurofiling.info/xbrl/role/rc-code">200</label:label>
    <gen:arc xlink:type="arc" xlink:arcrole="http://xbrl.org/arcrole/2008/element-label" xlink:from="loc_dnb-crd_c36776" xlink:to="label_dnb-crd_c36776" />
    <link:loc xlink:type="locator" xlink:href="f_09.01-rend.xml#dnb-crd_c36777" xlink:label="loc_dnb-crd_c36777" />
    <label:label xlink:type="resource" xlink:label="label_dnb-crd_c36777" xml:lang="en" xlink:role="http://www.eurofiling.info/xbrl/role/rc-code">210</label:label>
    <gen:arc xlink:type="arc" xlink:arcrole="http://xbrl.org/arcrole/2008/element-label" xlink:from="loc_dnb-crd_c36777" xlink:to="label_dnb-crd_c36777" />
    <link:loc xlink:type="locator" xlink:href="f_09.01-rend.xml#dnb-crd_c36778" xlink:label="loc_dnb-crd_c36778" />
    <label:label xlink:type="resource" xlink:label="label_dnb-crd_c36778" xml:lang="en" xlink:role="http://www.eurofiling.info/xbrl/role/rc-code">220</label:label>
    <gen:arc xlink:type="arc" xlink:arcrole="http://xbrl.org/arcrole/2008/element-label" xlink:from="loc_dnb-crd_c36778" xlink:to="label_dnb-crd_c36778" />
    <link:loc xlink:type="locator" xlink:href="f_09.01-rend.xml#dnb-crd_c36779" xlink:label="loc_dnb-crd_c36779" />
    <label:label xlink:type="resource" xlink:label="label_dnb-crd_c36779" xml:lang="en" xlink:role="http://www.eurofiling.info/xbrl/role/rc-code">230</label:label>
    <gen:arc xlink:type="arc" xlink:arcrole="http://xbrl.org/arcrole/2008/element-label" xlink:from="loc_dnb-crd_c36779" xlink:to="label_dnb-crd_c36779" />
    <link:loc xlink:type="locator" xlink:href="f_09.01-rend.xml#dnb-crd_c36780" xlink:label="loc_dnb-crd_c36780" />
    <label:label xlink:type="resource" xlink:label="label_dnb-crd_c36780" xml:lang="en" xlink:role="http://www.eurofiling.info/xbrl/role/rc-code">240</label:label>
    <gen:arc xlink:type="arc" xlink:arcrole="http://xbrl.org/arcrole/2008/element-label" xlink:from="loc_dnb-crd_c36780" xlink:to="label_dnb-crd_c36780" />
    <label:label xlink:type="resource" xlink:label="label_dnb-crd_tF_09.01_1" xml:lang="en" xlink:role="http://www.eurofiling.info/xbrl/role/filing-indicator-code">F_09.01</label:label>
    <gen:arc xlink:type="arc" xlink:arcrole="http://xbrl.org/arcrole/2008/element-label" xlink:from="loc_dnb-crd_tF_09.01" xlink:to="label_dnb-crd_tF_09.01_1" />
  </gen:link>
</link:linkbase>