﻿<?xml version="1.0" encoding="utf-8"?>
<!--© DNB-->
<link:linkbase xmlns:xsi="http://www.w3.org/2001/XMLSchema-instance" xmlns:xlink="http://www.w3.org/1999/xlink" xmlns:link="http://www.xbrl.org/2003/linkbase" xsi:schemaLocation="http://www.xbrl.org/2003/linkbase http://www.xbrl.org/2003/xbrl-linkbase-2003-12-31.xsd">
  <link:labelLink xlink:type="extended" xlink:role="http://www.xbrl.org/2003/role/link">
    <link:loc xlink:type="locator" xlink:href="mem.xsd#dnb-crd__0A" xlink:label="loc_dnb-crd__0A" />
    <link:label xlink:type="resource" xlink:label="label_dnb-crd__0A" xml:lang="en" xlink:role="http://www.xbrl.org/2003/role/label">EEA excl. NL</link:label>
    <link:labelArc xlink:type="arc" xlink:arcrole="http://www.xbrl.org/2003/arcrole/concept-label" xlink:from="loc_dnb-crd__0A" xlink:to="label_dnb-crd__0A" />
    <link:loc xlink:type="locator" xlink:href="mem.xsd#dnb-crd__0B" xlink:label="loc_dnb-crd__0B" />
    <link:label xlink:type="resource" xlink:label="label_dnb-crd__0B" xml:lang="en" xlink:role="http://www.xbrl.org/2003/role/label">World excl. EEA</link:label>
    <link:labelArc xlink:type="arc" xlink:arcrole="http://www.xbrl.org/2003/arcrole/concept-label" xlink:from="loc_dnb-crd__0B" xlink:to="label_dnb-crd__0B" />
  </link:labelLink>
</link:linkbase>