﻿<?xml version="1.0" encoding="utf-8"?>
<!--© DNB-->
<link:linkbase xmlns:xsi="http://www.w3.org/2001/XMLSchema-instance" xmlns:xlink="http://www.w3.org/1999/xlink" xmlns:link="http://www.xbrl.org/2003/linkbase" xmlns:gen="http://xbrl.org/2008/generic" xmlns:label="http://xbrl.org/2008/label" xsi:schemaLocation="http://www.xbrl.org/2003/linkbase http://www.xbrl.org/2003/xbrl-linkbase-2003-12-31.xsd http://xbrl.org/2008/generic http://www.xbrl.org/2008/generic-link.xsd http://xbrl.org/2008/label http://www.xbrl.org/2008/generic-label.xsd">
  <link:arcroleRef arcroleURI="http://xbrl.org/arcrole/2008/element-label" xlink:type="simple" xlink:href="http://www.xbrl.org/2008/generic-label.xsd#element-label" />
  <link:roleRef roleURI="http://www.xbrl.org/2008/role/label" xlink:type="simple" xlink:href="http://www.xbrl.org/2008/generic-label.xsd#standard-label" />
  <link:roleRef roleURI="http://www.xbrl.org/2008/role/verboseLabel" xlink:type="simple" xlink:href="http://www.xbrl.org/2008/generic-label.xsd#verbose-label" />
  <gen:link xlink:type="extended" xlink:role="http://www.xbrl.org/2003/role/link">
    <link:loc xlink:type="locator" xlink:href="f_02.00-rend.xml#dnb-crd_tF_02.00" xlink:label="loc_dnb-crd_tF_02.00" />
    <label:label xlink:type="resource" xlink:label="label_dnb-crd_tF_02.00" xml:lang="nl" xlink:role="http://www.xbrl.org/2008/role/label">F 02.00</label:label>
    <gen:arc xlink:type="arc" xlink:arcrole="http://xbrl.org/arcrole/2008/element-label" xlink:from="loc_dnb-crd_tF_02.00" xlink:to="label_dnb-crd_tF_02.00" />
    <label:label xlink:type="resource" xlink:label="label_dnb-crd_tF_02.00_1" xml:lang="nl" xlink:role="http://www.xbrl.org/2008/role/verboseLabel">F 02.00 Winst-en-verliesrekening</label:label>
    <gen:arc xlink:type="arc" xlink:arcrole="http://xbrl.org/arcrole/2008/element-label" xlink:from="loc_dnb-crd_tF_02.00" xlink:to="label_dnb-crd_tF_02.00_1" />
    <link:loc xlink:type="locator" xlink:href="f_02.00-rend.xml#dnb-crd_a1" xlink:label="loc_dnb-crd_a1" />
    <label:label xlink:type="resource" xlink:label="label_dnb-crd_a1" xml:lang="nl" xlink:role="http://www.xbrl.org/2008/role/label">Kolommen</label:label>
    <gen:arc xlink:type="arc" xlink:arcrole="http://xbrl.org/arcrole/2008/element-label" xlink:from="loc_dnb-crd_a1" xlink:to="label_dnb-crd_a1" />
    <link:loc xlink:type="locator" xlink:href="f_02.00-rend.xml#dnb-crd_c41733" xlink:label="loc_dnb-crd_c41733" />
    <label:label xlink:type="resource" xlink:label="label_dnb-crd_c41733" xml:lang="nl" xlink:role="http://www.xbrl.org/2008/role/label">Lopende periode</label:label>
    <gen:arc xlink:type="arc" xlink:arcrole="http://xbrl.org/arcrole/2008/element-label" xlink:from="loc_dnb-crd_c41733" xlink:to="label_dnb-crd_c41733" />
    <link:loc xlink:type="locator" xlink:href="f_02.00-rend.xml#dnb-crd_a2" xlink:label="loc_dnb-crd_a2" />
    <label:label xlink:type="resource" xlink:label="label_dnb-crd_a2" xml:lang="nl" xlink:role="http://www.xbrl.org/2008/role/label">Rijen</label:label>
    <gen:arc xlink:type="arc" xlink:arcrole="http://xbrl.org/arcrole/2008/element-label" xlink:from="loc_dnb-crd_a2" xlink:to="label_dnb-crd_a2" />
    <link:loc xlink:type="locator" xlink:href="f_02.00-rend.xml#dnb-crd_c41734" xlink:label="loc_dnb-crd_c41734" />
    <label:label xlink:type="resource" xlink:label="label_dnb-crd_c41734" xml:lang="nl" xlink:role="http://www.xbrl.org/2008/role/label">Rentebaten</label:label>
    <gen:arc xlink:type="arc" xlink:arcrole="http://xbrl.org/arcrole/2008/element-label" xlink:from="loc_dnb-crd_c41734" xlink:to="label_dnb-crd_c41734" />
    <link:loc xlink:type="locator" xlink:href="f_02.00-rend.xml#dnb-crd_c41735" xlink:label="loc_dnb-crd_c41735" />
    <label:label xlink:type="resource" xlink:label="label_dnb-crd_c41735" xml:lang="nl" xlink:role="http://www.xbrl.org/2008/role/label">Voor handelsdoeleinden aangehouden financiële activa</label:label>
    <gen:arc xlink:type="arc" xlink:arcrole="http://xbrl.org/arcrole/2008/element-label" xlink:from="loc_dnb-crd_c41735" xlink:to="label_dnb-crd_c41735" />
    <link:loc xlink:type="locator" xlink:href="f_02.00-rend.xml#dnb-crd_c41736" xlink:label="loc_dnb-crd_c41736" />
    <label:label xlink:type="resource" xlink:label="label_dnb-crd_c41736" xml:lang="nl" xlink:role="http://www.xbrl.org/2008/role/label">Financiële activa die tegen reële waarde zijn gewaardeerd met verwerking van waardeveranderingen in de winst- en verliesrekening</label:label>
    <gen:arc xlink:type="arc" xlink:arcrole="http://xbrl.org/arcrole/2008/element-label" xlink:from="loc_dnb-crd_c41736" xlink:to="label_dnb-crd_c41736" />
    <link:loc xlink:type="locator" xlink:href="f_02.00-rend.xml#dnb-crd_c41737" xlink:label="loc_dnb-crd_c41737" />
    <label:label xlink:type="resource" xlink:label="label_dnb-crd_c41737" xml:lang="nl" xlink:role="http://www.xbrl.org/2008/role/label">Financiële activa beschikbaar voor verkoop</label:label>
    <gen:arc xlink:type="arc" xlink:arcrole="http://xbrl.org/arcrole/2008/element-label" xlink:from="loc_dnb-crd_c41737" xlink:to="label_dnb-crd_c41737" />
    <link:loc xlink:type="locator" xlink:href="f_02.00-rend.xml#dnb-crd_c41738" xlink:label="loc_dnb-crd_c41738" />
    <label:label xlink:type="resource" xlink:label="label_dnb-crd_c41738" xml:lang="nl" xlink:role="http://www.xbrl.org/2008/role/label">Leningen en kortlopende vorderingen</label:label>
    <gen:arc xlink:type="arc" xlink:arcrole="http://xbrl.org/arcrole/2008/element-label" xlink:from="loc_dnb-crd_c41738" xlink:to="label_dnb-crd_c41738" />
    <link:loc xlink:type="locator" xlink:href="f_02.00-rend.xml#dnb-crd_c41739" xlink:label="loc_dnb-crd_c41739" />
    <label:label xlink:type="resource" xlink:label="label_dnb-crd_c41739" xml:lang="nl" xlink:role="http://www.xbrl.org/2008/role/label">Tot einde looptijd aangehouden beleggingen</label:label>
    <gen:arc xlink:type="arc" xlink:arcrole="http://xbrl.org/arcrole/2008/element-label" xlink:from="loc_dnb-crd_c41739" xlink:to="label_dnb-crd_c41739" />
    <link:loc xlink:type="locator" xlink:href="f_02.00-rend.xml#dnb-crd_c41740" xlink:label="loc_dnb-crd_c41740" />
    <label:label xlink:type="resource" xlink:label="label_dnb-crd_c41740" xml:lang="nl" xlink:role="http://www.xbrl.org/2008/role/label">Derivaten – hedge accounting, renterisico</label:label>
    <gen:arc xlink:type="arc" xlink:arcrole="http://xbrl.org/arcrole/2008/element-label" xlink:from="loc_dnb-crd_c41740" xlink:to="label_dnb-crd_c41740" />
    <link:loc xlink:type="locator" xlink:href="f_02.00-rend.xml#dnb-crd_c41741" xlink:label="loc_dnb-crd_c41741" />
    <label:label xlink:type="resource" xlink:label="label_dnb-crd_c41741" xml:lang="nl" xlink:role="http://www.xbrl.org/2008/role/label">Overige activa</label:label>
    <gen:arc xlink:type="arc" xlink:arcrole="http://xbrl.org/arcrole/2008/element-label" xlink:from="loc_dnb-crd_c41741" xlink:to="label_dnb-crd_c41741" />
    <link:loc xlink:type="locator" xlink:href="f_02.00-rend.xml#dnb-crd_c41742" xlink:label="loc_dnb-crd_c41742" />
    <label:label xlink:type="resource" xlink:label="label_dnb-crd_c41742" xml:lang="nl" xlink:role="http://www.xbrl.org/2008/role/label">Rentebaten op verplichtingen</label:label>
    <gen:arc xlink:type="arc" xlink:arcrole="http://xbrl.org/arcrole/2008/element-label" xlink:from="loc_dnb-crd_c41742" xlink:to="label_dnb-crd_c41742" />
    <link:loc xlink:type="locator" xlink:href="f_02.00-rend.xml#dnb-crd_c41743" xlink:label="loc_dnb-crd_c41743" />
    <label:label xlink:type="resource" xlink:label="label_dnb-crd_c41743" xml:lang="nl" xlink:role="http://www.xbrl.org/2008/role/label">(Rentelasten)</label:label>
    <gen:arc xlink:type="arc" xlink:arcrole="http://xbrl.org/arcrole/2008/element-label" xlink:from="loc_dnb-crd_c41743" xlink:to="label_dnb-crd_c41743" />
    <link:loc xlink:type="locator" xlink:href="f_02.00-rend.xml#dnb-crd_c41744" xlink:label="loc_dnb-crd_c41744" />
    <label:label xlink:type="resource" xlink:label="label_dnb-crd_c41744" xml:lang="nl" xlink:role="http://www.xbrl.org/2008/role/label">(Voor handelsdoeleinden aangehouden financiële verplichtingen)</label:label>
    <gen:arc xlink:type="arc" xlink:arcrole="http://xbrl.org/arcrole/2008/element-label" xlink:from="loc_dnb-crd_c41744" xlink:to="label_dnb-crd_c41744" />
    <link:loc xlink:type="locator" xlink:href="f_02.00-rend.xml#dnb-crd_c41745" xlink:label="loc_dnb-crd_c41745" />
    <label:label xlink:type="resource" xlink:label="label_dnb-crd_c41745" xml:lang="nl" xlink:role="http://www.xbrl.org/2008/role/label">(Financiële verplichtingen gewaardeerd tegen reële waarde met verwerking van waardeveranderingen in de winst-en-verliesrekening)</label:label>
    <gen:arc xlink:type="arc" xlink:arcrole="http://xbrl.org/arcrole/2008/element-label" xlink:from="loc_dnb-crd_c41745" xlink:to="label_dnb-crd_c41745" />
    <link:loc xlink:type="locator" xlink:href="f_02.00-rend.xml#dnb-crd_c41746" xlink:label="loc_dnb-crd_c41746" />
    <label:label xlink:type="resource" xlink:label="label_dnb-crd_c41746" xml:lang="nl" xlink:role="http://www.xbrl.org/2008/role/label">(Tegen geamortiseerde kostprijs gewaardeerde financiële verplichtingen)</label:label>
    <gen:arc xlink:type="arc" xlink:arcrole="http://xbrl.org/arcrole/2008/element-label" xlink:from="loc_dnb-crd_c41746" xlink:to="label_dnb-crd_c41746" />
    <link:loc xlink:type="locator" xlink:href="f_02.00-rend.xml#dnb-crd_c41747" xlink:label="loc_dnb-crd_c41747" />
    <label:label xlink:type="resource" xlink:label="label_dnb-crd_c41747" xml:lang="nl" xlink:role="http://www.xbrl.org/2008/role/label">(Derivaten – hedge accounting, renterisico)</label:label>
    <gen:arc xlink:type="arc" xlink:arcrole="http://xbrl.org/arcrole/2008/element-label" xlink:from="loc_dnb-crd_c41747" xlink:to="label_dnb-crd_c41747" />
    <link:loc xlink:type="locator" xlink:href="f_02.00-rend.xml#dnb-crd_c41748" xlink:label="loc_dnb-crd_c41748" />
    <label:label xlink:type="resource" xlink:label="label_dnb-crd_c41748" xml:lang="nl" xlink:role="http://www.xbrl.org/2008/role/label">(Overige verplichtingen)</label:label>
    <gen:arc xlink:type="arc" xlink:arcrole="http://xbrl.org/arcrole/2008/element-label" xlink:from="loc_dnb-crd_c41748" xlink:to="label_dnb-crd_c41748" />
    <link:loc xlink:type="locator" xlink:href="f_02.00-rend.xml#dnb-crd_c41749" xlink:label="loc_dnb-crd_c41749" />
    <label:label xlink:type="resource" xlink:label="label_dnb-crd_c41749" xml:lang="nl" xlink:role="http://www.xbrl.org/2008/role/label">(Rentelasten op vorderingen)</label:label>
    <gen:arc xlink:type="arc" xlink:arcrole="http://xbrl.org/arcrole/2008/element-label" xlink:from="loc_dnb-crd_c41749" xlink:to="label_dnb-crd_c41749" />
    <link:loc xlink:type="locator" xlink:href="f_02.00-rend.xml#dnb-crd_c41750" xlink:label="loc_dnb-crd_c41750" />
    <label:label xlink:type="resource" xlink:label="label_dnb-crd_c41750" xml:lang="nl" xlink:role="http://www.xbrl.org/2008/role/label">(Lasten uit direct opvraagbaar aandelenkapitaal)</label:label>
    <gen:arc xlink:type="arc" xlink:arcrole="http://xbrl.org/arcrole/2008/element-label" xlink:from="loc_dnb-crd_c41750" xlink:to="label_dnb-crd_c41750" />
    <link:loc xlink:type="locator" xlink:href="f_02.00-rend.xml#dnb-crd_c41751" xlink:label="loc_dnb-crd_c41751" />
    <label:label xlink:type="resource" xlink:label="label_dnb-crd_c41751" xml:lang="nl" xlink:role="http://www.xbrl.org/2008/role/label">Dividendinkomsten</label:label>
    <gen:arc xlink:type="arc" xlink:arcrole="http://xbrl.org/arcrole/2008/element-label" xlink:from="loc_dnb-crd_c41751" xlink:to="label_dnb-crd_c41751" />
    <link:loc xlink:type="locator" xlink:href="f_02.00-rend.xml#dnb-crd_c41752" xlink:label="loc_dnb-crd_c41752" />
    <label:label xlink:type="resource" xlink:label="label_dnb-crd_c41752" xml:lang="nl" xlink:role="http://www.xbrl.org/2008/role/label">Voor handelsdoeleinden aangehouden financiële activa</label:label>
    <gen:arc xlink:type="arc" xlink:arcrole="http://xbrl.org/arcrole/2008/element-label" xlink:from="loc_dnb-crd_c41752" xlink:to="label_dnb-crd_c41752" />
    <link:loc xlink:type="locator" xlink:href="f_02.00-rend.xml#dnb-crd_c41753" xlink:label="loc_dnb-crd_c41753" />
    <label:label xlink:type="resource" xlink:label="label_dnb-crd_c41753" xml:lang="nl" xlink:role="http://www.xbrl.org/2008/role/label">Financiële activa die tegen reële waarde zijn gewaardeerd met verwerking van waardeveranderingen in de winst- en verliesrekening</label:label>
    <gen:arc xlink:type="arc" xlink:arcrole="http://xbrl.org/arcrole/2008/element-label" xlink:from="loc_dnb-crd_c41753" xlink:to="label_dnb-crd_c41753" />
    <link:loc xlink:type="locator" xlink:href="f_02.00-rend.xml#dnb-crd_c41754" xlink:label="loc_dnb-crd_c41754" />
    <label:label xlink:type="resource" xlink:label="label_dnb-crd_c41754" xml:lang="nl" xlink:role="http://www.xbrl.org/2008/role/label">Financiële activa beschikbaar voor verkoop</label:label>
    <gen:arc xlink:type="arc" xlink:arcrole="http://xbrl.org/arcrole/2008/element-label" xlink:from="loc_dnb-crd_c41754" xlink:to="label_dnb-crd_c41754" />
    <link:loc xlink:type="locator" xlink:href="f_02.00-rend.xml#dnb-crd_c41755" xlink:label="loc_dnb-crd_c41755" />
    <label:label xlink:type="resource" xlink:label="label_dnb-crd_c41755" xml:lang="nl" xlink:role="http://www.xbrl.org/2008/role/label">Vergoedings- en provisiebaten</label:label>
    <gen:arc xlink:type="arc" xlink:arcrole="http://xbrl.org/arcrole/2008/element-label" xlink:from="loc_dnb-crd_c41755" xlink:to="label_dnb-crd_c41755" />
    <link:loc xlink:type="locator" xlink:href="f_02.00-rend.xml#dnb-crd_c41756" xlink:label="loc_dnb-crd_c41756" />
    <label:label xlink:type="resource" xlink:label="label_dnb-crd_c41756" xml:lang="nl" xlink:role="http://www.xbrl.org/2008/role/label">(Vergoedings- en provisielasten)</label:label>
    <gen:arc xlink:type="arc" xlink:arcrole="http://xbrl.org/arcrole/2008/element-label" xlink:from="loc_dnb-crd_c41756" xlink:to="label_dnb-crd_c41756" />
    <link:loc xlink:type="locator" xlink:href="f_02.00-rend.xml#dnb-crd_c41757" xlink:label="loc_dnb-crd_c41757" />
    <label:label xlink:type="resource" xlink:label="label_dnb-crd_c41757" xml:lang="nl" xlink:role="http://www.xbrl.org/2008/role/label">Winsten of (-) verliezen uit financiële activa en verplichtingen die niet zijn gewaardeerd tegen reële waarde met verwerking van waardeveranderingen in de winst-en-verliesrekening, netto</label:label>
    <gen:arc xlink:type="arc" xlink:arcrole="http://xbrl.org/arcrole/2008/element-label" xlink:from="loc_dnb-crd_c41757" xlink:to="label_dnb-crd_c41757" />
    <link:loc xlink:type="locator" xlink:href="f_02.00-rend.xml#dnb-crd_c41758" xlink:label="loc_dnb-crd_c41758" />
    <label:label xlink:type="resource" xlink:label="label_dnb-crd_c41758" xml:lang="nl" xlink:role="http://www.xbrl.org/2008/role/label">Financiële activa beschikbaar voor verkoop</label:label>
    <gen:arc xlink:type="arc" xlink:arcrole="http://xbrl.org/arcrole/2008/element-label" xlink:from="loc_dnb-crd_c41758" xlink:to="label_dnb-crd_c41758" />
    <link:loc xlink:type="locator" xlink:href="f_02.00-rend.xml#dnb-crd_c41759" xlink:label="loc_dnb-crd_c41759" />
    <label:label xlink:type="resource" xlink:label="label_dnb-crd_c41759" xml:lang="nl" xlink:role="http://www.xbrl.org/2008/role/label">Leningen en kortlopende vorderingen</label:label>
    <gen:arc xlink:type="arc" xlink:arcrole="http://xbrl.org/arcrole/2008/element-label" xlink:from="loc_dnb-crd_c41759" xlink:to="label_dnb-crd_c41759" />
    <link:loc xlink:type="locator" xlink:href="f_02.00-rend.xml#dnb-crd_c41760" xlink:label="loc_dnb-crd_c41760" />
    <label:label xlink:type="resource" xlink:label="label_dnb-crd_c41760" xml:lang="nl" xlink:role="http://www.xbrl.org/2008/role/label">Tot einde looptijd aangehouden beleggingen</label:label>
    <gen:arc xlink:type="arc" xlink:arcrole="http://xbrl.org/arcrole/2008/element-label" xlink:from="loc_dnb-crd_c41760" xlink:to="label_dnb-crd_c41760" />
    <link:loc xlink:type="locator" xlink:href="f_02.00-rend.xml#dnb-crd_c41761" xlink:label="loc_dnb-crd_c41761" />
    <label:label xlink:type="resource" xlink:label="label_dnb-crd_c41761" xml:lang="nl" xlink:role="http://www.xbrl.org/2008/role/label">Tegen geamortiseerde kostprijs gewaardeerde financiële verplichtingen</label:label>
    <gen:arc xlink:type="arc" xlink:arcrole="http://xbrl.org/arcrole/2008/element-label" xlink:from="loc_dnb-crd_c41761" xlink:to="label_dnb-crd_c41761" />
    <link:loc xlink:type="locator" xlink:href="f_02.00-rend.xml#dnb-crd_c41762" xlink:label="loc_dnb-crd_c41762" />
    <label:label xlink:type="resource" xlink:label="label_dnb-crd_c41762" xml:lang="nl" xlink:role="http://www.xbrl.org/2008/role/label">Overige</label:label>
    <gen:arc xlink:type="arc" xlink:arcrole="http://xbrl.org/arcrole/2008/element-label" xlink:from="loc_dnb-crd_c41762" xlink:to="label_dnb-crd_c41762" />
    <link:loc xlink:type="locator" xlink:href="f_02.00-rend.xml#dnb-crd_c41763" xlink:label="loc_dnb-crd_c41763" />
    <label:label xlink:type="resource" xlink:label="label_dnb-crd_c41763" xml:lang="nl" xlink:role="http://www.xbrl.org/2008/role/label">Winsten of (-) verliezen uit financiële activa en verplichtingen die voor handelsdoeleinden worden aangehouden, netto</label:label>
    <gen:arc xlink:type="arc" xlink:arcrole="http://xbrl.org/arcrole/2008/element-label" xlink:from="loc_dnb-crd_c41763" xlink:to="label_dnb-crd_c41763" />
    <link:loc xlink:type="locator" xlink:href="f_02.00-rend.xml#dnb-crd_c41764" xlink:label="loc_dnb-crd_c41764" />
    <label:label xlink:type="resource" xlink:label="label_dnb-crd_c41764" xml:lang="nl" xlink:role="http://www.xbrl.org/2008/role/label">Winsten of (-) verliezen m.b.t. financiële activa en verplichtingen voor handelsdoeleinden, netto</label:label>
    <gen:arc xlink:type="arc" xlink:arcrole="http://xbrl.org/arcrole/2008/element-label" xlink:from="loc_dnb-crd_c41764" xlink:to="label_dnb-crd_c41764" />
    <link:loc xlink:type="locator" xlink:href="f_02.00-rend.xml#dnb-crd_c41765" xlink:label="loc_dnb-crd_c41765" />
    <label:label xlink:type="resource" xlink:label="label_dnb-crd_c41765" xml:lang="nl" xlink:role="http://www.xbrl.org/2008/role/label">Winsten of (-) verliezen uit financiële activa en verplichtingen die zijn gewaardeerd tegen reële waarde met verwerking van waardeveranderingen in de winst-en-verliesrekening, netto</label:label>
    <gen:arc xlink:type="arc" xlink:arcrole="http://xbrl.org/arcrole/2008/element-label" xlink:from="loc_dnb-crd_c41765" xlink:to="label_dnb-crd_c41765" />
    <link:loc xlink:type="locator" xlink:href="f_02.00-rend.xml#dnb-crd_c41766" xlink:label="loc_dnb-crd_c41766" />
    <label:label xlink:type="resource" xlink:label="label_dnb-crd_c41766" xml:lang="nl" xlink:role="http://www.xbrl.org/2008/role/label">Winsten of (-) verliezen uit financiële activa en verplichtingen die voor niet-handelsdoeleinden worden aangehouden, netto</label:label>
    <gen:arc xlink:type="arc" xlink:arcrole="http://xbrl.org/arcrole/2008/element-label" xlink:from="loc_dnb-crd_c41766" xlink:to="label_dnb-crd_c41766" />
    <link:loc xlink:type="locator" xlink:href="f_02.00-rend.xml#dnb-crd_c41767" xlink:label="loc_dnb-crd_c41767" />
    <label:label xlink:type="resource" xlink:label="label_dnb-crd_c41767" xml:lang="nl" xlink:role="http://www.xbrl.org/2008/role/label">Winsten of (-) verliezen voortvloeiende uit afdekkingstransacties, netto</label:label>
    <gen:arc xlink:type="arc" xlink:arcrole="http://xbrl.org/arcrole/2008/element-label" xlink:from="loc_dnb-crd_c41767" xlink:to="label_dnb-crd_c41767" />
    <link:loc xlink:type="locator" xlink:href="f_02.00-rend.xml#dnb-crd_c41768" xlink:label="loc_dnb-crd_c41768" />
    <label:label xlink:type="resource" xlink:label="label_dnb-crd_c41768" xml:lang="nl" xlink:role="http://www.xbrl.org/2008/role/label">Wisselkoersverschillen [winsten of (-) verliezen], netto</label:label>
    <gen:arc xlink:type="arc" xlink:arcrole="http://xbrl.org/arcrole/2008/element-label" xlink:from="loc_dnb-crd_c41768" xlink:to="label_dnb-crd_c41768" />
    <link:loc xlink:type="locator" xlink:href="f_02.00-rend.xml#dnb-crd_c41769" xlink:label="loc_dnb-crd_c41769" />
    <label:label xlink:type="resource" xlink:label="label_dnb-crd_c41769" xml:lang="nl" xlink:role="http://www.xbrl.org/2008/role/label">Winsten of (-) verliezen bij verwijdering uit de balans van deelnemingen in dochterondernemingen, joint ventures en geassocieerde ondernemingen, netto</label:label>
    <gen:arc xlink:type="arc" xlink:arcrole="http://xbrl.org/arcrole/2008/element-label" xlink:from="loc_dnb-crd_c41769" xlink:to="label_dnb-crd_c41769" />
    <link:loc xlink:type="locator" xlink:href="f_02.00-rend.xml#dnb-crd_c41770" xlink:label="loc_dnb-crd_c41770" />
    <label:label xlink:type="resource" xlink:label="label_dnb-crd_c41770" xml:lang="nl" xlink:role="http://www.xbrl.org/2008/role/label">Winsten of (-) verliezen bij verwijdering uit de balans van niet-financiële activa, netto</label:label>
    <gen:arc xlink:type="arc" xlink:arcrole="http://xbrl.org/arcrole/2008/element-label" xlink:from="loc_dnb-crd_c41770" xlink:to="label_dnb-crd_c41770" />
    <link:loc xlink:type="locator" xlink:href="f_02.00-rend.xml#dnb-crd_c41771" xlink:label="loc_dnb-crd_c41771" />
    <label:label xlink:type="resource" xlink:label="label_dnb-crd_c41771" xml:lang="nl" xlink:role="http://www.xbrl.org/2008/role/label">Overige bedrijfsopbrengsten</label:label>
    <gen:arc xlink:type="arc" xlink:arcrole="http://xbrl.org/arcrole/2008/element-label" xlink:from="loc_dnb-crd_c41771" xlink:to="label_dnb-crd_c41771" />
    <link:loc xlink:type="locator" xlink:href="f_02.00-rend.xml#dnb-crd_c41772" xlink:label="loc_dnb-crd_c41772" />
    <label:label xlink:type="resource" xlink:label="label_dnb-crd_c41772" xml:lang="nl" xlink:role="http://www.xbrl.org/2008/role/label">(Overige bedrijfskosten)</label:label>
    <gen:arc xlink:type="arc" xlink:arcrole="http://xbrl.org/arcrole/2008/element-label" xlink:from="loc_dnb-crd_c41772" xlink:to="label_dnb-crd_c41772" />
    <link:loc xlink:type="locator" xlink:href="f_02.00-rend.xml#dnb-crd_c41773" xlink:label="loc_dnb-crd_c41773" />
    <label:label xlink:type="resource" xlink:label="label_dnb-crd_c41773" xml:lang="nl" xlink:role="http://www.xbrl.org/2008/role/label">TOTALE BEDRIJFSOPBRENGSTEN, NETTO</label:label>
    <gen:arc xlink:type="arc" xlink:arcrole="http://xbrl.org/arcrole/2008/element-label" xlink:from="loc_dnb-crd_c41773" xlink:to="label_dnb-crd_c41773" />
    <link:loc xlink:type="locator" xlink:href="f_02.00-rend.xml#dnb-crd_c41774" xlink:label="loc_dnb-crd_c41774" />
    <label:label xlink:type="resource" xlink:label="label_dnb-crd_c41774" xml:lang="nl" xlink:role="http://www.xbrl.org/2008/role/label">(Administratieve lasten)</label:label>
    <gen:arc xlink:type="arc" xlink:arcrole="http://xbrl.org/arcrole/2008/element-label" xlink:from="loc_dnb-crd_c41774" xlink:to="label_dnb-crd_c41774" />
    <link:loc xlink:type="locator" xlink:href="f_02.00-rend.xml#dnb-crd_c41775" xlink:label="loc_dnb-crd_c41775" />
    <label:label xlink:type="resource" xlink:label="label_dnb-crd_c41775" xml:lang="nl" xlink:role="http://www.xbrl.org/2008/role/label">(Personeelslasten)</label:label>
    <gen:arc xlink:type="arc" xlink:arcrole="http://xbrl.org/arcrole/2008/element-label" xlink:from="loc_dnb-crd_c41775" xlink:to="label_dnb-crd_c41775" />
    <link:loc xlink:type="locator" xlink:href="f_02.00-rend.xml#dnb-crd_c41776" xlink:label="loc_dnb-crd_c41776" />
    <label:label xlink:type="resource" xlink:label="label_dnb-crd_c41776" xml:lang="nl" xlink:role="http://www.xbrl.org/2008/role/label">(Overige administratieve lasten)</label:label>
    <gen:arc xlink:type="arc" xlink:arcrole="http://xbrl.org/arcrole/2008/element-label" xlink:from="loc_dnb-crd_c41776" xlink:to="label_dnb-crd_c41776" />
    <link:loc xlink:type="locator" xlink:href="f_02.00-rend.xml#dnb-crd_c41777" xlink:label="loc_dnb-crd_c41777" />
    <label:label xlink:type="resource" xlink:label="label_dnb-crd_c41777" xml:lang="nl" xlink:role="http://www.xbrl.org/2008/role/label">(Afschrijving)</label:label>
    <gen:arc xlink:type="arc" xlink:arcrole="http://xbrl.org/arcrole/2008/element-label" xlink:from="loc_dnb-crd_c41777" xlink:to="label_dnb-crd_c41777" />
    <link:loc xlink:type="locator" xlink:href="f_02.00-rend.xml#dnb-crd_c41778" xlink:label="loc_dnb-crd_c41778" />
    <label:label xlink:type="resource" xlink:label="label_dnb-crd_c41778" xml:lang="nl" xlink:role="http://www.xbrl.org/2008/role/label">(Materiële vaste activa)</label:label>
    <gen:arc xlink:type="arc" xlink:arcrole="http://xbrl.org/arcrole/2008/element-label" xlink:from="loc_dnb-crd_c41778" xlink:to="label_dnb-crd_c41778" />
    <link:loc xlink:type="locator" xlink:href="f_02.00-rend.xml#dnb-crd_c41779" xlink:label="loc_dnb-crd_c41779" />
    <label:label xlink:type="resource" xlink:label="label_dnb-crd_c41779" xml:lang="nl" xlink:role="http://www.xbrl.org/2008/role/label">(Vastgoedbeleggingen)</label:label>
    <gen:arc xlink:type="arc" xlink:arcrole="http://xbrl.org/arcrole/2008/element-label" xlink:from="loc_dnb-crd_c41779" xlink:to="label_dnb-crd_c41779" />
    <link:loc xlink:type="locator" xlink:href="f_02.00-rend.xml#dnb-crd_c41780" xlink:label="loc_dnb-crd_c41780" />
    <label:label xlink:type="resource" xlink:label="label_dnb-crd_c41780" xml:lang="nl" xlink:role="http://www.xbrl.org/2008/role/label">(Goodwill)</label:label>
    <gen:arc xlink:type="arc" xlink:arcrole="http://xbrl.org/arcrole/2008/element-label" xlink:from="loc_dnb-crd_c41780" xlink:to="label_dnb-crd_c41780" />
    <link:loc xlink:type="locator" xlink:href="f_02.00-rend.xml#dnb-crd_c41781" xlink:label="loc_dnb-crd_c41781" />
    <label:label xlink:type="resource" xlink:label="label_dnb-crd_c41781" xml:lang="nl" xlink:role="http://www.xbrl.org/2008/role/label">(Overige immateriële activa)</label:label>
    <gen:arc xlink:type="arc" xlink:arcrole="http://xbrl.org/arcrole/2008/element-label" xlink:from="loc_dnb-crd_c41781" xlink:to="label_dnb-crd_c41781" />
    <link:loc xlink:type="locator" xlink:href="f_02.00-rend.xml#dnb-crd_c41782" xlink:label="loc_dnb-crd_c41782" />
    <label:label xlink:type="resource" xlink:label="label_dnb-crd_c41782" xml:lang="nl" xlink:role="http://www.xbrl.org/2008/role/label">(Voorzieningen of (-) terugneming van voorzieningen)</label:label>
    <gen:arc xlink:type="arc" xlink:arcrole="http://xbrl.org/arcrole/2008/element-label" xlink:from="loc_dnb-crd_c41782" xlink:to="label_dnb-crd_c41782" />
    <link:loc xlink:type="locator" xlink:href="f_02.00-rend.xml#dnb-crd_c41783" xlink:label="loc_dnb-crd_c41783" />
    <label:label xlink:type="resource" xlink:label="label_dnb-crd_c41783" xml:lang="nl" xlink:role="http://www.xbrl.org/2008/role/label">(Verstrekte toezeggingen en garanties)</label:label>
    <gen:arc xlink:type="arc" xlink:arcrole="http://xbrl.org/arcrole/2008/element-label" xlink:from="loc_dnb-crd_c41783" xlink:to="label_dnb-crd_c41783" />
    <link:loc xlink:type="locator" xlink:href="f_02.00-rend.xml#dnb-crd_c41784" xlink:label="loc_dnb-crd_c41784" />
    <label:label xlink:type="resource" xlink:label="label_dnb-crd_c41784" xml:lang="nl" xlink:role="http://www.xbrl.org/2008/role/label">(Overige voorzieningen)</label:label>
    <gen:arc xlink:type="arc" xlink:arcrole="http://xbrl.org/arcrole/2008/element-label" xlink:from="loc_dnb-crd_c41784" xlink:to="label_dnb-crd_c41784" />
    <link:loc xlink:type="locator" xlink:href="f_02.00-rend.xml#dnb-crd_c41785" xlink:label="loc_dnb-crd_c41785" />
    <label:label xlink:type="resource" xlink:label="label_dnb-crd_c41785" xml:lang="nl" xlink:role="http://www.xbrl.org/2008/role/label">(Verhoging of (-) verlaging van het fonds voor algemene bankrisico's, netto)</label:label>
    <gen:arc xlink:type="arc" xlink:arcrole="http://xbrl.org/arcrole/2008/element-label" xlink:from="loc_dnb-crd_c41785" xlink:to="label_dnb-crd_c41785" />
    <link:loc xlink:type="locator" xlink:href="f_02.00-rend.xml#dnb-crd_c41786" xlink:label="loc_dnb-crd_c41786" />
    <label:label xlink:type="resource" xlink:label="label_dnb-crd_c41786" xml:lang="nl" xlink:role="http://www.xbrl.org/2008/role/label">(Bijzondere waardevermindering of (-) terugneming van bijzondere waardeverminderingen van financiële activa die niet zijn gewaardeerd tegen reële waarde met verwerking van waardeveranderingen in de winst- en-verliesrekening)</label:label>
    <gen:arc xlink:type="arc" xlink:arcrole="http://xbrl.org/arcrole/2008/element-label" xlink:from="loc_dnb-crd_c41786" xlink:to="label_dnb-crd_c41786" />
    <link:loc xlink:type="locator" xlink:href="f_02.00-rend.xml#dnb-crd_c41787" xlink:label="loc_dnb-crd_c41787" />
    <label:label xlink:type="resource" xlink:label="label_dnb-crd_c41787" xml:lang="nl" xlink:role="http://www.xbrl.org/2008/role/label">(Tegen kostprijs gewaardeerde financiële activa [niet-genoteerde aandeleninstrumenten en gerelateerde derivaten])</label:label>
    <gen:arc xlink:type="arc" xlink:arcrole="http://xbrl.org/arcrole/2008/element-label" xlink:from="loc_dnb-crd_c41787" xlink:to="label_dnb-crd_c41787" />
    <link:loc xlink:type="locator" xlink:href="f_02.00-rend.xml#dnb-crd_c41788" xlink:label="loc_dnb-crd_c41788" />
    <label:label xlink:type="resource" xlink:label="label_dnb-crd_c41788" xml:lang="nl" xlink:role="http://www.xbrl.org/2008/role/label">(Financiële activa beschikbaar voor verkoop)</label:label>
    <gen:arc xlink:type="arc" xlink:arcrole="http://xbrl.org/arcrole/2008/element-label" xlink:from="loc_dnb-crd_c41788" xlink:to="label_dnb-crd_c41788" />
    <link:loc xlink:type="locator" xlink:href="f_02.00-rend.xml#dnb-crd_c41789" xlink:label="loc_dnb-crd_c41789" />
    <label:label xlink:type="resource" xlink:label="label_dnb-crd_c41789" xml:lang="nl" xlink:role="http://www.xbrl.org/2008/role/label">(Leningen en kortlopende vorderingen</label:label>
    <gen:arc xlink:type="arc" xlink:arcrole="http://xbrl.org/arcrole/2008/element-label" xlink:from="loc_dnb-crd_c41789" xlink:to="label_dnb-crd_c41789" />
    <link:loc xlink:type="locator" xlink:href="f_02.00-rend.xml#dnb-crd_c41790" xlink:label="loc_dnb-crd_c41790" />
    <label:label xlink:type="resource" xlink:label="label_dnb-crd_c41790" xml:lang="nl" xlink:role="http://www.xbrl.org/2008/role/label">(Tot einde looptijd aangehouden beleggingen)</label:label>
    <gen:arc xlink:type="arc" xlink:arcrole="http://xbrl.org/arcrole/2008/element-label" xlink:from="loc_dnb-crd_c41790" xlink:to="label_dnb-crd_c41790" />
    <link:loc xlink:type="locator" xlink:href="f_02.00-rend.xml#dnb-crd_c41791" xlink:label="loc_dnb-crd_c41791" />
    <label:label xlink:type="resource" xlink:label="label_dnb-crd_c41791" xml:lang="nl" xlink:role="http://www.xbrl.org/2008/role/label">(Bijzondere waardevermindering of (-) terugneming van bijzondere waardeverminderingen van deelnemingen in dochterondernemingen, joint ventures en geassocieerde ondernemingen)</label:label>
    <gen:arc xlink:type="arc" xlink:arcrole="http://xbrl.org/arcrole/2008/element-label" xlink:from="loc_dnb-crd_c41791" xlink:to="label_dnb-crd_c41791" />
    <link:loc xlink:type="locator" xlink:href="f_02.00-rend.xml#dnb-crd_c41792" xlink:label="loc_dnb-crd_c41792" />
    <label:label xlink:type="resource" xlink:label="label_dnb-crd_c41792" xml:lang="nl" xlink:role="http://www.xbrl.org/2008/role/label">(Bijzondere waardeverminderingen of (-) terugneming van bijzondere waardeverminderingen van niet- financiële activa)</label:label>
    <gen:arc xlink:type="arc" xlink:arcrole="http://xbrl.org/arcrole/2008/element-label" xlink:from="loc_dnb-crd_c41792" xlink:to="label_dnb-crd_c41792" />
    <link:loc xlink:type="locator" xlink:href="f_02.00-rend.xml#dnb-crd_c41793" xlink:label="loc_dnb-crd_c41793" />
    <label:label xlink:type="resource" xlink:label="label_dnb-crd_c41793" xml:lang="nl" xlink:role="http://www.xbrl.org/2008/role/label">(Materiële vaste activa)</label:label>
    <gen:arc xlink:type="arc" xlink:arcrole="http://xbrl.org/arcrole/2008/element-label" xlink:from="loc_dnb-crd_c41793" xlink:to="label_dnb-crd_c41793" />
    <link:loc xlink:type="locator" xlink:href="f_02.00-rend.xml#dnb-crd_c41794" xlink:label="loc_dnb-crd_c41794" />
    <label:label xlink:type="resource" xlink:label="label_dnb-crd_c41794" xml:lang="nl" xlink:role="http://www.xbrl.org/2008/role/label">(Vastgoedbeleggingen)</label:label>
    <gen:arc xlink:type="arc" xlink:arcrole="http://xbrl.org/arcrole/2008/element-label" xlink:from="loc_dnb-crd_c41794" xlink:to="label_dnb-crd_c41794" />
    <link:loc xlink:type="locator" xlink:href="f_02.00-rend.xml#dnb-crd_c41795" xlink:label="loc_dnb-crd_c41795" />
    <label:label xlink:type="resource" xlink:label="label_dnb-crd_c41795" xml:lang="nl" xlink:role="http://www.xbrl.org/2008/role/label">(Goodwill)</label:label>
    <gen:arc xlink:type="arc" xlink:arcrole="http://xbrl.org/arcrole/2008/element-label" xlink:from="loc_dnb-crd_c41795" xlink:to="label_dnb-crd_c41795" />
    <link:loc xlink:type="locator" xlink:href="f_02.00-rend.xml#dnb-crd_c41796" xlink:label="loc_dnb-crd_c41796" />
    <label:label xlink:type="resource" xlink:label="label_dnb-crd_c41796" xml:lang="nl" xlink:role="http://www.xbrl.org/2008/role/label">(Overige immateriële activa)</label:label>
    <gen:arc xlink:type="arc" xlink:arcrole="http://xbrl.org/arcrole/2008/element-label" xlink:from="loc_dnb-crd_c41796" xlink:to="label_dnb-crd_c41796" />
    <link:loc xlink:type="locator" xlink:href="f_02.00-rend.xml#dnb-crd_c41797" xlink:label="loc_dnb-crd_c41797" />
    <label:label xlink:type="resource" xlink:label="label_dnb-crd_c41797" xml:lang="nl" xlink:role="http://www.xbrl.org/2008/role/label">(Overige)</label:label>
    <gen:arc xlink:type="arc" xlink:arcrole="http://xbrl.org/arcrole/2008/element-label" xlink:from="loc_dnb-crd_c41797" xlink:to="label_dnb-crd_c41797" />
    <link:loc xlink:type="locator" xlink:href="f_02.00-rend.xml#dnb-crd_c41798" xlink:label="loc_dnb-crd_c41798" />
    <label:label xlink:type="resource" xlink:label="label_dnb-crd_c41798" xml:lang="nl" xlink:role="http://www.xbrl.org/2008/role/label">Negatieve goodwill verantwoord in de winst-en-verliesrekening</label:label>
    <gen:arc xlink:type="arc" xlink:arcrole="http://xbrl.org/arcrole/2008/element-label" xlink:from="loc_dnb-crd_c41798" xlink:to="label_dnb-crd_c41798" />
    <link:loc xlink:type="locator" xlink:href="f_02.00-rend.xml#dnb-crd_c41799" xlink:label="loc_dnb-crd_c41799" />
    <label:label xlink:type="resource" xlink:label="label_dnb-crd_c41799" xml:lang="nl" xlink:role="http://www.xbrl.org/2008/role/label">Aandeel in de winst of (-) het verlies van investeringen in dochterondernemingen, joint ventures en geassocieerde deelnemingen die met behulp van de vermogensmutatiemethode administratief zijn verwerkt</label:label>
    <gen:arc xlink:type="arc" xlink:arcrole="http://xbrl.org/arcrole/2008/element-label" xlink:from="loc_dnb-crd_c41799" xlink:to="label_dnb-crd_c41799" />
    <link:loc xlink:type="locator" xlink:href="f_02.00-rend.xml#dnb-crd_c41800" xlink:label="loc_dnb-crd_c41800" />
    <label:label xlink:type="resource" xlink:label="label_dnb-crd_c41800" xml:lang="nl" xlink:role="http://www.xbrl.org/2008/role/label">Winsten of (-) verliezen van als aangehouden voor verkoop geclassificeerde en niet als beëindigde bedrijfsactiviteiten in aanmerking komende vaste activa en groepen activa die worden afgestoten</label:label>
    <gen:arc xlink:type="arc" xlink:arcrole="http://xbrl.org/arcrole/2008/element-label" xlink:from="loc_dnb-crd_c41800" xlink:to="label_dnb-crd_c41800" />
    <link:loc xlink:type="locator" xlink:href="f_02.00-rend.xml#dnb-crd_c41801" xlink:label="loc_dnb-crd_c41801" />
    <label:label xlink:type="resource" xlink:label="label_dnb-crd_c41801" xml:lang="nl" xlink:role="http://www.xbrl.org/2008/role/label">Winst of (-) verlies vóór belasting uit doorlopende activiteiten</label:label>
    <gen:arc xlink:type="arc" xlink:arcrole="http://xbrl.org/arcrole/2008/element-label" xlink:from="loc_dnb-crd_c41801" xlink:to="label_dnb-crd_c41801" />
    <link:loc xlink:type="locator" xlink:href="f_02.00-rend.xml#dnb-crd_c41802" xlink:label="loc_dnb-crd_c41802" />
    <label:label xlink:type="resource" xlink:label="label_dnb-crd_c41802" xml:lang="nl" xlink:role="http://www.xbrl.org/2008/role/label">(Belastinglasten of (-) -baten in verband met winst of verlies uit doorlopende activiteiten)</label:label>
    <gen:arc xlink:type="arc" xlink:arcrole="http://xbrl.org/arcrole/2008/element-label" xlink:from="loc_dnb-crd_c41802" xlink:to="label_dnb-crd_c41802" />
    <link:loc xlink:type="locator" xlink:href="f_02.00-rend.xml#dnb-crd_c41803" xlink:label="loc_dnb-crd_c41803" />
    <label:label xlink:type="resource" xlink:label="label_dnb-crd_c41803" xml:lang="nl" xlink:role="http://www.xbrl.org/2008/role/label">Winst of (-) verlies na belasting uit doorlopende activiteiten</label:label>
    <gen:arc xlink:type="arc" xlink:arcrole="http://xbrl.org/arcrole/2008/element-label" xlink:from="loc_dnb-crd_c41803" xlink:to="label_dnb-crd_c41803" />
    <link:loc xlink:type="locator" xlink:href="f_02.00-rend.xml#dnb-crd_c41804" xlink:label="loc_dnb-crd_c41804" />
    <label:label xlink:type="resource" xlink:label="label_dnb-crd_c41804" xml:lang="nl" xlink:role="http://www.xbrl.org/2008/role/label">Buitengewone winst of (-) verlies na belasting</label:label>
    <gen:arc xlink:type="arc" xlink:arcrole="http://xbrl.org/arcrole/2008/element-label" xlink:from="loc_dnb-crd_c41804" xlink:to="label_dnb-crd_c41804" />
    <link:loc xlink:type="locator" xlink:href="f_02.00-rend.xml#dnb-crd_c41805" xlink:label="loc_dnb-crd_c41805" />
    <label:label xlink:type="resource" xlink:label="label_dnb-crd_c41805" xml:lang="nl" xlink:role="http://www.xbrl.org/2008/role/label">Buitengewone winst of verlies vóór belasting</label:label>
    <gen:arc xlink:type="arc" xlink:arcrole="http://xbrl.org/arcrole/2008/element-label" xlink:from="loc_dnb-crd_c41805" xlink:to="label_dnb-crd_c41805" />
    <link:loc xlink:type="locator" xlink:href="f_02.00-rend.xml#dnb-crd_c41806" xlink:label="loc_dnb-crd_c41806" />
    <label:label xlink:type="resource" xlink:label="label_dnb-crd_c41806" xml:lang="nl" xlink:role="http://www.xbrl.org/2008/role/label">(Belastinglasten of (-) -baten in verband met buitengewone winst of verlies)</label:label>
    <gen:arc xlink:type="arc" xlink:arcrole="http://xbrl.org/arcrole/2008/element-label" xlink:from="loc_dnb-crd_c41806" xlink:to="label_dnb-crd_c41806" />
    <link:loc xlink:type="locator" xlink:href="f_02.00-rend.xml#dnb-crd_c41807" xlink:label="loc_dnb-crd_c41807" />
    <label:label xlink:type="resource" xlink:label="label_dnb-crd_c41807" xml:lang="nl" xlink:role="http://www.xbrl.org/2008/role/label">Winst of (-) verlies na belasting uit beëindigde activiteiten</label:label>
    <gen:arc xlink:type="arc" xlink:arcrole="http://xbrl.org/arcrole/2008/element-label" xlink:from="loc_dnb-crd_c41807" xlink:to="label_dnb-crd_c41807" />
    <link:loc xlink:type="locator" xlink:href="f_02.00-rend.xml#dnb-crd_c41808" xlink:label="loc_dnb-crd_c41808" />
    <label:label xlink:type="resource" xlink:label="label_dnb-crd_c41808" xml:lang="nl" xlink:role="http://www.xbrl.org/2008/role/label">Winst of (-) verlies vóór belasting uit beëindigde activiteiten</label:label>
    <gen:arc xlink:type="arc" xlink:arcrole="http://xbrl.org/arcrole/2008/element-label" xlink:from="loc_dnb-crd_c41808" xlink:to="label_dnb-crd_c41808" />
    <link:loc xlink:type="locator" xlink:href="f_02.00-rend.xml#dnb-crd_c41809" xlink:label="loc_dnb-crd_c41809" />
    <label:label xlink:type="resource" xlink:label="label_dnb-crd_c41809" xml:lang="nl" xlink:role="http://www.xbrl.org/2008/role/label">(Belastinglasten of (-) -baten in verband met beëindigde activiteiten)</label:label>
    <gen:arc xlink:type="arc" xlink:arcrole="http://xbrl.org/arcrole/2008/element-label" xlink:from="loc_dnb-crd_c41809" xlink:to="label_dnb-crd_c41809" />
    <link:loc xlink:type="locator" xlink:href="f_02.00-rend.xml#dnb-crd_c41810" xlink:label="loc_dnb-crd_c41810" />
    <label:label xlink:type="resource" xlink:label="label_dnb-crd_c41810" xml:lang="nl" xlink:role="http://www.xbrl.org/2008/role/label">Winst of (-) verlies over het jaar</label:label>
    <gen:arc xlink:type="arc" xlink:arcrole="http://xbrl.org/arcrole/2008/element-label" xlink:from="loc_dnb-crd_c41810" xlink:to="label_dnb-crd_c41810" />
    <link:loc xlink:type="locator" xlink:href="f_02.00-rend.xml#dnb-crd_c41811" xlink:label="loc_dnb-crd_c41811" />
    <label:label xlink:type="resource" xlink:label="label_dnb-crd_c41811" xml:lang="nl" xlink:role="http://www.xbrl.org/2008/role/label">Aan minderheidsbelangen [belangen zonder zeggenschap] toe te rekenen</label:label>
    <gen:arc xlink:type="arc" xlink:arcrole="http://xbrl.org/arcrole/2008/element-label" xlink:from="loc_dnb-crd_c41811" xlink:to="label_dnb-crd_c41811" />
    <link:loc xlink:type="locator" xlink:href="f_02.00-rend.xml#dnb-crd_c41812" xlink:label="loc_dnb-crd_c41812" />
    <label:label xlink:type="resource" xlink:label="label_dnb-crd_c41812" xml:lang="nl" xlink:role="http://www.xbrl.org/2008/role/label">Aan de eigenaars van de moedermaatschappij toe te rekenen</label:label>
    <gen:arc xlink:type="arc" xlink:arcrole="http://xbrl.org/arcrole/2008/element-label" xlink:from="loc_dnb-crd_c41812" xlink:to="label_dnb-crd_c41812" />
  </gen:link>
</link:linkbase>