﻿<?xml version="1.0" encoding="utf-8"?>
<!--© DNB-->
<link:linkbase xmlns:xsi="http://www.w3.org/2001/XMLSchema-instance" xmlns:xlink="http://www.w3.org/1999/xlink" xmlns:link="http://www.xbrl.org/2003/linkbase" xmlns:gen="http://xbrl.org/2008/generic" xmlns:label="http://xbrl.org/2008/label" xmlns:formula="http://xbrl.org/2008/formula" xmlns:df="http://xbrl.org/2008/filter/dimension" xmlns:table="http://xbrl.org/2014/table" xmlns:model="http://www.eurofiling.info/xbrl/ext/model" xmlns:dnbeba_met="http://www.eba.europa.eu/xbrl/crr/dict/met" xmlns:dnbeba_dim="http://www.eba.europa.eu/xbrl/crr/dict/dim" xmlns:dnbeba_BA="http://www.eba.europa.eu/xbrl/crr/dict/dom/BA" xmlns:dnbeba_MC="http://www.eba.europa.eu/xbrl/crr/dict/dom/MC" xmlns:dnbeba_PL="http://www.eba.europa.eu/xbrl/crr/dict/dom/PL" xmlns:dnbeba_BT="http://www.eba.europa.eu/xbrl/crr/dict/dom/BT" xsi:schemaLocation="http://www.xbrl.org/2003/linkbase http://www.xbrl.org/2003/xbrl-linkbase-2003-12-31.xsd http://xbrl.org/2008/generic http://www.xbrl.org/2008/generic-link.xsd http://xbrl.org/2008/label http://www.xbrl.org/2008/generic-label.xsd http://xbrl.org/2008/formula http://www.xbrl.org/2008/formula.xsd http://xbrl.org/2008/filter/dimension http://www.xbrl.org/2008/dimension-filter.xsd http://xbrl.org/2014/table http://www.xbrl.org/2014/table.xsd http://www.eurofiling.info/xbrl/ext/model http://www.eurofiling.info/eu/fr/xbrl/ext/model.xsd">
  <link:arcroleRef arcroleURI="http://xbrl.org/arcrole/2014/breakdown-tree" xlink:type="simple" xlink:href="http://www.xbrl.org/2014/table.xsd#breakdown-tree" />
  <link:arcroleRef arcroleURI="http://xbrl.org/arcrole/2014/definition-node-subtree" xlink:type="simple" xlink:href="http://www.xbrl.org/2014/table.xsd#definition-node-subtree" />
  <link:arcroleRef arcroleURI="http://xbrl.org/arcrole/2014/table-breakdown" xlink:type="simple" xlink:href="http://www.xbrl.org/2014/table.xsd#table-breakdown" />
  <link:roleRef roleURI="http://www.dnb.nl/xbrl/xtn/role/fws/FINREP-BO/wft-3-72/2017-11-01/tab/F_02.00" xlink:type="simple" xlink:href="f_02.00.xsd#role" />
  <gen:link xlink:type="extended" xlink:role="http://www.dnb.nl/xbrl/xtn/role/fws/FINREP-BO/wft-3-72/2017-11-01/tab/F_02.00">
    <table:table xlink:type="resource" xlink:label="dnb-crd_tF_02.00" id="dnb-crd_tF_02.00" />
    <table:breakdown xlink:type="resource" xlink:label="dnb-crd_a1" parentChildOrder="parent-first" id="dnb-crd_a1" />
    <table:ruleNode xlink:type="resource" xlink:label="dnb-crd_a1.root" abstract="true" merge="true" id="dnb-crd_a1.root" />
    <table:breakdownTreeArc xlink:type="arc" xlink:arcrole="http://xbrl.org/arcrole/2014/breakdown-tree" xlink:from="dnb-crd_a1" xlink:to="dnb-crd_a1.root" order="0" />
    <table:ruleNode xlink:type="resource" xlink:label="dnb-crd_c41733" id="dnb-crd_c41733">
      <formula:concept>
        <formula:qname>dnbeba_met:md103</formula:qname>
      </formula:concept>
    </table:ruleNode>
    <table:definitionNodeSubtreeArc xlink:type="arc" xlink:arcrole="http://xbrl.org/arcrole/2014/definition-node-subtree" xlink:from="dnb-crd_a1.root" xlink:to="dnb-crd_c41733" order="1" />
    <table:tableBreakdownArc xlink:type="arc" xlink:arcrole="http://xbrl.org/arcrole/2014/table-breakdown" xlink:from="dnb-crd_tF_02.00" xlink:to="dnb-crd_a1" axis="x" order="1" />
    <table:breakdown xlink:type="resource" xlink:label="dnb-crd_a2" parentChildOrder="parent-first" id="dnb-crd_a2" />
    <table:ruleNode xlink:type="resource" xlink:label="dnb-crd_a2.root" abstract="true" merge="true" id="dnb-crd_a2.root" />
    <table:breakdownTreeArc xlink:type="arc" xlink:arcrole="http://xbrl.org/arcrole/2014/breakdown-tree" xlink:from="dnb-crd_a2" xlink:to="dnb-crd_a2.root" order="0" />
    <table:ruleNode xlink:type="resource" xlink:label="dnb-crd_c41734" id="dnb-crd_c41734">
      <formula:explicitDimension dimension="dnbeba_dim:BAS">
        <formula:member>
          <formula:qname>dnbeba_BA:x5</formula:qname>
        </formula:member>
      </formula:explicitDimension>
      <formula:explicitDimension dimension="dnbeba_dim:MCY">
        <formula:member>
          <formula:qname>dnbeba_MC:x212</formula:qname>
        </formula:member>
      </formula:explicitDimension>
      <formula:explicitDimension dimension="dnbeba_dim:MCE">
        <formula:member>
          <formula:qname>dnbeba_MC:x25</formula:qname>
        </formula:member>
      </formula:explicitDimension>
    </table:ruleNode>
    <table:ruleNode xlink:type="resource" xlink:label="dnb-crd_c41735" id="dnb-crd_c41735">
      <formula:explicitDimension dimension="dnbeba_dim:APL">
        <formula:member>
          <formula:qname>dnbeba_PL:x20</formula:qname>
        </formula:member>
      </formula:explicitDimension>
      <formula:explicitDimension dimension="dnbeba_dim:MCE">
        <formula:member>
          <formula:qname>dnbeba_MC:x103</formula:qname>
        </formula:member>
      </formula:explicitDimension>
    </table:ruleNode>
    <table:definitionNodeSubtreeArc xlink:type="arc" xlink:arcrole="http://xbrl.org/arcrole/2014/definition-node-subtree" xlink:from="dnb-crd_c41734" xlink:to="dnb-crd_c41735" order="1" />
    <table:ruleNode xlink:type="resource" xlink:label="dnb-crd_c41736" id="dnb-crd_c41736">
      <formula:explicitDimension dimension="dnbeba_dim:APL">
        <formula:member>
          <formula:qname>dnbeba_PL:x14</formula:qname>
        </formula:member>
      </formula:explicitDimension>
      <formula:explicitDimension dimension="dnbeba_dim:MCE">
        <formula:member>
          <formula:qname>dnbeba_MC:x223</formula:qname>
        </formula:member>
      </formula:explicitDimension>
    </table:ruleNode>
    <table:definitionNodeSubtreeArc xlink:type="arc" xlink:arcrole="http://xbrl.org/arcrole/2014/definition-node-subtree" xlink:from="dnb-crd_c41734" xlink:to="dnb-crd_c41736" order="2" />
    <table:ruleNode xlink:type="resource" xlink:label="dnb-crd_c41737" id="dnb-crd_c41737">
      <formula:explicitDimension dimension="dnbeba_dim:APL">
        <formula:member>
          <formula:qname>dnbeba_PL:x7</formula:qname>
        </formula:member>
      </formula:explicitDimension>
      <formula:explicitDimension dimension="dnbeba_dim:MCE">
        <formula:member>
          <formula:qname>dnbeba_MC:x223</formula:qname>
        </formula:member>
      </formula:explicitDimension>
    </table:ruleNode>
    <table:definitionNodeSubtreeArc xlink:type="arc" xlink:arcrole="http://xbrl.org/arcrole/2014/definition-node-subtree" xlink:from="dnb-crd_c41734" xlink:to="dnb-crd_c41737" order="3" />
    <table:ruleNode xlink:type="resource" xlink:label="dnb-crd_c41738" id="dnb-crd_c41738">
      <formula:explicitDimension dimension="dnbeba_dim:APL">
        <formula:member>
          <formula:qname>dnbeba_PL:x42</formula:qname>
        </formula:member>
      </formula:explicitDimension>
      <formula:explicitDimension dimension="dnbeba_dim:MCE">
        <formula:member>
          <formula:qname>dnbeba_MC:x223</formula:qname>
        </formula:member>
      </formula:explicitDimension>
    </table:ruleNode>
    <table:definitionNodeSubtreeArc xlink:type="arc" xlink:arcrole="http://xbrl.org/arcrole/2014/definition-node-subtree" xlink:from="dnb-crd_c41734" xlink:to="dnb-crd_c41738" order="4" />
    <table:ruleNode xlink:type="resource" xlink:label="dnb-crd_c41739" id="dnb-crd_c41739">
      <formula:explicitDimension dimension="dnbeba_dim:APL">
        <formula:member>
          <formula:qname>dnbeba_PL:x35</formula:qname>
        </formula:member>
      </formula:explicitDimension>
      <formula:explicitDimension dimension="dnbeba_dim:MCE">
        <formula:member>
          <formula:qname>dnbeba_MC:x223</formula:qname>
        </formula:member>
      </formula:explicitDimension>
    </table:ruleNode>
    <table:definitionNodeSubtreeArc xlink:type="arc" xlink:arcrole="http://xbrl.org/arcrole/2014/definition-node-subtree" xlink:from="dnb-crd_c41734" xlink:to="dnb-crd_c41739" order="5" />
    <table:ruleNode xlink:type="resource" xlink:label="dnb-crd_c41740" id="dnb-crd_c41740">
      <formula:explicitDimension dimension="dnbeba_dim:APL">
        <formula:member>
          <formula:qname>dnbeba_PL:x32</formula:qname>
        </formula:member>
      </formula:explicitDimension>
      <formula:explicitDimension dimension="dnbeba_dim:MCE">
        <formula:member>
          <formula:qname>dnbeba_MC:x99</formula:qname>
        </formula:member>
      </formula:explicitDimension>
    </table:ruleNode>
    <table:definitionNodeSubtreeArc xlink:type="arc" xlink:arcrole="http://xbrl.org/arcrole/2014/definition-node-subtree" xlink:from="dnb-crd_c41734" xlink:to="dnb-crd_c41740" order="6" />
    <table:ruleNode xlink:type="resource" xlink:label="dnb-crd_c41741" id="dnb-crd_c41741">
      <formula:explicitDimension dimension="dnbeba_dim:MCE">
        <formula:member>
          <formula:qname>dnbeba_MC:x36</formula:qname>
        </formula:member>
      </formula:explicitDimension>
    </table:ruleNode>
    <table:definitionNodeSubtreeArc xlink:type="arc" xlink:arcrole="http://xbrl.org/arcrole/2014/definition-node-subtree" xlink:from="dnb-crd_c41734" xlink:to="dnb-crd_c41741" order="7" />
    <table:ruleNode xlink:type="resource" xlink:label="dnb-crd_c41742" id="dnb-crd_c41742">
      <formula:explicitDimension dimension="dnbeba_dim:MCE">
        <formula:member>
          <formula:qname>dnbeba_MC:x31</formula:qname>
        </formula:member>
      </formula:explicitDimension>
    </table:ruleNode>
    <table:definitionNodeSubtreeArc xlink:type="arc" xlink:arcrole="http://xbrl.org/arcrole/2014/definition-node-subtree" xlink:from="dnb-crd_c41734" xlink:to="dnb-crd_c41742" order="8" />
    <table:definitionNodeSubtreeArc xlink:type="arc" xlink:arcrole="http://xbrl.org/arcrole/2014/definition-node-subtree" xlink:from="dnb-crd_a2.root" xlink:to="dnb-crd_c41734" order="1" />
    <table:ruleNode xlink:type="resource" xlink:label="dnb-crd_c41743" id="dnb-crd_c41743">
      <formula:explicitDimension dimension="dnbeba_dim:BAS">
        <formula:member>
          <formula:qname>dnbeba_BA:x3</formula:qname>
        </formula:member>
      </formula:explicitDimension>
      <formula:explicitDimension dimension="dnbeba_dim:MCY">
        <formula:member>
          <formula:qname>dnbeba_MC:x212</formula:qname>
        </formula:member>
      </formula:explicitDimension>
      <formula:explicitDimension dimension="dnbeba_dim:MCE">
        <formula:member>
          <formula:qname>dnbeba_MC:x31</formula:qname>
        </formula:member>
      </formula:explicitDimension>
    </table:ruleNode>
    <table:ruleNode xlink:type="resource" xlink:label="dnb-crd_c41744" id="dnb-crd_c41744">
      <formula:explicitDimension dimension="dnbeba_dim:APL">
        <formula:member>
          <formula:qname>dnbeba_PL:x26</formula:qname>
        </formula:member>
      </formula:explicitDimension>
      <formula:explicitDimension dimension="dnbeba_dim:MCE">
        <formula:member>
          <formula:qname>dnbeba_MC:x107</formula:qname>
        </formula:member>
      </formula:explicitDimension>
    </table:ruleNode>
    <table:definitionNodeSubtreeArc xlink:type="arc" xlink:arcrole="http://xbrl.org/arcrole/2014/definition-node-subtree" xlink:from="dnb-crd_c41743" xlink:to="dnb-crd_c41744" order="1" />
    <table:ruleNode xlink:type="resource" xlink:label="dnb-crd_c41745" id="dnb-crd_c41745">
      <formula:explicitDimension dimension="dnbeba_dim:APL">
        <formula:member>
          <formula:qname>dnbeba_PL:x25</formula:qname>
        </formula:member>
      </formula:explicitDimension>
      <formula:explicitDimension dimension="dnbeba_dim:MCE">
        <formula:member>
          <formula:qname>dnbeba_MC:x93</formula:qname>
        </formula:member>
      </formula:explicitDimension>
    </table:ruleNode>
    <table:definitionNodeSubtreeArc xlink:type="arc" xlink:arcrole="http://xbrl.org/arcrole/2014/definition-node-subtree" xlink:from="dnb-crd_c41743" xlink:to="dnb-crd_c41745" order="2" />
    <table:ruleNode xlink:type="resource" xlink:label="dnb-crd_c41746" id="dnb-crd_c41746">
      <formula:explicitDimension dimension="dnbeba_dim:APL">
        <formula:member>
          <formula:qname>dnbeba_PL:x27</formula:qname>
        </formula:member>
      </formula:explicitDimension>
      <formula:explicitDimension dimension="dnbeba_dim:MCE">
        <formula:member>
          <formula:qname>dnbeba_MC:x93</formula:qname>
        </formula:member>
      </formula:explicitDimension>
    </table:ruleNode>
    <table:definitionNodeSubtreeArc xlink:type="arc" xlink:arcrole="http://xbrl.org/arcrole/2014/definition-node-subtree" xlink:from="dnb-crd_c41743" xlink:to="dnb-crd_c41746" order="3" />
    <table:ruleNode xlink:type="resource" xlink:label="dnb-crd_c41747" id="dnb-crd_c41747">
      <formula:explicitDimension dimension="dnbeba_dim:APL">
        <formula:member>
          <formula:qname>dnbeba_PL:x32</formula:qname>
        </formula:member>
      </formula:explicitDimension>
      <formula:explicitDimension dimension="dnbeba_dim:MCE">
        <formula:member>
          <formula:qname>dnbeba_MC:x99</formula:qname>
        </formula:member>
      </formula:explicitDimension>
    </table:ruleNode>
    <table:definitionNodeSubtreeArc xlink:type="arc" xlink:arcrole="http://xbrl.org/arcrole/2014/definition-node-subtree" xlink:from="dnb-crd_c41743" xlink:to="dnb-crd_c41747" order="4" />
    <table:ruleNode xlink:type="resource" xlink:label="dnb-crd_c41748" id="dnb-crd_c41748">
      <formula:explicitDimension dimension="dnbeba_dim:MCE">
        <formula:member>
          <formula:qname>dnbeba_MC:x219</formula:qname>
        </formula:member>
      </formula:explicitDimension>
    </table:ruleNode>
    <table:definitionNodeSubtreeArc xlink:type="arc" xlink:arcrole="http://xbrl.org/arcrole/2014/definition-node-subtree" xlink:from="dnb-crd_c41743" xlink:to="dnb-crd_c41748" order="5" />
    <table:ruleNode xlink:type="resource" xlink:label="dnb-crd_c41749" id="dnb-crd_c41749">
      <formula:explicitDimension dimension="dnbeba_dim:MCE">
        <formula:member>
          <formula:qname>dnbeba_MC:x25</formula:qname>
        </formula:member>
      </formula:explicitDimension>
    </table:ruleNode>
    <table:definitionNodeSubtreeArc xlink:type="arc" xlink:arcrole="http://xbrl.org/arcrole/2014/definition-node-subtree" xlink:from="dnb-crd_c41743" xlink:to="dnb-crd_c41749" order="6" />
    <table:definitionNodeSubtreeArc xlink:type="arc" xlink:arcrole="http://xbrl.org/arcrole/2014/definition-node-subtree" xlink:from="dnb-crd_a2.root" xlink:to="dnb-crd_c41743" order="2" />
    <table:ruleNode xlink:type="resource" xlink:label="dnb-crd_c41750" id="dnb-crd_c41750">
      <formula:explicitDimension dimension="dnbeba_dim:BAS">
        <formula:member>
          <formula:qname>dnbeba_BA:x3</formula:qname>
        </formula:member>
      </formula:explicitDimension>
      <formula:explicitDimension dimension="dnbeba_dim:MCY">
        <formula:member>
          <formula:qname>dnbeba_MC:x151</formula:qname>
        </formula:member>
      </formula:explicitDimension>
      <formula:explicitDimension dimension="dnbeba_dim:MCE">
        <formula:member>
          <formula:qname>dnbeba_MC:x320</formula:qname>
        </formula:member>
      </formula:explicitDimension>
    </table:ruleNode>
    <table:definitionNodeSubtreeArc xlink:type="arc" xlink:arcrole="http://xbrl.org/arcrole/2014/definition-node-subtree" xlink:from="dnb-crd_a2.root" xlink:to="dnb-crd_c41750" order="3" />
    <table:ruleNode xlink:type="resource" xlink:label="dnb-crd_c41751" id="dnb-crd_c41751">
      <formula:explicitDimension dimension="dnbeba_dim:BAS">
        <formula:member>
          <formula:qname>dnbeba_BA:x5</formula:qname>
        </formula:member>
      </formula:explicitDimension>
      <formula:explicitDimension dimension="dnbeba_dim:MCY">
        <formula:member>
          <formula:qname>dnbeba_MC:x125</formula:qname>
        </formula:member>
      </formula:explicitDimension>
      <formula:explicitDimension dimension="dnbeba_dim:MCE">
        <formula:member>
          <formula:qname>dnbeba_MC:x130</formula:qname>
        </formula:member>
      </formula:explicitDimension>
    </table:ruleNode>
    <table:ruleNode xlink:type="resource" xlink:label="dnb-crd_c41752" id="dnb-crd_c41752">
      <formula:explicitDimension dimension="dnbeba_dim:APL">
        <formula:member>
          <formula:qname>dnbeba_PL:x20</formula:qname>
        </formula:member>
      </formula:explicitDimension>
    </table:ruleNode>
    <table:definitionNodeSubtreeArc xlink:type="arc" xlink:arcrole="http://xbrl.org/arcrole/2014/definition-node-subtree" xlink:from="dnb-crd_c41751" xlink:to="dnb-crd_c41752" order="1" />
    <table:ruleNode xlink:type="resource" xlink:label="dnb-crd_c41753" id="dnb-crd_c41753">
      <formula:explicitDimension dimension="dnbeba_dim:APL">
        <formula:member>
          <formula:qname>dnbeba_PL:x14</formula:qname>
        </formula:member>
      </formula:explicitDimension>
    </table:ruleNode>
    <table:definitionNodeSubtreeArc xlink:type="arc" xlink:arcrole="http://xbrl.org/arcrole/2014/definition-node-subtree" xlink:from="dnb-crd_c41751" xlink:to="dnb-crd_c41753" order="2" />
    <table:ruleNode xlink:type="resource" xlink:label="dnb-crd_c41754" id="dnb-crd_c41754">
      <formula:explicitDimension dimension="dnbeba_dim:APL">
        <formula:member>
          <formula:qname>dnbeba_PL:x7</formula:qname>
        </formula:member>
      </formula:explicitDimension>
    </table:ruleNode>
    <table:definitionNodeSubtreeArc xlink:type="arc" xlink:arcrole="http://xbrl.org/arcrole/2014/definition-node-subtree" xlink:from="dnb-crd_c41751" xlink:to="dnb-crd_c41754" order="3" />
    <table:definitionNodeSubtreeArc xlink:type="arc" xlink:arcrole="http://xbrl.org/arcrole/2014/definition-node-subtree" xlink:from="dnb-crd_a2.root" xlink:to="dnb-crd_c41751" order="4" />
    <table:ruleNode xlink:type="resource" xlink:label="dnb-crd_c41755" id="dnb-crd_c41755">
      <formula:explicitDimension dimension="dnbeba_dim:BAS">
        <formula:member>
          <formula:qname>dnbeba_BA:x5</formula:qname>
        </formula:member>
      </formula:explicitDimension>
      <formula:explicitDimension dimension="dnbeba_dim:MCY">
        <formula:member>
          <formula:qname>dnbeba_MC:x153</formula:qname>
        </formula:member>
      </formula:explicitDimension>
    </table:ruleNode>
    <table:definitionNodeSubtreeArc xlink:type="arc" xlink:arcrole="http://xbrl.org/arcrole/2014/definition-node-subtree" xlink:from="dnb-crd_a2.root" xlink:to="dnb-crd_c41755" order="5" />
    <table:ruleNode xlink:type="resource" xlink:label="dnb-crd_c41756" id="dnb-crd_c41756">
      <formula:explicitDimension dimension="dnbeba_dim:BAS">
        <formula:member>
          <formula:qname>dnbeba_BA:x3</formula:qname>
        </formula:member>
      </formula:explicitDimension>
      <formula:explicitDimension dimension="dnbeba_dim:MCY">
        <formula:member>
          <formula:qname>dnbeba_MC:x153</formula:qname>
        </formula:member>
      </formula:explicitDimension>
    </table:ruleNode>
    <table:definitionNodeSubtreeArc xlink:type="arc" xlink:arcrole="http://xbrl.org/arcrole/2014/definition-node-subtree" xlink:from="dnb-crd_a2.root" xlink:to="dnb-crd_c41756" order="6" />
    <table:ruleNode xlink:type="resource" xlink:label="dnb-crd_c41757" id="dnb-crd_c41757">
      <formula:explicitDimension dimension="dnbeba_dim:BAS">
        <formula:member>
          <formula:qname>dnbeba_BA:x1</formula:qname>
        </formula:member>
      </formula:explicitDimension>
      <formula:explicitDimension dimension="dnbeba_dim:MCY">
        <formula:member>
          <formula:qname>dnbeba_MC:x180</formula:qname>
        </formula:member>
      </formula:explicitDimension>
      <formula:explicitDimension dimension="dnbeba_dim:APL">
        <formula:member>
          <formula:qname>dnbeba_PL:x80</formula:qname>
        </formula:member>
      </formula:explicitDimension>
      <formula:explicitDimension dimension="dnbeba_dim:MCE">
        <formula:member>
          <formula:qname>dnbeba_MC:x45</formula:qname>
        </formula:member>
      </formula:explicitDimension>
    </table:ruleNode>
    <table:ruleNode xlink:type="resource" xlink:label="dnb-crd_c41758" id="dnb-crd_c41758">
      <formula:explicitDimension dimension="dnbeba_dim:APL">
        <formula:member>
          <formula:qname>dnbeba_PL:x7</formula:qname>
        </formula:member>
      </formula:explicitDimension>
      <formula:explicitDimension dimension="dnbeba_dim:MCE">
        <formula:member>
          <formula:qname>dnbeba_MC:x143</formula:qname>
        </formula:member>
      </formula:explicitDimension>
    </table:ruleNode>
    <table:definitionNodeSubtreeArc xlink:type="arc" xlink:arcrole="http://xbrl.org/arcrole/2014/definition-node-subtree" xlink:from="dnb-crd_c41757" xlink:to="dnb-crd_c41758" order="1" />
    <table:ruleNode xlink:type="resource" xlink:label="dnb-crd_c41759" id="dnb-crd_c41759">
      <formula:explicitDimension dimension="dnbeba_dim:APL">
        <formula:member>
          <formula:qname>dnbeba_PL:x42</formula:qname>
        </formula:member>
      </formula:explicitDimension>
      <formula:explicitDimension dimension="dnbeba_dim:MCE">
        <formula:member>
          <formula:qname>dnbeba_MC:x223</formula:qname>
        </formula:member>
      </formula:explicitDimension>
    </table:ruleNode>
    <table:definitionNodeSubtreeArc xlink:type="arc" xlink:arcrole="http://xbrl.org/arcrole/2014/definition-node-subtree" xlink:from="dnb-crd_c41757" xlink:to="dnb-crd_c41759" order="2" />
    <table:ruleNode xlink:type="resource" xlink:label="dnb-crd_c41760" id="dnb-crd_c41760">
      <formula:explicitDimension dimension="dnbeba_dim:APL">
        <formula:member>
          <formula:qname>dnbeba_PL:x35</formula:qname>
        </formula:member>
      </formula:explicitDimension>
      <formula:explicitDimension dimension="dnbeba_dim:MCE">
        <formula:member>
          <formula:qname>dnbeba_MC:x223</formula:qname>
        </formula:member>
      </formula:explicitDimension>
    </table:ruleNode>
    <table:definitionNodeSubtreeArc xlink:type="arc" xlink:arcrole="http://xbrl.org/arcrole/2014/definition-node-subtree" xlink:from="dnb-crd_c41757" xlink:to="dnb-crd_c41760" order="3" />
    <table:ruleNode xlink:type="resource" xlink:label="dnb-crd_c41761" id="dnb-crd_c41761">
      <formula:explicitDimension dimension="dnbeba_dim:APL">
        <formula:member>
          <formula:qname>dnbeba_PL:x27</formula:qname>
        </formula:member>
      </formula:explicitDimension>
      <formula:explicitDimension dimension="dnbeba_dim:MCE">
        <formula:member>
          <formula:qname>dnbeba_MC:x93</formula:qname>
        </formula:member>
      </formula:explicitDimension>
    </table:ruleNode>
    <table:definitionNodeSubtreeArc xlink:type="arc" xlink:arcrole="http://xbrl.org/arcrole/2014/definition-node-subtree" xlink:from="dnb-crd_c41757" xlink:to="dnb-crd_c41761" order="4" />
    <table:ruleNode xlink:type="resource" xlink:label="dnb-crd_c41762" id="dnb-crd_c41762">
      <formula:explicitDimension dimension="dnbeba_dim:APL">
        <formula:member>
          <formula:qname>dnbeba_PL:x12</formula:qname>
        </formula:member>
      </formula:explicitDimension>
      <formula:explicitDimension dimension="dnbeba_dim:MCE">
        <formula:member>
          <formula:qname>dnbeba_MC:x46</formula:qname>
        </formula:member>
      </formula:explicitDimension>
    </table:ruleNode>
    <table:definitionNodeSubtreeArc xlink:type="arc" xlink:arcrole="http://xbrl.org/arcrole/2014/definition-node-subtree" xlink:from="dnb-crd_c41757" xlink:to="dnb-crd_c41762" order="5" />
    <table:definitionNodeSubtreeArc xlink:type="arc" xlink:arcrole="http://xbrl.org/arcrole/2014/definition-node-subtree" xlink:from="dnb-crd_a2.root" xlink:to="dnb-crd_c41757" order="7" />
    <table:ruleNode xlink:type="resource" xlink:label="dnb-crd_c41763" id="dnb-crd_c41763">
      <formula:explicitDimension dimension="dnbeba_dim:BAS">
        <formula:member>
          <formula:qname>dnbeba_BA:x1</formula:qname>
        </formula:member>
      </formula:explicitDimension>
      <formula:explicitDimension dimension="dnbeba_dim:MCY">
        <formula:member>
          <formula:qname>dnbeba_MC:x181</formula:qname>
        </formula:member>
      </formula:explicitDimension>
      <formula:explicitDimension dimension="dnbeba_dim:APL">
        <formula:member>
          <formula:qname>dnbeba_PL:x5</formula:qname>
        </formula:member>
      </formula:explicitDimension>
      <formula:explicitDimension dimension="dnbeba_dim:MCE">
        <formula:member>
          <formula:qname>dnbeba_MC:x109</formula:qname>
        </formula:member>
      </formula:explicitDimension>
    </table:ruleNode>
    <table:definitionNodeSubtreeArc xlink:type="arc" xlink:arcrole="http://xbrl.org/arcrole/2014/definition-node-subtree" xlink:from="dnb-crd_a2.root" xlink:to="dnb-crd_c41763" order="8" />
    <table:ruleNode xlink:type="resource" xlink:label="dnb-crd_c41764" id="dnb-crd_c41764">
      <formula:explicitDimension dimension="dnbeba_dim:BAS">
        <formula:member>
          <formula:qname>dnbeba_BA:x1</formula:qname>
        </formula:member>
      </formula:explicitDimension>
      <formula:explicitDimension dimension="dnbeba_dim:MCY">
        <formula:member>
          <formula:qname>dnbeba_MC:x181</formula:qname>
        </formula:member>
      </formula:explicitDimension>
      <formula:explicitDimension dimension="dnbeba_dim:APL">
        <formula:member>
          <formula:qname>dnbeba_PL:x67</formula:qname>
        </formula:member>
      </formula:explicitDimension>
    </table:ruleNode>
    <table:definitionNodeSubtreeArc xlink:type="arc" xlink:arcrole="http://xbrl.org/arcrole/2014/definition-node-subtree" xlink:from="dnb-crd_a2.root" xlink:to="dnb-crd_c41764" order="9" />
    <table:ruleNode xlink:type="resource" xlink:label="dnb-crd_c41765" id="dnb-crd_c41765">
      <formula:explicitDimension dimension="dnbeba_dim:BAS">
        <formula:member>
          <formula:qname>dnbeba_BA:x1</formula:qname>
        </formula:member>
      </formula:explicitDimension>
      <formula:explicitDimension dimension="dnbeba_dim:MCY">
        <formula:member>
          <formula:qname>dnbeba_MC:x181</formula:qname>
        </formula:member>
      </formula:explicitDimension>
      <formula:explicitDimension dimension="dnbeba_dim:APL">
        <formula:member>
          <formula:qname>dnbeba_PL:x15</formula:qname>
        </formula:member>
      </formula:explicitDimension>
      <formula:explicitDimension dimension="dnbeba_dim:MCE">
        <formula:member>
          <formula:qname>dnbeba_MC:x45</formula:qname>
        </formula:member>
      </formula:explicitDimension>
    </table:ruleNode>
    <table:definitionNodeSubtreeArc xlink:type="arc" xlink:arcrole="http://xbrl.org/arcrole/2014/definition-node-subtree" xlink:from="dnb-crd_a2.root" xlink:to="dnb-crd_c41765" order="10" />
    <table:ruleNode xlink:type="resource" xlink:label="dnb-crd_c41766" id="dnb-crd_c41766">
      <formula:explicitDimension dimension="dnbeba_dim:BAS">
        <formula:member>
          <formula:qname>dnbeba_BA:x1</formula:qname>
        </formula:member>
      </formula:explicitDimension>
      <formula:explicitDimension dimension="dnbeba_dim:MCY">
        <formula:member>
          <formula:qname>dnbeba_MC:x181</formula:qname>
        </formula:member>
      </formula:explicitDimension>
      <formula:explicitDimension dimension="dnbeba_dim:APL">
        <formula:member>
          <formula:qname>dnbeba_PL:x61</formula:qname>
        </formula:member>
      </formula:explicitDimension>
    </table:ruleNode>
    <table:definitionNodeSubtreeArc xlink:type="arc" xlink:arcrole="http://xbrl.org/arcrole/2014/definition-node-subtree" xlink:from="dnb-crd_a2.root" xlink:to="dnb-crd_c41766" order="11" />
    <table:ruleNode xlink:type="resource" xlink:label="dnb-crd_c41767" id="dnb-crd_c41767">
      <formula:explicitDimension dimension="dnbeba_dim:BAS">
        <formula:member>
          <formula:qname>dnbeba_BA:x1</formula:qname>
        </formula:member>
      </formula:explicitDimension>
      <formula:explicitDimension dimension="dnbeba_dim:MCY">
        <formula:member>
          <formula:qname>dnbeba_MC:x4</formula:qname>
        </formula:member>
      </formula:explicitDimension>
    </table:ruleNode>
    <table:definitionNodeSubtreeArc xlink:type="arc" xlink:arcrole="http://xbrl.org/arcrole/2014/definition-node-subtree" xlink:from="dnb-crd_a2.root" xlink:to="dnb-crd_c41767" order="12" />
    <table:ruleNode xlink:type="resource" xlink:label="dnb-crd_c41768" id="dnb-crd_c41768">
      <formula:explicitDimension dimension="dnbeba_dim:BAS">
        <formula:member>
          <formula:qname>dnbeba_BA:x1</formula:qname>
        </formula:member>
      </formula:explicitDimension>
      <formula:explicitDimension dimension="dnbeba_dim:MCY">
        <formula:member>
          <formula:qname>dnbeba_MC:x150</formula:qname>
        </formula:member>
      </formula:explicitDimension>
    </table:ruleNode>
    <table:definitionNodeSubtreeArc xlink:type="arc" xlink:arcrole="http://xbrl.org/arcrole/2014/definition-node-subtree" xlink:from="dnb-crd_a2.root" xlink:to="dnb-crd_c41768" order="13" />
    <table:ruleNode xlink:type="resource" xlink:label="dnb-crd_c41769" id="dnb-crd_c41769">
      <formula:explicitDimension dimension="dnbeba_dim:BAS">
        <formula:member>
          <formula:qname>dnbeba_BA:x1</formula:qname>
        </formula:member>
      </formula:explicitDimension>
      <formula:explicitDimension dimension="dnbeba_dim:MCY">
        <formula:member>
          <formula:qname>dnbeba_MC:x180</formula:qname>
        </formula:member>
      </formula:explicitDimension>
      <formula:explicitDimension dimension="dnbeba_dim:APL">
        <formula:member>
          <formula:qname>dnbeba_PL:x41</formula:qname>
        </formula:member>
      </formula:explicitDimension>
    </table:ruleNode>
    <table:definitionNodeSubtreeArc xlink:type="arc" xlink:arcrole="http://xbrl.org/arcrole/2014/definition-node-subtree" xlink:from="dnb-crd_a2.root" xlink:to="dnb-crd_c41769" order="14" />
    <table:ruleNode xlink:type="resource" xlink:label="dnb-crd_c41770" id="dnb-crd_c41770">
      <formula:explicitDimension dimension="dnbeba_dim:BAS">
        <formula:member>
          <formula:qname>dnbeba_BA:x1</formula:qname>
        </formula:member>
      </formula:explicitDimension>
      <formula:explicitDimension dimension="dnbeba_dim:MCY">
        <formula:member>
          <formula:qname>dnbeba_MC:x180</formula:qname>
        </formula:member>
      </formula:explicitDimension>
      <formula:explicitDimension dimension="dnbeba_dim:APL">
        <formula:member>
          <formula:qname>dnbeba_PL:x79</formula:qname>
        </formula:member>
      </formula:explicitDimension>
      <formula:explicitDimension dimension="dnbeba_dim:MCE">
        <formula:member>
          <formula:qname>dnbeba_MC:x575</formula:qname>
        </formula:member>
      </formula:explicitDimension>
    </table:ruleNode>
    <table:definitionNodeSubtreeArc xlink:type="arc" xlink:arcrole="http://xbrl.org/arcrole/2014/definition-node-subtree" xlink:from="dnb-crd_a2.root" xlink:to="dnb-crd_c41770" order="15" />
    <table:ruleNode xlink:type="resource" xlink:label="dnb-crd_c41771" id="dnb-crd_c41771">
      <formula:explicitDimension dimension="dnbeba_dim:BAS">
        <formula:member>
          <formula:qname>dnbeba_BA:x5</formula:qname>
        </formula:member>
      </formula:explicitDimension>
      <formula:explicitDimension dimension="dnbeba_dim:MCY">
        <formula:member>
          <formula:qname>dnbeba_MC:x265</formula:qname>
        </formula:member>
      </formula:explicitDimension>
    </table:ruleNode>
    <table:definitionNodeSubtreeArc xlink:type="arc" xlink:arcrole="http://xbrl.org/arcrole/2014/definition-node-subtree" xlink:from="dnb-crd_a2.root" xlink:to="dnb-crd_c41771" order="16" />
    <table:ruleNode xlink:type="resource" xlink:label="dnb-crd_c41772" id="dnb-crd_c41772">
      <formula:explicitDimension dimension="dnbeba_dim:BAS">
        <formula:member>
          <formula:qname>dnbeba_BA:x3</formula:qname>
        </formula:member>
      </formula:explicitDimension>
      <formula:explicitDimension dimension="dnbeba_dim:MCY">
        <formula:member>
          <formula:qname>dnbeba_MC:x265</formula:qname>
        </formula:member>
      </formula:explicitDimension>
    </table:ruleNode>
    <table:definitionNodeSubtreeArc xlink:type="arc" xlink:arcrole="http://xbrl.org/arcrole/2014/definition-node-subtree" xlink:from="dnb-crd_a2.root" xlink:to="dnb-crd_c41772" order="17" />
    <table:ruleNode xlink:type="resource" xlink:label="dnb-crd_c41773" id="dnb-crd_c41773">
      <formula:explicitDimension dimension="dnbeba_dim:BAS">
        <formula:member>
          <formula:qname>dnbeba_BA:x1</formula:qname>
        </formula:member>
      </formula:explicitDimension>
      <formula:explicitDimension dimension="dnbeba_dim:MCY">
        <formula:member>
          <formula:qname>dnbeba_MC:x501</formula:qname>
        </formula:member>
      </formula:explicitDimension>
    </table:ruleNode>
    <table:definitionNodeSubtreeArc xlink:type="arc" xlink:arcrole="http://xbrl.org/arcrole/2014/definition-node-subtree" xlink:from="dnb-crd_a2.root" xlink:to="dnb-crd_c41773" order="18" />
    <table:ruleNode xlink:type="resource" xlink:label="dnb-crd_c41774" id="dnb-crd_c41774">
      <formula:explicitDimension dimension="dnbeba_dim:BAS">
        <formula:member>
          <formula:qname>dnbeba_BA:x3</formula:qname>
        </formula:member>
      </formula:explicitDimension>
      <formula:explicitDimension dimension="dnbeba_dim:MCY">
        <formula:member>
          <formula:qname>dnbeba_MC:x20</formula:qname>
        </formula:member>
      </formula:explicitDimension>
    </table:ruleNode>
    <table:ruleNode xlink:type="resource" xlink:label="dnb-crd_c41775" id="dnb-crd_c41775">
      <formula:explicitDimension dimension="dnbeba_dim:MCY">
        <formula:member>
          <formula:qname>dnbeba_MC:x22</formula:qname>
        </formula:member>
      </formula:explicitDimension>
    </table:ruleNode>
    <table:definitionNodeSubtreeArc xlink:type="arc" xlink:arcrole="http://xbrl.org/arcrole/2014/definition-node-subtree" xlink:from="dnb-crd_c41774" xlink:to="dnb-crd_c41775" order="1" />
    <table:ruleNode xlink:type="resource" xlink:label="dnb-crd_c41776" id="dnb-crd_c41776">
      <formula:explicitDimension dimension="dnbeba_dim:MCY">
        <formula:member>
          <formula:qname>dnbeba_MC:x21</formula:qname>
        </formula:member>
      </formula:explicitDimension>
    </table:ruleNode>
    <table:definitionNodeSubtreeArc xlink:type="arc" xlink:arcrole="http://xbrl.org/arcrole/2014/definition-node-subtree" xlink:from="dnb-crd_c41774" xlink:to="dnb-crd_c41776" order="2" />
    <table:definitionNodeSubtreeArc xlink:type="arc" xlink:arcrole="http://xbrl.org/arcrole/2014/definition-node-subtree" xlink:from="dnb-crd_a2.root" xlink:to="dnb-crd_c41774" order="19" />
    <table:ruleNode xlink:type="resource" xlink:label="dnb-crd_c41777" id="dnb-crd_c41777">
      <formula:explicitDimension dimension="dnbeba_dim:BAS">
        <formula:member>
          <formula:qname>dnbeba_BA:x3</formula:qname>
        </formula:member>
      </formula:explicitDimension>
      <formula:explicitDimension dimension="dnbeba_dim:MCY">
        <formula:member>
          <formula:qname>dnbeba_MC:x98</formula:qname>
        </formula:member>
      </formula:explicitDimension>
      <formula:explicitDimension dimension="dnbeba_dim:MCE">
        <formula:member>
          <formula:qname>dnbeba_MC:x330</formula:qname>
        </formula:member>
      </formula:explicitDimension>
    </table:ruleNode>
    <table:ruleNode xlink:type="resource" xlink:label="dnb-crd_c41778" id="dnb-crd_c41778">
      <formula:explicitDimension dimension="dnbeba_dim:APL">
        <formula:member>
          <formula:qname>dnbeba_PL:x46</formula:qname>
        </formula:member>
      </formula:explicitDimension>
      <formula:explicitDimension dimension="dnbeba_dim:MCE">
        <formula:member>
          <formula:qname>dnbeba_MC:x329</formula:qname>
        </formula:member>
      </formula:explicitDimension>
    </table:ruleNode>
    <table:definitionNodeSubtreeArc xlink:type="arc" xlink:arcrole="http://xbrl.org/arcrole/2014/definition-node-subtree" xlink:from="dnb-crd_c41777" xlink:to="dnb-crd_c41778" order="1" />
    <table:ruleNode xlink:type="resource" xlink:label="dnb-crd_c41779" id="dnb-crd_c41779">
      <formula:explicitDimension dimension="dnbeba_dim:APL">
        <formula:member>
          <formula:qname>dnbeba_PL:x37</formula:qname>
        </formula:member>
      </formula:explicitDimension>
      <formula:explicitDimension dimension="dnbeba_dim:MCE">
        <formula:member>
          <formula:qname>dnbeba_MC:x329</formula:qname>
        </formula:member>
      </formula:explicitDimension>
    </table:ruleNode>
    <table:ruleNode xlink:type="resource" xlink:label="dnb-crd_c41780" id="dnb-crd_c41780">
      <formula:explicitDimension dimension="dnbeba_dim:MCE">
        <formula:member>
          <formula:qname>dnbeba_MC:x184</formula:qname>
        </formula:member>
      </formula:explicitDimension>
      <formula:explicitDimension dimension="dnbeba_dim:APL">
        <formula:member>
          <formula:qname>dnbeba_PL:x0</formula:qname>
        </formula:member>
      </formula:explicitDimension>
    </table:ruleNode>
    <table:definitionNodeSubtreeArc xlink:type="arc" xlink:arcrole="http://xbrl.org/arcrole/2014/definition-node-subtree" xlink:from="dnb-crd_c41779" xlink:to="dnb-crd_c41780" order="1" />
    <table:definitionNodeSubtreeArc xlink:type="arc" xlink:arcrole="http://xbrl.org/arcrole/2014/definition-node-subtree" xlink:from="dnb-crd_c41777" xlink:to="dnb-crd_c41779" order="2" />
    <table:ruleNode xlink:type="resource" xlink:label="dnb-crd_c41781" id="dnb-crd_c41781">
      <formula:explicitDimension dimension="dnbeba_dim:MCE">
        <formula:member>
          <formula:qname>dnbeba_MC:x210</formula:qname>
        </formula:member>
      </formula:explicitDimension>
    </table:ruleNode>
    <table:definitionNodeSubtreeArc xlink:type="arc" xlink:arcrole="http://xbrl.org/arcrole/2014/definition-node-subtree" xlink:from="dnb-crd_c41777" xlink:to="dnb-crd_c41781" order="3" />
    <table:definitionNodeSubtreeArc xlink:type="arc" xlink:arcrole="http://xbrl.org/arcrole/2014/definition-node-subtree" xlink:from="dnb-crd_a2.root" xlink:to="dnb-crd_c41777" order="20" />
    <table:ruleNode xlink:type="resource" xlink:label="dnb-crd_c41782" id="dnb-crd_c41782">
      <formula:explicitDimension dimension="dnbeba_dim:BAS">
        <formula:member>
          <formula:qname>dnbeba_BA:x1</formula:qname>
        </formula:member>
      </formula:explicitDimension>
      <formula:explicitDimension dimension="dnbeba_dim:MCY">
        <formula:member>
          <formula:qname>dnbeba_MC:x181</formula:qname>
        </formula:member>
      </formula:explicitDimension>
      <formula:explicitDimension dimension="dnbeba_dim:MCE">
        <formula:member>
          <formula:qname>dnbeba_MC:x283</formula:qname>
        </formula:member>
      </formula:explicitDimension>
    </table:ruleNode>
    <table:ruleNode xlink:type="resource" xlink:label="dnb-crd_c41783" id="dnb-crd_c41783">
      <formula:explicitDimension dimension="dnbeba_dim:MCE">
        <formula:member>
          <formula:qname>dnbeba_MC:x287</formula:qname>
        </formula:member>
      </formula:explicitDimension>
    </table:ruleNode>
    <table:definitionNodeSubtreeArc xlink:type="arc" xlink:arcrole="http://xbrl.org/arcrole/2014/definition-node-subtree" xlink:from="dnb-crd_c41782" xlink:to="dnb-crd_c41783" order="1" />
    <table:ruleNode xlink:type="resource" xlink:label="dnb-crd_c41784" id="dnb-crd_c41784">
      <formula:explicitDimension dimension="dnbeba_dim:MCE">
        <formula:member>
          <formula:qname>dnbeba_MC:x576</formula:qname>
        </formula:member>
      </formula:explicitDimension>
    </table:ruleNode>
    <table:definitionNodeSubtreeArc xlink:type="arc" xlink:arcrole="http://xbrl.org/arcrole/2014/definition-node-subtree" xlink:from="dnb-crd_c41782" xlink:to="dnb-crd_c41784" order="2" />
    <table:definitionNodeSubtreeArc xlink:type="arc" xlink:arcrole="http://xbrl.org/arcrole/2014/definition-node-subtree" xlink:from="dnb-crd_a2.root" xlink:to="dnb-crd_c41782" order="21" />
    <table:ruleNode xlink:type="resource" xlink:label="dnb-crd_c41785" id="dnb-crd_c41785">
      <formula:explicitDimension dimension="dnbeba_dim:BAS">
        <formula:member>
          <formula:qname>dnbeba_BA:x1</formula:qname>
        </formula:member>
      </formula:explicitDimension>
      <formula:explicitDimension dimension="dnbeba_dim:MCY">
        <formula:member>
          <formula:qname>dnbeba_MC:x181</formula:qname>
        </formula:member>
      </formula:explicitDimension>
      <formula:explicitDimension dimension="dnbeba_dim:MCE">
        <formula:member>
          <formula:qname>dnbeba_MC:x179</formula:qname>
        </formula:member>
      </formula:explicitDimension>
    </table:ruleNode>
    <table:definitionNodeSubtreeArc xlink:type="arc" xlink:arcrole="http://xbrl.org/arcrole/2014/definition-node-subtree" xlink:from="dnb-crd_a2.root" xlink:to="dnb-crd_c41785" order="22" />
    <table:ruleNode xlink:type="resource" xlink:label="dnb-crd_c41786" id="dnb-crd_c41786">
      <formula:explicitDimension dimension="dnbeba_dim:BAS">
        <formula:member>
          <formula:qname>dnbeba_BA:x1</formula:qname>
        </formula:member>
      </formula:explicitDimension>
      <formula:explicitDimension dimension="dnbeba_dim:MCY">
        <formula:member>
          <formula:qname>dnbeba_MC:x187</formula:qname>
        </formula:member>
      </formula:explicitDimension>
      <formula:explicitDimension dimension="dnbeba_dim:APL">
        <formula:member>
          <formula:qname>dnbeba_PL:x4</formula:qname>
        </formula:member>
      </formula:explicitDimension>
      <formula:explicitDimension dimension="dnbeba_dim:MCE">
        <formula:member>
          <formula:qname>dnbeba_MC:x104</formula:qname>
        </formula:member>
      </formula:explicitDimension>
    </table:ruleNode>
    <table:ruleNode xlink:type="resource" xlink:label="dnb-crd_c41787" id="dnb-crd_c41787">
      <formula:explicitDimension dimension="dnbeba_dim:APL">
        <formula:member>
          <formula:qname>dnbeba_PL:x23</formula:qname>
        </formula:member>
      </formula:explicitDimension>
      <formula:explicitDimension dimension="dnbeba_dim:MCE">
        <formula:member>
          <formula:qname>dnbeba_MC:x108</formula:qname>
        </formula:member>
      </formula:explicitDimension>
    </table:ruleNode>
    <table:definitionNodeSubtreeArc xlink:type="arc" xlink:arcrole="http://xbrl.org/arcrole/2014/definition-node-subtree" xlink:from="dnb-crd_c41786" xlink:to="dnb-crd_c41787" order="1" />
    <table:ruleNode xlink:type="resource" xlink:label="dnb-crd_c41788" id="dnb-crd_c41788">
      <formula:explicitDimension dimension="dnbeba_dim:APL">
        <formula:member>
          <formula:qname>dnbeba_PL:x9</formula:qname>
        </formula:member>
      </formula:explicitDimension>
      <formula:explicitDimension dimension="dnbeba_dim:MCE">
        <formula:member>
          <formula:qname>dnbeba_MC:x143</formula:qname>
        </formula:member>
      </formula:explicitDimension>
    </table:ruleNode>
    <table:definitionNodeSubtreeArc xlink:type="arc" xlink:arcrole="http://xbrl.org/arcrole/2014/definition-node-subtree" xlink:from="dnb-crd_c41786" xlink:to="dnb-crd_c41788" order="2" />
    <table:ruleNode xlink:type="resource" xlink:label="dnb-crd_c41789" id="dnb-crd_c41789">
      <formula:explicitDimension dimension="dnbeba_dim:APL">
        <formula:member>
          <formula:qname>dnbeba_PL:x42</formula:qname>
        </formula:member>
      </formula:explicitDimension>
      <formula:explicitDimension dimension="dnbeba_dim:MCE">
        <formula:member>
          <formula:qname>dnbeba_MC:x223</formula:qname>
        </formula:member>
      </formula:explicitDimension>
    </table:ruleNode>
    <table:definitionNodeSubtreeArc xlink:type="arc" xlink:arcrole="http://xbrl.org/arcrole/2014/definition-node-subtree" xlink:from="dnb-crd_c41786" xlink:to="dnb-crd_c41789" order="3" />
    <table:ruleNode xlink:type="resource" xlink:label="dnb-crd_c41790" id="dnb-crd_c41790">
      <formula:explicitDimension dimension="dnbeba_dim:APL">
        <formula:member>
          <formula:qname>dnbeba_PL:x35</formula:qname>
        </formula:member>
      </formula:explicitDimension>
      <formula:explicitDimension dimension="dnbeba_dim:MCE">
        <formula:member>
          <formula:qname>dnbeba_MC:x223</formula:qname>
        </formula:member>
      </formula:explicitDimension>
    </table:ruleNode>
    <table:definitionNodeSubtreeArc xlink:type="arc" xlink:arcrole="http://xbrl.org/arcrole/2014/definition-node-subtree" xlink:from="dnb-crd_c41786" xlink:to="dnb-crd_c41790" order="4" />
    <table:definitionNodeSubtreeArc xlink:type="arc" xlink:arcrole="http://xbrl.org/arcrole/2014/definition-node-subtree" xlink:from="dnb-crd_a2.root" xlink:to="dnb-crd_c41786" order="23" />
    <table:ruleNode xlink:type="resource" xlink:label="dnb-crd_c41791" id="dnb-crd_c41791">
      <formula:explicitDimension dimension="dnbeba_dim:BAS">
        <formula:member>
          <formula:qname>dnbeba_BA:x1</formula:qname>
        </formula:member>
      </formula:explicitDimension>
      <formula:explicitDimension dimension="dnbeba_dim:MCY">
        <formula:member>
          <formula:qname>dnbeba_MC:x187</formula:qname>
        </formula:member>
      </formula:explicitDimension>
      <formula:explicitDimension dimension="dnbeba_dim:APL">
        <formula:member>
          <formula:qname>dnbeba_PL:x41</formula:qname>
        </formula:member>
      </formula:explicitDimension>
    </table:ruleNode>
    <table:definitionNodeSubtreeArc xlink:type="arc" xlink:arcrole="http://xbrl.org/arcrole/2014/definition-node-subtree" xlink:from="dnb-crd_a2.root" xlink:to="dnb-crd_c41791" order="24" />
    <table:ruleNode xlink:type="resource" xlink:label="dnb-crd_c41792" id="dnb-crd_c41792">
      <formula:explicitDimension dimension="dnbeba_dim:BAS">
        <formula:member>
          <formula:qname>dnbeba_BA:x1</formula:qname>
        </formula:member>
      </formula:explicitDimension>
      <formula:explicitDimension dimension="dnbeba_dim:MCY">
        <formula:member>
          <formula:qname>dnbeba_MC:x187</formula:qname>
        </formula:member>
      </formula:explicitDimension>
      <formula:explicitDimension dimension="dnbeba_dim:APL">
        <formula:member>
          <formula:qname>dnbeba_PL:x79</formula:qname>
        </formula:member>
      </formula:explicitDimension>
      <formula:explicitDimension dimension="dnbeba_dim:MCE">
        <formula:member>
          <formula:qname>dnbeba_MC:x38</formula:qname>
        </formula:member>
      </formula:explicitDimension>
    </table:ruleNode>
    <table:ruleNode xlink:type="resource" xlink:label="dnb-crd_c41793" id="dnb-crd_c41793">
      <formula:explicitDimension dimension="dnbeba_dim:APL">
        <formula:member>
          <formula:qname>dnbeba_PL:x47</formula:qname>
        </formula:member>
      </formula:explicitDimension>
      <formula:explicitDimension dimension="dnbeba_dim:MCE">
        <formula:member>
          <formula:qname>dnbeba_MC:x329</formula:qname>
        </formula:member>
      </formula:explicitDimension>
    </table:ruleNode>
    <table:definitionNodeSubtreeArc xlink:type="arc" xlink:arcrole="http://xbrl.org/arcrole/2014/definition-node-subtree" xlink:from="dnb-crd_c41792" xlink:to="dnb-crd_c41793" order="1" />
    <table:ruleNode xlink:type="resource" xlink:label="dnb-crd_c41794" id="dnb-crd_c41794">
      <formula:explicitDimension dimension="dnbeba_dim:APL">
        <formula:member>
          <formula:qname>dnbeba_PL:x38</formula:qname>
        </formula:member>
      </formula:explicitDimension>
      <formula:explicitDimension dimension="dnbeba_dim:MCE">
        <formula:member>
          <formula:qname>dnbeba_MC:x329</formula:qname>
        </formula:member>
      </formula:explicitDimension>
    </table:ruleNode>
    <table:definitionNodeSubtreeArc xlink:type="arc" xlink:arcrole="http://xbrl.org/arcrole/2014/definition-node-subtree" xlink:from="dnb-crd_c41792" xlink:to="dnb-crd_c41794" order="2" />
    <table:ruleNode xlink:type="resource" xlink:label="dnb-crd_c41795" id="dnb-crd_c41795">
      <formula:explicitDimension dimension="dnbeba_dim:APL">
        <formula:member>
          <formula:qname>dnbeba_PL:x79</formula:qname>
        </formula:member>
      </formula:explicitDimension>
      <formula:explicitDimension dimension="dnbeba_dim:MCE">
        <formula:member>
          <formula:qname>dnbeba_MC:x184</formula:qname>
        </formula:member>
      </formula:explicitDimension>
    </table:ruleNode>
    <table:definitionNodeSubtreeArc xlink:type="arc" xlink:arcrole="http://xbrl.org/arcrole/2014/definition-node-subtree" xlink:from="dnb-crd_c41792" xlink:to="dnb-crd_c41795" order="3" />
    <table:ruleNode xlink:type="resource" xlink:label="dnb-crd_c41796" id="dnb-crd_c41796">
      <formula:explicitDimension dimension="dnbeba_dim:APL">
        <formula:member>
          <formula:qname>dnbeba_PL:x43</formula:qname>
        </formula:member>
      </formula:explicitDimension>
      <formula:explicitDimension dimension="dnbeba_dim:MCE">
        <formula:member>
          <formula:qname>dnbeba_MC:x210</formula:qname>
        </formula:member>
      </formula:explicitDimension>
    </table:ruleNode>
    <table:definitionNodeSubtreeArc xlink:type="arc" xlink:arcrole="http://xbrl.org/arcrole/2014/definition-node-subtree" xlink:from="dnb-crd_c41792" xlink:to="dnb-crd_c41796" order="4" />
    <table:ruleNode xlink:type="resource" xlink:label="dnb-crd_c41797" id="dnb-crd_c41797">
      <formula:explicitDimension dimension="dnbeba_dim:APL">
        <formula:member>
          <formula:qname>dnbeba_PL:x79</formula:qname>
        </formula:member>
      </formula:explicitDimension>
      <formula:explicitDimension dimension="dnbeba_dim:MCE">
        <formula:member>
          <formula:qname>dnbeba_MC:x37</formula:qname>
        </formula:member>
      </formula:explicitDimension>
    </table:ruleNode>
    <table:definitionNodeSubtreeArc xlink:type="arc" xlink:arcrole="http://xbrl.org/arcrole/2014/definition-node-subtree" xlink:from="dnb-crd_c41792" xlink:to="dnb-crd_c41797" order="5" />
    <table:definitionNodeSubtreeArc xlink:type="arc" xlink:arcrole="http://xbrl.org/arcrole/2014/definition-node-subtree" xlink:from="dnb-crd_a2.root" xlink:to="dnb-crd_c41792" order="25" />
    <table:ruleNode xlink:type="resource" xlink:label="dnb-crd_c41798" id="dnb-crd_c41798">
      <formula:explicitDimension dimension="dnbeba_dim:BAS">
        <formula:member>
          <formula:qname>dnbeba_BA:x5</formula:qname>
        </formula:member>
      </formula:explicitDimension>
      <formula:explicitDimension dimension="dnbeba_dim:MCY">
        <formula:member>
          <formula:qname>dnbeba_MC:x240</formula:qname>
        </formula:member>
      </formula:explicitDimension>
    </table:ruleNode>
    <table:definitionNodeSubtreeArc xlink:type="arc" xlink:arcrole="http://xbrl.org/arcrole/2014/definition-node-subtree" xlink:from="dnb-crd_a2.root" xlink:to="dnb-crd_c41798" order="26" />
    <table:ruleNode xlink:type="resource" xlink:label="dnb-crd_c41799" id="dnb-crd_c41799">
      <formula:explicitDimension dimension="dnbeba_dim:BAS">
        <formula:member>
          <formula:qname>dnbeba_BA:x1</formula:qname>
        </formula:member>
      </formula:explicitDimension>
      <formula:explicitDimension dimension="dnbeba_dim:MCY">
        <formula:member>
          <formula:qname>dnbeba_MC:x321</formula:qname>
        </formula:member>
      </formula:explicitDimension>
      <formula:explicitDimension dimension="dnbeba_dim:APL">
        <formula:member>
          <formula:qname>dnbeba_PL:x41</formula:qname>
        </formula:member>
      </formula:explicitDimension>
      <formula:explicitDimension dimension="dnbeba_dim:MCE">
        <formula:member>
          <formula:qname>dnbeba_MC:x130</formula:qname>
        </formula:member>
      </formula:explicitDimension>
    </table:ruleNode>
    <table:definitionNodeSubtreeArc xlink:type="arc" xlink:arcrole="http://xbrl.org/arcrole/2014/definition-node-subtree" xlink:from="dnb-crd_a2.root" xlink:to="dnb-crd_c41799" order="27" />
    <table:ruleNode xlink:type="resource" xlink:label="dnb-crd_c41800" id="dnb-crd_c41800">
      <formula:explicitDimension dimension="dnbeba_dim:BAS">
        <formula:member>
          <formula:qname>dnbeba_BA:x1</formula:qname>
        </formula:member>
      </formula:explicitDimension>
      <formula:explicitDimension dimension="dnbeba_dim:MCY">
        <formula:member>
          <formula:qname>dnbeba_MC:x277</formula:qname>
        </formula:member>
      </formula:explicitDimension>
      <formula:explicitDimension dimension="dnbeba_dim:APL">
        <formula:member>
          <formula:qname>dnbeba_PL:x13</formula:qname>
        </formula:member>
      </formula:explicitDimension>
    </table:ruleNode>
    <table:definitionNodeSubtreeArc xlink:type="arc" xlink:arcrole="http://xbrl.org/arcrole/2014/definition-node-subtree" xlink:from="dnb-crd_a2.root" xlink:to="dnb-crd_c41800" order="28" />
    <table:ruleNode xlink:type="resource" xlink:label="dnb-crd_c41801" id="dnb-crd_c41801">
      <formula:explicitDimension dimension="dnbeba_dim:BAS">
        <formula:member>
          <formula:qname>dnbeba_BA:x1</formula:qname>
        </formula:member>
      </formula:explicitDimension>
      <formula:explicitDimension dimension="dnbeba_dim:MCY">
        <formula:member>
          <formula:qname>dnbeba_MC:x277</formula:qname>
        </formula:member>
      </formula:explicitDimension>
    </table:ruleNode>
    <table:definitionNodeSubtreeArc xlink:type="arc" xlink:arcrole="http://xbrl.org/arcrole/2014/definition-node-subtree" xlink:from="dnb-crd_a2.root" xlink:to="dnb-crd_c41801" order="29" />
    <table:ruleNode xlink:type="resource" xlink:label="dnb-crd_c41802" id="dnb-crd_c41802">
      <formula:explicitDimension dimension="dnbeba_dim:BAS">
        <formula:member>
          <formula:qname>dnbeba_BA:x1</formula:qname>
        </formula:member>
      </formula:explicitDimension>
      <formula:explicitDimension dimension="dnbeba_dim:MCY">
        <formula:member>
          <formula:qname>dnbeba_MC:x333</formula:qname>
        </formula:member>
      </formula:explicitDimension>
    </table:ruleNode>
    <table:definitionNodeSubtreeArc xlink:type="arc" xlink:arcrole="http://xbrl.org/arcrole/2014/definition-node-subtree" xlink:from="dnb-crd_a2.root" xlink:to="dnb-crd_c41802" order="30" />
    <table:ruleNode xlink:type="resource" xlink:label="dnb-crd_c41803" id="dnb-crd_c41803">
      <formula:explicitDimension dimension="dnbeba_dim:BAS">
        <formula:member>
          <formula:qname>dnbeba_BA:x1</formula:qname>
        </formula:member>
      </formula:explicitDimension>
      <formula:explicitDimension dimension="dnbeba_dim:MCY">
        <formula:member>
          <formula:qname>dnbeba_MC:x279</formula:qname>
        </formula:member>
      </formula:explicitDimension>
    </table:ruleNode>
    <table:definitionNodeSubtreeArc xlink:type="arc" xlink:arcrole="http://xbrl.org/arcrole/2014/definition-node-subtree" xlink:from="dnb-crd_a2.root" xlink:to="dnb-crd_c41803" order="31" />
    <table:ruleNode xlink:type="resource" xlink:label="dnb-crd_c41804" id="dnb-crd_c41804">
      <formula:explicitDimension dimension="dnbeba_dim:BAS">
        <formula:member>
          <formula:qname>dnbeba_BA:x1</formula:qname>
        </formula:member>
      </formula:explicitDimension>
      <formula:explicitDimension dimension="dnbeba_dim:MCY">
        <formula:member>
          <formula:qname>dnbeba_MC:x499</formula:qname>
        </formula:member>
      </formula:explicitDimension>
    </table:ruleNode>
    <table:ruleNode xlink:type="resource" xlink:label="dnb-crd_c41805" id="dnb-crd_c41805">
      <formula:explicitDimension dimension="dnbeba_dim:MCY">
        <formula:member>
          <formula:qname>dnbeba_MC:x498</formula:qname>
        </formula:member>
      </formula:explicitDimension>
    </table:ruleNode>
    <table:definitionNodeSubtreeArc xlink:type="arc" xlink:arcrole="http://xbrl.org/arcrole/2014/definition-node-subtree" xlink:from="dnb-crd_c41804" xlink:to="dnb-crd_c41805" order="1" />
    <table:ruleNode xlink:type="resource" xlink:label="dnb-crd_c41806" id="dnb-crd_c41806">
      <formula:explicitDimension dimension="dnbeba_dim:MCY">
        <formula:member>
          <formula:qname>dnbeba_MC:x500</formula:qname>
        </formula:member>
      </formula:explicitDimension>
    </table:ruleNode>
    <table:definitionNodeSubtreeArc xlink:type="arc" xlink:arcrole="http://xbrl.org/arcrole/2014/definition-node-subtree" xlink:from="dnb-crd_c41804" xlink:to="dnb-crd_c41806" order="2" />
    <table:definitionNodeSubtreeArc xlink:type="arc" xlink:arcrole="http://xbrl.org/arcrole/2014/definition-node-subtree" xlink:from="dnb-crd_a2.root" xlink:to="dnb-crd_c41804" order="32" />
    <table:ruleNode xlink:type="resource" xlink:label="dnb-crd_c41807" id="dnb-crd_c41807">
      <formula:explicitDimension dimension="dnbeba_dim:BAS">
        <formula:member>
          <formula:qname>dnbeba_BA:x1</formula:qname>
        </formula:member>
      </formula:explicitDimension>
      <formula:explicitDimension dimension="dnbeba_dim:MCY">
        <formula:member>
          <formula:qname>dnbeba_MC:x280</formula:qname>
        </formula:member>
      </formula:explicitDimension>
    </table:ruleNode>
    <table:ruleNode xlink:type="resource" xlink:label="dnb-crd_c41808" id="dnb-crd_c41808">
      <formula:explicitDimension dimension="dnbeba_dim:MCY">
        <formula:member>
          <formula:qname>dnbeba_MC:x278</formula:qname>
        </formula:member>
      </formula:explicitDimension>
    </table:ruleNode>
    <table:definitionNodeSubtreeArc xlink:type="arc" xlink:arcrole="http://xbrl.org/arcrole/2014/definition-node-subtree" xlink:from="dnb-crd_c41807" xlink:to="dnb-crd_c41808" order="1" />
    <table:ruleNode xlink:type="resource" xlink:label="dnb-crd_c41809" id="dnb-crd_c41809">
      <formula:explicitDimension dimension="dnbeba_dim:MCY">
        <formula:member>
          <formula:qname>dnbeba_MC:x334</formula:qname>
        </formula:member>
      </formula:explicitDimension>
    </table:ruleNode>
    <table:definitionNodeSubtreeArc xlink:type="arc" xlink:arcrole="http://xbrl.org/arcrole/2014/definition-node-subtree" xlink:from="dnb-crd_c41807" xlink:to="dnb-crd_c41809" order="2" />
    <table:definitionNodeSubtreeArc xlink:type="arc" xlink:arcrole="http://xbrl.org/arcrole/2014/definition-node-subtree" xlink:from="dnb-crd_a2.root" xlink:to="dnb-crd_c41807" order="33" />
    <table:ruleNode xlink:type="resource" xlink:label="dnb-crd_c41810" id="dnb-crd_c41810">
      <formula:explicitDimension dimension="dnbeba_dim:BAS">
        <formula:member>
          <formula:qname>dnbeba_BA:x1</formula:qname>
        </formula:member>
      </formula:explicitDimension>
      <formula:explicitDimension dimension="dnbeba_dim:MCY">
        <formula:member>
          <formula:qname>dnbeba_MC:x276</formula:qname>
        </formula:member>
      </formula:explicitDimension>
    </table:ruleNode>
    <table:ruleNode xlink:type="resource" xlink:label="dnb-crd_c41811" id="dnb-crd_c41811">
      <formula:explicitDimension dimension="dnbeba_dim:CNO">
        <formula:member>
          <formula:qname>dnbeba_BT:x3</formula:qname>
        </formula:member>
      </formula:explicitDimension>
    </table:ruleNode>
    <table:definitionNodeSubtreeArc xlink:type="arc" xlink:arcrole="http://xbrl.org/arcrole/2014/definition-node-subtree" xlink:from="dnb-crd_c41810" xlink:to="dnb-crd_c41811" order="1" />
    <table:ruleNode xlink:type="resource" xlink:label="dnb-crd_c41812" id="dnb-crd_c41812">
      <formula:explicitDimension dimension="dnbeba_dim:CNO">
        <formula:member>
          <formula:qname>dnbeba_BT:x4</formula:qname>
        </formula:member>
      </formula:explicitDimension>
    </table:ruleNode>
    <table:definitionNodeSubtreeArc xlink:type="arc" xlink:arcrole="http://xbrl.org/arcrole/2014/definition-node-subtree" xlink:from="dnb-crd_c41810" xlink:to="dnb-crd_c41812" order="2" />
    <table:definitionNodeSubtreeArc xlink:type="arc" xlink:arcrole="http://xbrl.org/arcrole/2014/definition-node-subtree" xlink:from="dnb-crd_a2.root" xlink:to="dnb-crd_c41810" order="34" />
    <table:tableBreakdownArc xlink:type="arc" xlink:arcrole="http://xbrl.org/arcrole/2014/table-breakdown" xlink:from="dnb-crd_tF_02.00" xlink:to="dnb-crd_a2" axis="y" order="2" />
  </gen:link>
</link:linkbase>