﻿<?xml version="1.0" encoding="utf-8"?>
<!--© DNB-->
<link:linkbase xmlns:xsi="http://www.w3.org/2001/XMLSchema-instance" xmlns:xlink="http://www.w3.org/1999/xlink" xmlns:link="http://www.xbrl.org/2003/linkbase" xmlns:gen="http://xbrl.org/2008/generic" xmlns:label="http://xbrl.org/2008/label" xsi:schemaLocation="http://www.xbrl.org/2003/linkbase http://www.xbrl.org/2003/xbrl-linkbase-2003-12-31.xsd http://xbrl.org/2008/generic http://www.xbrl.org/2008/generic-link.xsd http://xbrl.org/2008/label http://www.xbrl.org/2008/generic-label.xsd">
  <link:arcroleRef arcroleURI="http://www.eurofiling.info/xbrl/arcrole/group-table" xlink:type="simple" xlink:href="http://www.eurofiling.info/eu/fr/xbrl/ext/model.xsd#group-table" />
  <gen:link xlink:type="extended" xlink:role="http://www.xbrl.org/2003/role/link">
    <link:loc xlink:type="locator" xlink:href="finrep_am_int_ind_ifrs.xsd#dnb-crd_finrep_am_int_ind_ifrs" xlink:label="loc_dnb-crd_finrep_am_int_ind_ifrs" />
    <link:loc xlink:type="locator" xlink:href="../tab/tab.xsd#dnb-crd_tgF_00.01" xlink:label="loc_dnb-crd_tgF_00.01" />
    <gen:arc xlink:type="arc" xlink:arcrole="http://www.eurofiling.info/xbrl/arcrole/group-table" xlink:from="loc_dnb-crd_finrep_am_int_ind_ifrs" xlink:to="loc_dnb-crd_tgF_00.01" order="1" />
    <link:loc xlink:type="locator" xlink:href="../tab/f_00.01/f_00.01-rend.xml#dnb-crd_tF_00.01" xlink:label="loc_dnb-crd_tF_00.01" />
    <gen:arc xlink:type="arc" xlink:arcrole="http://www.eurofiling.info/xbrl/arcrole/group-table" xlink:from="loc_dnb-crd_tgF_00.01" xlink:to="loc_dnb-crd_tF_00.01" order="1" />
    <link:loc xlink:type="locator" xlink:href="../tab/tab.xsd#dnb-crd_tgF_00.03" xlink:label="loc_dnb-crd_tgF_00.03" />
    <gen:arc xlink:type="arc" xlink:arcrole="http://www.eurofiling.info/xbrl/arcrole/group-table" xlink:from="loc_dnb-crd_finrep_am_int_ind_ifrs" xlink:to="loc_dnb-crd_tgF_00.03" order="2" />
    <link:loc xlink:type="locator" xlink:href="../tab/f_00.03/f_00.03-rend.xml#dnb-crd_tF_00.03" xlink:label="loc_dnb-crd_tF_00.03" />
    <gen:arc xlink:type="arc" xlink:arcrole="http://www.eurofiling.info/xbrl/arcrole/group-table" xlink:from="loc_dnb-crd_tgF_00.03" xlink:to="loc_dnb-crd_tF_00.03" order="1" />
    <link:loc xlink:type="locator" xlink:href="../tab/tab.xsd#dnb-crd_tgFINREP_part_1" xlink:label="loc_dnb-crd_tgFINREP_part_1" />
    <gen:arc xlink:type="arc" xlink:arcrole="http://www.eurofiling.info/xbrl/arcrole/group-table" xlink:from="loc_dnb-crd_finrep_am_int_ind_ifrs" xlink:to="loc_dnb-crd_tgFINREP_part_1" order="3" />
    <link:loc xlink:type="locator" xlink:href="../tab/tab.xsd#dnb-crd_tgF_01.01" xlink:label="loc_dnb-crd_tgF_01.01" />
    <gen:arc xlink:type="arc" xlink:arcrole="http://www.eurofiling.info/xbrl/arcrole/group-table" xlink:from="loc_dnb-crd_tgFINREP_part_1" xlink:to="loc_dnb-crd_tgF_01.01" order="1" />
    <link:loc xlink:type="locator" xlink:href="../tab/f_01.01/f_01.01-rend.xml#dnb-crd_tF_01.01" xlink:label="loc_dnb-crd_tF_01.01" />
    <gen:arc xlink:type="arc" xlink:arcrole="http://www.eurofiling.info/xbrl/arcrole/group-table" xlink:from="loc_dnb-crd_tgF_01.01" xlink:to="loc_dnb-crd_tF_01.01" order="1" />
    <link:loc xlink:type="locator" xlink:href="../tab/tab.xsd#dnb-crd_tgF_01.02" xlink:label="loc_dnb-crd_tgF_01.02" />
    <gen:arc xlink:type="arc" xlink:arcrole="http://www.eurofiling.info/xbrl/arcrole/group-table" xlink:from="loc_dnb-crd_tgFINREP_part_1" xlink:to="loc_dnb-crd_tgF_01.02" order="2" />
    <link:loc xlink:type="locator" xlink:href="../tab/f_01.02/f_01.02-rend.xml#dnb-crd_tF_01.02" xlink:label="loc_dnb-crd_tF_01.02" />
    <gen:arc xlink:type="arc" xlink:arcrole="http://www.eurofiling.info/xbrl/arcrole/group-table" xlink:from="loc_dnb-crd_tgF_01.02" xlink:to="loc_dnb-crd_tF_01.02" order="1" />
    <link:loc xlink:type="locator" xlink:href="../tab/tab.xsd#dnb-crd_tgF_01.03" xlink:label="loc_dnb-crd_tgF_01.03" />
    <gen:arc xlink:type="arc" xlink:arcrole="http://www.eurofiling.info/xbrl/arcrole/group-table" xlink:from="loc_dnb-crd_tgFINREP_part_1" xlink:to="loc_dnb-crd_tgF_01.03" order="3" />
    <link:loc xlink:type="locator" xlink:href="../tab/f_01.03/f_01.03-rend.xml#dnb-crd_tF_01.03" xlink:label="loc_dnb-crd_tF_01.03" />
    <gen:arc xlink:type="arc" xlink:arcrole="http://www.eurofiling.info/xbrl/arcrole/group-table" xlink:from="loc_dnb-crd_tgF_01.03" xlink:to="loc_dnb-crd_tF_01.03" order="1" />
    <link:loc xlink:type="locator" xlink:href="../tab/tab.xsd#dnb-crd_tgF_01.09" xlink:label="loc_dnb-crd_tgF_01.09" />
    <gen:arc xlink:type="arc" xlink:arcrole="http://www.eurofiling.info/xbrl/arcrole/group-table" xlink:from="loc_dnb-crd_tgFINREP_part_1" xlink:to="loc_dnb-crd_tgF_01.09" order="4" />
    <link:loc xlink:type="locator" xlink:href="../tab/f_01.09/f_01.09-rend.xml#dnb-crd_tF_01.09" xlink:label="loc_dnb-crd_tF_01.09" />
    <gen:arc xlink:type="arc" xlink:arcrole="http://www.eurofiling.info/xbrl/arcrole/group-table" xlink:from="loc_dnb-crd_tgF_01.09" xlink:to="loc_dnb-crd_tF_01.09" order="1" />
    <link:loc xlink:type="locator" xlink:href="../tab/tab.xsd#dnb-crd_tgF_02.00" xlink:label="loc_dnb-crd_tgF_02.00" />
    <gen:arc xlink:type="arc" xlink:arcrole="http://www.eurofiling.info/xbrl/arcrole/group-table" xlink:from="loc_dnb-crd_tgFINREP_part_1" xlink:to="loc_dnb-crd_tgF_02.00" order="5" />
    <link:loc xlink:type="locator" xlink:href="../tab/f_02.00/f_02.00-rend.xml#dnb-crd_tF_02.00" xlink:label="loc_dnb-crd_tF_02.00" />
    <gen:arc xlink:type="arc" xlink:arcrole="http://www.eurofiling.info/xbrl/arcrole/group-table" xlink:from="loc_dnb-crd_tgF_02.00" xlink:to="loc_dnb-crd_tF_02.00" order="1" />
    <link:loc xlink:type="locator" xlink:href="../tab/tab.xsd#dnb-crd_tgF_09.01" xlink:label="loc_dnb-crd_tgF_09.01" />
    <gen:arc xlink:type="arc" xlink:arcrole="http://www.eurofiling.info/xbrl/arcrole/group-table" xlink:from="loc_dnb-crd_tgFINREP_part_1" xlink:to="loc_dnb-crd_tgF_09.01" order="6" />
    <link:loc xlink:type="locator" xlink:href="../tab/f_09.01/f_09.01-rend.xml#dnb-crd_tF_09.01" xlink:label="loc_dnb-crd_tF_09.01" />
    <gen:arc xlink:type="arc" xlink:arcrole="http://www.eurofiling.info/xbrl/arcrole/group-table" xlink:from="loc_dnb-crd_tgF_09.01" xlink:to="loc_dnb-crd_tF_09.01" order="1" />
    <link:loc xlink:type="locator" xlink:href="../tab/tab.xsd#dnb-crd_tgF_09.02" xlink:label="loc_dnb-crd_tgF_09.02" />
    <gen:arc xlink:type="arc" xlink:arcrole="http://www.eurofiling.info/xbrl/arcrole/group-table" xlink:from="loc_dnb-crd_tgFINREP_part_1" xlink:to="loc_dnb-crd_tgF_09.02" order="7" />
    <link:loc xlink:type="locator" xlink:href="../tab/f_09.02/f_09.02-rend.xml#dnb-crd_tF_09.02" xlink:label="loc_dnb-crd_tF_09.02" />
    <gen:arc xlink:type="arc" xlink:arcrole="http://www.eurofiling.info/xbrl/arcrole/group-table" xlink:from="loc_dnb-crd_tgF_09.02" xlink:to="loc_dnb-crd_tF_09.02" order="1" />
    <link:loc xlink:type="locator" xlink:href="../tab/tab.xsd#dnb-crd_tgF_09.03" xlink:label="loc_dnb-crd_tgF_09.03" />
    <gen:arc xlink:type="arc" xlink:arcrole="http://www.eurofiling.info/xbrl/arcrole/group-table" xlink:from="loc_dnb-crd_tgFINREP_part_1" xlink:to="loc_dnb-crd_tgF_09.03" order="8" />
    <link:loc xlink:type="locator" xlink:href="../tab/f_09.03/f_09.03-rend.xml#dnb-crd_tF_09.03" xlink:label="loc_dnb-crd_tF_09.03" />
    <gen:arc xlink:type="arc" xlink:arcrole="http://www.eurofiling.info/xbrl/arcrole/group-table" xlink:from="loc_dnb-crd_tgF_09.03" xlink:to="loc_dnb-crd_tF_09.03" order="1" />
    <link:loc xlink:type="locator" xlink:href="../tab/tab.xsd#dnb-crd_tgF_11.09" xlink:label="loc_dnb-crd_tgF_11.09" />
    <gen:arc xlink:type="arc" xlink:arcrole="http://www.eurofiling.info/xbrl/arcrole/group-table" xlink:from="loc_dnb-crd_tgFINREP_part_1" xlink:to="loc_dnb-crd_tgF_11.09" order="9" />
    <link:loc xlink:type="locator" xlink:href="../tab/f_11.09/f_11.09-rend.xml#dnb-crd_tF_11.09" xlink:label="loc_dnb-crd_tF_11.09" />
    <gen:arc xlink:type="arc" xlink:arcrole="http://www.eurofiling.info/xbrl/arcrole/group-table" xlink:from="loc_dnb-crd_tgF_11.09" xlink:to="loc_dnb-crd_tF_11.09" order="1" />
    <link:loc xlink:type="locator" xlink:href="../tab/tab.xsd#dnb-crd_tgF_22.09" xlink:label="loc_dnb-crd_tgF_22.09" />
    <gen:arc xlink:type="arc" xlink:arcrole="http://www.eurofiling.info/xbrl/arcrole/group-table" xlink:from="loc_dnb-crd_finrep_am_int_ind_ifrs" xlink:to="loc_dnb-crd_tgF_22.09" order="4" />
    <link:loc xlink:type="locator" xlink:href="../tab/f_22.09/f_22.09-rend.xml#dnb-crd_tF_22.09" xlink:label="loc_dnb-crd_tF_22.09" />
    <gen:arc xlink:type="arc" xlink:arcrole="http://www.eurofiling.info/xbrl/arcrole/group-table" xlink:from="loc_dnb-crd_tgF_22.09" xlink:to="loc_dnb-crd_tF_22.09" order="1" />
    <link:loc xlink:type="locator" xlink:href="../tab/tab.xsd#dnb-crd_tgFINREP_part_3" xlink:label="loc_dnb-crd_tgFINREP_part_3" />
    <gen:arc xlink:type="arc" xlink:arcrole="http://www.eurofiling.info/xbrl/arcrole/group-table" xlink:from="loc_dnb-crd_finrep_am_int_ind_ifrs" xlink:to="loc_dnb-crd_tgFINREP_part_3" order="5" />
    <link:loc xlink:type="locator" xlink:href="../tab/tab.xsd#dnb-crd_tgF_31.01" xlink:label="loc_dnb-crd_tgF_31.01" />
    <gen:arc xlink:type="arc" xlink:arcrole="http://www.eurofiling.info/xbrl/arcrole/group-table" xlink:from="loc_dnb-crd_tgFINREP_part_3" xlink:to="loc_dnb-crd_tgF_31.01" order="1" />
    <link:loc xlink:type="locator" xlink:href="../tab/f_31.01/f_31.01-rend.xml#dnb-crd_tF_31.01" xlink:label="loc_dnb-crd_tF_31.01" />
    <gen:arc xlink:type="arc" xlink:arcrole="http://www.eurofiling.info/xbrl/arcrole/group-table" xlink:from="loc_dnb-crd_tgF_31.01" xlink:to="loc_dnb-crd_tF_31.01" order="1" />
    <link:loc xlink:type="locator" xlink:href="../tab/tab.xsd#dnb-crd_tgF_31.02" xlink:label="loc_dnb-crd_tgF_31.02" />
    <gen:arc xlink:type="arc" xlink:arcrole="http://www.eurofiling.info/xbrl/arcrole/group-table" xlink:from="loc_dnb-crd_tgFINREP_part_3" xlink:to="loc_dnb-crd_tgF_31.02" order="2" />
    <link:loc xlink:type="locator" xlink:href="../tab/f_31.02/f_31.02-rend.xml#dnb-crd_tF_31.02" xlink:label="loc_dnb-crd_tF_31.02" />
    <gen:arc xlink:type="arc" xlink:arcrole="http://www.eurofiling.info/xbrl/arcrole/group-table" xlink:from="loc_dnb-crd_tgF_31.02" xlink:to="loc_dnb-crd_tF_31.02" order="1" />
    <link:loc xlink:type="locator" xlink:href="../tab/tab.xsd#dnb-crd_tgF_71.00" xlink:label="loc_dnb-crd_tgF_71.00" />
    <gen:arc xlink:type="arc" xlink:arcrole="http://www.eurofiling.info/xbrl/arcrole/group-table" xlink:from="loc_dnb-crd_finrep_am_int_ind_ifrs" xlink:to="loc_dnb-crd_tgF_71.00" order="6" />
    <link:loc xlink:type="locator" xlink:href="../tab/f_71.00/f_71.00-rend.xml#dnb-crd_tF_71.00" xlink:label="loc_dnb-crd_tF_71.00" />
    <gen:arc xlink:type="arc" xlink:arcrole="http://www.eurofiling.info/xbrl/arcrole/group-table" xlink:from="loc_dnb-crd_tgF_71.00" xlink:to="loc_dnb-crd_tF_71.00" order="1" />
    <link:loc xlink:type="locator" xlink:href="../tab/tab.xsd#dnb-crd_tgCapital_Adequacy" xlink:label="loc_dnb-crd_tgCapital_Adequacy" />
    <gen:arc xlink:type="arc" xlink:arcrole="http://www.eurofiling.info/xbrl/arcrole/group-table" xlink:from="loc_dnb-crd_finrep_am_int_ind_ifrs" xlink:to="loc_dnb-crd_tgCapital_Adequacy" order="7" />
    <link:loc xlink:type="locator" xlink:href="../tab/tab.xsd#dnb-crd_tgC_01.00" xlink:label="loc_dnb-crd_tgC_01.00" />
    <gen:arc xlink:type="arc" xlink:arcrole="http://www.eurofiling.info/xbrl/arcrole/group-table" xlink:from="loc_dnb-crd_tgCapital_Adequacy" xlink:to="loc_dnb-crd_tgC_01.00" order="1" />
    <link:loc xlink:type="locator" xlink:href="../tab/c_01.00/c_01.00-rend.xml#dnb-crd_tC_01.00" xlink:label="loc_dnb-crd_tC_01.00" />
    <gen:arc xlink:type="arc" xlink:arcrole="http://www.eurofiling.info/xbrl/arcrole/group-table" xlink:from="loc_dnb-crd_tgC_01.00" xlink:to="loc_dnb-crd_tC_01.00" order="1" />
  </gen:link>
</link:linkbase>