﻿<?xml version="1.0" encoding="utf-8"?>
<!--© DNB-->
<link:linkbase xmlns:xsi="http://www.w3.org/2001/XMLSchema-instance" xmlns:xbrli="http://www.xbrl.org/2003/instance" xmlns:xlink="http://www.w3.org/1999/xlink" xmlns:link="http://www.xbrl.org/2003/linkbase" xmlns:gen="http://xbrl.org/2008/generic" xmlns:label="http://xbrl.org/2008/label" xmlns:find="http://www.eurofiling.info/xbrl/ext/filing-indicators" xmlns:variable="http://xbrl.org/2008/variable" xsi:schemaLocation="http://www.xbrl.org/2003/linkbase http://www.xbrl.org/2003/xbrl-linkbase-2003-12-31.xsd http://xbrl.org/2008/generic http://www.xbrl.org/2008/generic-link.xsd http://xbrl.org/2008/label http://www.xbrl.org/2008/generic-label.xsd http://xbrl.org/2008/variable http://www.xbrl.org/2008/variable.xsd">
  <link:arcroleRef arcroleURI="http://xbrl.org/arcrole/2008/variable-set-precondition" xlink:type="simple" xlink:href="http://www.xbrl.org/2008/variable.xsd#variable-set-precondition" />
  <gen:link xlink:type="extended" xlink:role="http://www.xbrl.org/2003/role/link">
    <variable:precondition xlink:type="resource" xlink:label="findPrec" test="$find:tF_09.01" />
    <link:loc xlink:type="locator" xlink:href="../val/vr-v0835_m.xml#dnb-crd_v0835_m" xlink:label="loc_dnb-crd_v0835_m" />
    <gen:arc xlink:type="arc" xlink:arcrole="http://xbrl.org/arcrole/2008/variable-set-precondition" xlink:from="loc_dnb-crd_v0835_m" xlink:to="findPrec" />
    <link:loc xlink:type="locator" xlink:href="../val/vr-v0837_m.xml#dnb-crd_v0837_m" xlink:label="loc_dnb-crd_v0837_m" />
    <gen:arc xlink:type="arc" xlink:arcrole="http://xbrl.org/arcrole/2008/variable-set-precondition" xlink:from="loc_dnb-crd_v0837_m" xlink:to="findPrec" />
    <link:loc xlink:type="locator" xlink:href="../val/vr-v3133_m.xml#dnb-crd_v3133_m" xlink:label="loc_dnb-crd_v3133_m" />
    <gen:arc xlink:type="arc" xlink:arcrole="http://xbrl.org/arcrole/2008/variable-set-precondition" xlink:from="loc_dnb-crd_v3133_m" xlink:to="findPrec" />
    <link:loc xlink:type="locator" xlink:href="../val/vr-v3134_m.xml#dnb-crd_v3134_m" xlink:label="loc_dnb-crd_v3134_m" />
    <gen:arc xlink:type="arc" xlink:arcrole="http://xbrl.org/arcrole/2008/variable-set-precondition" xlink:from="loc_dnb-crd_v3134_m" xlink:to="findPrec" />
    <link:loc xlink:type="locator" xlink:href="../val/vr-v3135_m.xml#dnb-crd_v3135_m" xlink:label="loc_dnb-crd_v3135_m" />
    <gen:arc xlink:type="arc" xlink:arcrole="http://xbrl.org/arcrole/2008/variable-set-precondition" xlink:from="loc_dnb-crd_v3135_m" xlink:to="findPrec" />
    <link:loc xlink:type="locator" xlink:href="../val/vr-v3927_s.xml#dnb-crd_v3927_s" xlink:label="loc_dnb-crd_v3927_s" />
    <gen:arc xlink:type="arc" xlink:arcrole="http://xbrl.org/arcrole/2008/variable-set-precondition" xlink:from="loc_dnb-crd_v3927_s" xlink:to="findPrec" />
    <link:loc xlink:type="locator" xlink:href="../val/vr-v8031_s.xml#dnb-crd_v8031_s" xlink:label="loc_dnb-crd_v8031_s" />
    <gen:arc xlink:type="arc" xlink:arcrole="http://xbrl.org/arcrole/2008/variable-set-precondition" xlink:from="loc_dnb-crd_v8031_s" xlink:to="findPrec" />
    <link:loc xlink:type="locator" xlink:href="../val/vr-v8030_m.xml#dnb-crd_v8030_m" xlink:label="loc_dnb-crd_v8030_m" />
    <gen:arc xlink:type="arc" xlink:arcrole="http://xbrl.org/arcrole/2008/variable-set-precondition" xlink:from="loc_dnb-crd_v8030_m" xlink:to="findPrec" />
    <link:loc xlink:type="locator" xlink:href="../val/vr-v8057_m.xml#dnb-crd_v8057_m" xlink:label="loc_dnb-crd_v8057_m" />
    <gen:arc xlink:type="arc" xlink:arcrole="http://xbrl.org/arcrole/2008/variable-set-precondition" xlink:from="loc_dnb-crd_v8057_m" xlink:to="findPrec" />
    <variable:precondition xlink:type="resource" xlink:label="findPrec_1" test="$find:tF_31.01 and $find:tF_09.01" />
    <link:loc xlink:type="locator" xlink:href="../val/vr-v1034_m.xml#dnb-crd_v1034_m" xlink:label="loc_dnb-crd_v1034_m" />
    <gen:arc xlink:type="arc" xlink:arcrole="http://xbrl.org/arcrole/2008/variable-set-precondition" xlink:from="loc_dnb-crd_v1034_m" xlink:to="findPrec_1" />
    <variable:precondition xlink:type="resource" xlink:label="findPrec_2" test="$find:tF_09.02" />
    <link:loc xlink:type="locator" xlink:href="../val/vr-v0839_m.xml#dnb-crd_v0839_m" xlink:label="loc_dnb-crd_v0839_m" />
    <gen:arc xlink:type="arc" xlink:arcrole="http://xbrl.org/arcrole/2008/variable-set-precondition" xlink:from="loc_dnb-crd_v0839_m" xlink:to="findPrec_2" />
    <link:loc xlink:type="locator" xlink:href="../val/vr-v0840_m.xml#dnb-crd_v0840_m" xlink:label="loc_dnb-crd_v0840_m" />
    <gen:arc xlink:type="arc" xlink:arcrole="http://xbrl.org/arcrole/2008/variable-set-precondition" xlink:from="loc_dnb-crd_v0840_m" xlink:to="findPrec_2" />
    <link:loc xlink:type="locator" xlink:href="../val/vr-v0841_m.xml#dnb-crd_v0841_m" xlink:label="loc_dnb-crd_v0841_m" />
    <gen:arc xlink:type="arc" xlink:arcrole="http://xbrl.org/arcrole/2008/variable-set-precondition" xlink:from="loc_dnb-crd_v0841_m" xlink:to="findPrec_2" />
    <link:loc xlink:type="locator" xlink:href="../val/vr-v3928_s.xml#dnb-crd_v3928_s" xlink:label="loc_dnb-crd_v3928_s" />
    <gen:arc xlink:type="arc" xlink:arcrole="http://xbrl.org/arcrole/2008/variable-set-precondition" xlink:from="loc_dnb-crd_v3928_s" xlink:to="findPrec_2" />
    <link:loc xlink:type="locator" xlink:href="../val/vr-v3929_s.xml#dnb-crd_v3929_s" xlink:label="loc_dnb-crd_v3929_s" />
    <gen:arc xlink:type="arc" xlink:arcrole="http://xbrl.org/arcrole/2008/variable-set-precondition" xlink:from="loc_dnb-crd_v3929_s" xlink:to="findPrec_2" />
    <variable:precondition xlink:type="resource" xlink:label="findPrec_3" test="$find:tF_31.01 and $find:tF_09.02" />
    <link:loc xlink:type="locator" xlink:href="../val/vr-v1036_m.xml#dnb-crd_v1036_m" xlink:label="loc_dnb-crd_v1036_m" />
    <gen:arc xlink:type="arc" xlink:arcrole="http://xbrl.org/arcrole/2008/variable-set-precondition" xlink:from="loc_dnb-crd_v1036_m" xlink:to="findPrec_3" />
    <variable:precondition xlink:type="resource" xlink:label="findPrec_4" test="$find:tF_02.00" />
    <link:loc xlink:type="locator" xlink:href="../val/vr-v3970_s.xml#dnb-crd_v3970_s" xlink:label="loc_dnb-crd_v3970_s" />
    <gen:arc xlink:type="arc" xlink:arcrole="http://xbrl.org/arcrole/2008/variable-set-precondition" xlink:from="loc_dnb-crd_v3970_s" xlink:to="findPrec_4" />
    <link:loc xlink:type="locator" xlink:href="../val/vr-v3900_s.xml#dnb-crd_v3900_s" xlink:label="loc_dnb-crd_v3900_s" />
    <gen:arc xlink:type="arc" xlink:arcrole="http://xbrl.org/arcrole/2008/variable-set-precondition" xlink:from="loc_dnb-crd_v3900_s" xlink:to="findPrec_4" />
    <link:loc xlink:type="locator" xlink:href="../val/vr-v0136_h.xml#dnb-crd_v0136_h" xlink:label="loc_dnb-crd_v0136_h" />
    <gen:arc xlink:type="arc" xlink:arcrole="http://xbrl.org/arcrole/2008/variable-set-precondition" xlink:from="loc_dnb-crd_v0136_h" xlink:to="findPrec_4" />
    <link:loc xlink:type="locator" xlink:href="../val/vr-v0138_h.xml#dnb-crd_v0138_h" xlink:label="loc_dnb-crd_v0138_h" />
    <gen:arc xlink:type="arc" xlink:arcrole="http://xbrl.org/arcrole/2008/variable-set-precondition" xlink:from="loc_dnb-crd_v0138_h" xlink:to="findPrec_4" />
    <link:loc xlink:type="locator" xlink:href="../val/vr-v0141_h.xml#dnb-crd_v0141_h" xlink:label="loc_dnb-crd_v0141_h" />
    <gen:arc xlink:type="arc" xlink:arcrole="http://xbrl.org/arcrole/2008/variable-set-precondition" xlink:from="loc_dnb-crd_v0141_h" xlink:to="findPrec_4" />
    <link:loc xlink:type="locator" xlink:href="../val/vr-v0143_h.xml#dnb-crd_v0143_h" xlink:label="loc_dnb-crd_v0143_h" />
    <gen:arc xlink:type="arc" xlink:arcrole="http://xbrl.org/arcrole/2008/variable-set-precondition" xlink:from="loc_dnb-crd_v0143_h" xlink:to="findPrec_4" />
    <link:loc xlink:type="locator" xlink:href="../val/vr-v0144_h.xml#dnb-crd_v0144_h" xlink:label="loc_dnb-crd_v0144_h" />
    <gen:arc xlink:type="arc" xlink:arcrole="http://xbrl.org/arcrole/2008/variable-set-precondition" xlink:from="loc_dnb-crd_v0144_h" xlink:to="findPrec_4" />
    <link:loc xlink:type="locator" xlink:href="../val/vr-v0787_m.xml#dnb-crd_v0787_m" xlink:label="loc_dnb-crd_v0787_m" />
    <gen:arc xlink:type="arc" xlink:arcrole="http://xbrl.org/arcrole/2008/variable-set-precondition" xlink:from="loc_dnb-crd_v0787_m" xlink:to="findPrec_4" />
    <link:loc xlink:type="locator" xlink:href="../val/vr-v0788_m.xml#dnb-crd_v0788_m" xlink:label="loc_dnb-crd_v0788_m" />
    <gen:arc xlink:type="arc" xlink:arcrole="http://xbrl.org/arcrole/2008/variable-set-precondition" xlink:from="loc_dnb-crd_v0788_m" xlink:to="findPrec_4" />
    <link:loc xlink:type="locator" xlink:href="../val/vr-v0789_m.xml#dnb-crd_v0789_m" xlink:label="loc_dnb-crd_v0789_m" />
    <gen:arc xlink:type="arc" xlink:arcrole="http://xbrl.org/arcrole/2008/variable-set-precondition" xlink:from="loc_dnb-crd_v0789_m" xlink:to="findPrec_4" />
    <link:loc xlink:type="locator" xlink:href="../val/vr-v0790_m.xml#dnb-crd_v0790_m" xlink:label="loc_dnb-crd_v0790_m" />
    <gen:arc xlink:type="arc" xlink:arcrole="http://xbrl.org/arcrole/2008/variable-set-precondition" xlink:from="loc_dnb-crd_v0790_m" xlink:to="findPrec_4" />
    <link:loc xlink:type="locator" xlink:href="../val/vr-v0791_m.xml#dnb-crd_v0791_m" xlink:label="loc_dnb-crd_v0791_m" />
    <gen:arc xlink:type="arc" xlink:arcrole="http://xbrl.org/arcrole/2008/variable-set-precondition" xlink:from="loc_dnb-crd_v0791_m" xlink:to="findPrec_4" />
    <link:loc xlink:type="locator" xlink:href="../val/vr-v0792_m.xml#dnb-crd_v0792_m" xlink:label="loc_dnb-crd_v0792_m" />
    <gen:arc xlink:type="arc" xlink:arcrole="http://xbrl.org/arcrole/2008/variable-set-precondition" xlink:from="loc_dnb-crd_v0792_m" xlink:to="findPrec_4" />
    <link:loc xlink:type="locator" xlink:href="../val/vr-v0793_m.xml#dnb-crd_v0793_m" xlink:label="loc_dnb-crd_v0793_m" />
    <gen:arc xlink:type="arc" xlink:arcrole="http://xbrl.org/arcrole/2008/variable-set-precondition" xlink:from="loc_dnb-crd_v0793_m" xlink:to="findPrec_4" />
    <link:loc xlink:type="locator" xlink:href="../val/vr-v0794_m.xml#dnb-crd_v0794_m" xlink:label="loc_dnb-crd_v0794_m" />
    <gen:arc xlink:type="arc" xlink:arcrole="http://xbrl.org/arcrole/2008/variable-set-precondition" xlink:from="loc_dnb-crd_v0794_m" xlink:to="findPrec_4" />
    <link:loc xlink:type="locator" xlink:href="../val/vr-v0795_m.xml#dnb-crd_v0795_m" xlink:label="loc_dnb-crd_v0795_m" />
    <gen:arc xlink:type="arc" xlink:arcrole="http://xbrl.org/arcrole/2008/variable-set-precondition" xlink:from="loc_dnb-crd_v0795_m" xlink:to="findPrec_4" />
    <link:loc xlink:type="locator" xlink:href="../val/vr-v0798_m.xml#dnb-crd_v0798_m" xlink:label="loc_dnb-crd_v0798_m" />
    <gen:arc xlink:type="arc" xlink:arcrole="http://xbrl.org/arcrole/2008/variable-set-precondition" xlink:from="loc_dnb-crd_v0798_m" xlink:to="findPrec_4" />
    <link:loc xlink:type="locator" xlink:href="../val/vr-v1699_m.xml#dnb-crd_v1699_m" xlink:label="loc_dnb-crd_v1699_m" />
    <gen:arc xlink:type="arc" xlink:arcrole="http://xbrl.org/arcrole/2008/variable-set-precondition" xlink:from="loc_dnb-crd_v1699_m" xlink:to="findPrec_4" />
    <link:loc xlink:type="locator" xlink:href="../val/vr-v4211_h.xml#dnb-crd_v4211_h" xlink:label="loc_dnb-crd_v4211_h" />
    <gen:arc xlink:type="arc" xlink:arcrole="http://xbrl.org/arcrole/2008/variable-set-precondition" xlink:from="loc_dnb-crd_v4211_h" xlink:to="findPrec_4" />
    <variable:precondition xlink:type="resource" xlink:label="findPrec_5" test="$find:tF_31.02 and $find:tF_02.00" />
    <link:loc xlink:type="locator" xlink:href="../val/vr-v1375_m.xml#dnb-crd_v1375_m" xlink:label="loc_dnb-crd_v1375_m" />
    <gen:arc xlink:type="arc" xlink:arcrole="http://xbrl.org/arcrole/2008/variable-set-precondition" xlink:from="loc_dnb-crd_v1375_m" xlink:to="findPrec_5" />
    <link:loc xlink:type="locator" xlink:href="../val/vr-v1376_m.xml#dnb-crd_v1376_m" xlink:label="loc_dnb-crd_v1376_m" />
    <gen:arc xlink:type="arc" xlink:arcrole="http://xbrl.org/arcrole/2008/variable-set-precondition" xlink:from="loc_dnb-crd_v1376_m" xlink:to="findPrec_5" />
    <link:loc xlink:type="locator" xlink:href="../val/vr-v1372_m.xml#dnb-crd_v1372_m" xlink:label="loc_dnb-crd_v1372_m" />
    <gen:arc xlink:type="arc" xlink:arcrole="http://xbrl.org/arcrole/2008/variable-set-precondition" xlink:from="loc_dnb-crd_v1372_m" xlink:to="findPrec_5" />
    <link:loc xlink:type="locator" xlink:href="../val/vr-v1373_m.xml#dnb-crd_v1373_m" xlink:label="loc_dnb-crd_v1373_m" />
    <gen:arc xlink:type="arc" xlink:arcrole="http://xbrl.org/arcrole/2008/variable-set-precondition" xlink:from="loc_dnb-crd_v1373_m" xlink:to="findPrec_5" />
    <link:loc xlink:type="locator" xlink:href="../val/vr-v1374_m.xml#dnb-crd_v1374_m" xlink:label="loc_dnb-crd_v1374_m" />
    <gen:arc xlink:type="arc" xlink:arcrole="http://xbrl.org/arcrole/2008/variable-set-precondition" xlink:from="loc_dnb-crd_v1374_m" xlink:to="findPrec_5" />
    <variable:precondition xlink:type="resource" xlink:label="findPrec_6" test="$find:tF_00.01" />
    <link:loc xlink:type="locator" xlink:href="../val/vr-v4005_c.xml#dnb-crd_v4005_c" xlink:label="loc_dnb-crd_v4005_c" />
    <gen:arc xlink:type="arc" xlink:arcrole="http://xbrl.org/arcrole/2008/variable-set-precondition" xlink:from="loc_dnb-crd_v4005_c" xlink:to="findPrec_6" />
    <link:loc xlink:type="locator" xlink:href="../val/vr-v4006_c.xml#dnb-crd_v4006_c" xlink:label="loc_dnb-crd_v4006_c" />
    <gen:arc xlink:type="arc" xlink:arcrole="http://xbrl.org/arcrole/2008/variable-set-precondition" xlink:from="loc_dnb-crd_v4006_c" xlink:to="findPrec_6" />
    <link:loc xlink:type="locator" xlink:href="../val/vr-v4025_a.xml#dnb-crd_v4025_a" xlink:label="loc_dnb-crd_v4025_a" />
    <gen:arc xlink:type="arc" xlink:arcrole="http://xbrl.org/arcrole/2008/variable-set-precondition" xlink:from="loc_dnb-crd_v4025_a" xlink:to="findPrec_6" />
    <link:loc xlink:type="locator" xlink:href="../val/vr-v4028_a.xml#dnb-crd_v4028_a" xlink:label="loc_dnb-crd_v4028_a" />
    <gen:arc xlink:type="arc" xlink:arcrole="http://xbrl.org/arcrole/2008/variable-set-precondition" xlink:from="loc_dnb-crd_v4028_a" xlink:to="findPrec_6" />
    <link:loc xlink:type="locator" xlink:href="../val/vr-v4442_c.xml#dnb-crd_v4442_c" xlink:label="loc_dnb-crd_v4442_c" />
    <gen:arc xlink:type="arc" xlink:arcrole="http://xbrl.org/arcrole/2008/variable-set-precondition" xlink:from="loc_dnb-crd_v4442_c" xlink:to="findPrec_6" />
    <link:loc xlink:type="locator" xlink:href="../val/vr-v4004_c.xml#dnb-crd_v4004_c" xlink:label="loc_dnb-crd_v4004_c" />
    <gen:arc xlink:type="arc" xlink:arcrole="http://xbrl.org/arcrole/2008/variable-set-precondition" xlink:from="loc_dnb-crd_v4004_c" xlink:to="findPrec_6" />
    <variable:precondition xlink:type="resource" xlink:label="findPrec_7" test="$find:tF_00.02 or $find:tF_00.03" />
    <link:loc xlink:type="locator" xlink:href="../val/vr-v8000_s.xml#dnb-crd_v8000_s" xlink:label="loc_dnb-crd_v8000_s" />
    <gen:arc xlink:type="arc" xlink:arcrole="http://xbrl.org/arcrole/2008/variable-set-precondition" xlink:from="loc_dnb-crd_v8000_s" xlink:to="findPrec_7" />
    <variable:precondition xlink:type="resource" xlink:label="findPrec_8" test="$find:tF_00.02" />
    <link:loc xlink:type="locator" xlink:href="../val/vr-v8001_m.xml#dnb-crd_v8001_m" xlink:label="loc_dnb-crd_v8001_m" />
    <gen:arc xlink:type="arc" xlink:arcrole="http://xbrl.org/arcrole/2008/variable-set-precondition" xlink:from="loc_dnb-crd_v8001_m" xlink:to="findPrec_8" />
    <link:loc xlink:type="locator" xlink:href="../val/vr-v8002_m.xml#dnb-crd_v8002_m" xlink:label="loc_dnb-crd_v8002_m" />
    <gen:arc xlink:type="arc" xlink:arcrole="http://xbrl.org/arcrole/2008/variable-set-precondition" xlink:from="loc_dnb-crd_v8002_m" xlink:to="findPrec_8" />
    <variable:precondition xlink:type="resource" xlink:label="findPrec_9" test="$find:tF_00.03" />
    <link:loc xlink:type="locator" xlink:href="../val/vr-v8003_m.xml#dnb-crd_v8003_m" xlink:label="loc_dnb-crd_v8003_m" />
    <gen:arc xlink:type="arc" xlink:arcrole="http://xbrl.org/arcrole/2008/variable-set-precondition" xlink:from="loc_dnb-crd_v8003_m" xlink:to="findPrec_9" />
    <link:loc xlink:type="locator" xlink:href="../val/vr-v8004_m.xml#dnb-crd_v8004_m" xlink:label="loc_dnb-crd_v8004_m" />
    <gen:arc xlink:type="arc" xlink:arcrole="http://xbrl.org/arcrole/2008/variable-set-precondition" xlink:from="loc_dnb-crd_v8004_m" xlink:to="findPrec_9" />
    <variable:precondition xlink:type="resource" xlink:label="findPrec_10" test="$find:tF_01.03 and $find:tF_01.01" />
    <link:loc xlink:type="locator" xlink:href="../val/vr-v0783_m.xml#dnb-crd_v0783_m" xlink:label="loc_dnb-crd_v0783_m" />
    <gen:arc xlink:type="arc" xlink:arcrole="http://xbrl.org/arcrole/2008/variable-set-precondition" xlink:from="loc_dnb-crd_v0783_m" xlink:to="findPrec_10" />
    <variable:precondition xlink:type="resource" xlink:label="findPrec_11" test="$find:tF_31.01 and $find:tF_01.01" />
    <link:loc xlink:type="locator" xlink:href="../val/vr-v1026_m.xml#dnb-crd_v1026_m" xlink:label="loc_dnb-crd_v1026_m" />
    <gen:arc xlink:type="arc" xlink:arcrole="http://xbrl.org/arcrole/2008/variable-set-precondition" xlink:from="loc_dnb-crd_v1026_m" xlink:to="findPrec_11" />
    <link:loc xlink:type="locator" xlink:href="../val/vr-v1028_m.xml#dnb-crd_v1028_m" xlink:label="loc_dnb-crd_v1028_m" />
    <gen:arc xlink:type="arc" xlink:arcrole="http://xbrl.org/arcrole/2008/variable-set-precondition" xlink:from="loc_dnb-crd_v1028_m" xlink:to="findPrec_11" />
    <link:loc xlink:type="locator" xlink:href="../val/vr-v1029_m.xml#dnb-crd_v1029_m" xlink:label="loc_dnb-crd_v1029_m" />
    <gen:arc xlink:type="arc" xlink:arcrole="http://xbrl.org/arcrole/2008/variable-set-precondition" xlink:from="loc_dnb-crd_v1029_m" xlink:to="findPrec_11" />
    <variable:precondition xlink:type="resource" xlink:label="findPrec_12" test="$find:tF_22.09" />
    <link:loc xlink:type="locator" xlink:href="../val/vr-v8032_s.xml#dnb-crd_v8032_s" xlink:label="loc_dnb-crd_v8032_s" />
    <gen:arc xlink:type="arc" xlink:arcrole="http://xbrl.org/arcrole/2008/variable-set-precondition" xlink:from="loc_dnb-crd_v8032_s" xlink:to="findPrec_12" />
    <link:loc xlink:type="locator" xlink:href="../val/vr-v8033_m.xml#dnb-crd_v8033_m" xlink:label="loc_dnb-crd_v8033_m" />
    <gen:arc xlink:type="arc" xlink:arcrole="http://xbrl.org/arcrole/2008/variable-set-precondition" xlink:from="loc_dnb-crd_v8033_m" xlink:to="findPrec_12" />
    <link:loc xlink:type="locator" xlink:href="../val/vr-v8034_m.xml#dnb-crd_v8034_m" xlink:label="loc_dnb-crd_v8034_m" />
    <gen:arc xlink:type="arc" xlink:arcrole="http://xbrl.org/arcrole/2008/variable-set-precondition" xlink:from="loc_dnb-crd_v8034_m" xlink:to="findPrec_12" />
    <link:loc xlink:type="locator" xlink:href="../val/vr-v8035_m.xml#dnb-crd_v8035_m" xlink:label="loc_dnb-crd_v8035_m" />
    <gen:arc xlink:type="arc" xlink:arcrole="http://xbrl.org/arcrole/2008/variable-set-precondition" xlink:from="loc_dnb-crd_v8035_m" xlink:to="findPrec_12" />
    <link:loc xlink:type="locator" xlink:href="../val/vr-v8036_m.xml#dnb-crd_v8036_m" xlink:label="loc_dnb-crd_v8036_m" />
    <gen:arc xlink:type="arc" xlink:arcrole="http://xbrl.org/arcrole/2008/variable-set-precondition" xlink:from="loc_dnb-crd_v8036_m" xlink:to="findPrec_12" />
    <variable:precondition xlink:type="resource" xlink:label="findPrec_13" test="$find:tF_31.01 or $find:tF_31.02" />
    <link:loc xlink:type="locator" xlink:href="../val/vr-v8037_m.xml#dnb-crd_v8037_m" xlink:label="loc_dnb-crd_v8037_m" />
    <gen:arc xlink:type="arc" xlink:arcrole="http://xbrl.org/arcrole/2008/variable-set-precondition" xlink:from="loc_dnb-crd_v8037_m" xlink:to="findPrec_13" />
    <variable:precondition xlink:type="resource" xlink:label="findPrec_14" test="$find:tF_31.01" />
    <link:loc xlink:type="locator" xlink:href="../val/vr-v1024_m.xml#dnb-crd_v1024_m" xlink:label="loc_dnb-crd_v1024_m" />
    <gen:arc xlink:type="arc" xlink:arcrole="http://xbrl.org/arcrole/2008/variable-set-precondition" xlink:from="loc_dnb-crd_v1024_m" xlink:to="findPrec_14" />
    <link:loc xlink:type="locator" xlink:href="../val/vr-v1992_h.xml#dnb-crd_v1992_h" xlink:label="loc_dnb-crd_v1992_h" />
    <gen:arc xlink:type="arc" xlink:arcrole="http://xbrl.org/arcrole/2008/variable-set-precondition" xlink:from="loc_dnb-crd_v1992_h" xlink:to="findPrec_14" />
    <link:loc xlink:type="locator" xlink:href="../val/vr-v1021_m.xml#dnb-crd_v1021_m" xlink:label="loc_dnb-crd_v1021_m" />
    <gen:arc xlink:type="arc" xlink:arcrole="http://xbrl.org/arcrole/2008/variable-set-precondition" xlink:from="loc_dnb-crd_v1021_m" xlink:to="findPrec_14" />
    <link:loc xlink:type="locator" xlink:href="../val/vr-v1022_m.xml#dnb-crd_v1022_m" xlink:label="loc_dnb-crd_v1022_m" />
    <gen:arc xlink:type="arc" xlink:arcrole="http://xbrl.org/arcrole/2008/variable-set-precondition" xlink:from="loc_dnb-crd_v1022_m" xlink:to="findPrec_14" />
    <link:loc xlink:type="locator" xlink:href="../val/vr-v3974_s.xml#dnb-crd_v3974_s" xlink:label="loc_dnb-crd_v3974_s" />
    <gen:arc xlink:type="arc" xlink:arcrole="http://xbrl.org/arcrole/2008/variable-set-precondition" xlink:from="loc_dnb-crd_v3974_s" xlink:to="findPrec_14" />
    <variable:precondition xlink:type="resource" xlink:label="findPrec_15" test="$find:tF_31.02" />
    <link:loc xlink:type="locator" xlink:href="../val/vr-v3975_s.xml#dnb-crd_v3975_s" xlink:label="loc_dnb-crd_v3975_s" />
    <gen:arc xlink:type="arc" xlink:arcrole="http://xbrl.org/arcrole/2008/variable-set-precondition" xlink:from="loc_dnb-crd_v3975_s" xlink:to="findPrec_15" />
    <variable:precondition xlink:type="resource" xlink:label="findPrec_16" test="$find:tF_01.02 or $find:tF_01.09" />
    <link:loc xlink:type="locator" xlink:href="../val/vr-v3898_s.xml#dnb-crd_v3898_s" xlink:label="loc_dnb-crd_v3898_s" />
    <gen:arc xlink:type="arc" xlink:arcrole="http://xbrl.org/arcrole/2008/variable-set-precondition" xlink:from="loc_dnb-crd_v3898_s" xlink:to="findPrec_16" />
    <variable:precondition xlink:type="resource" xlink:label="findPrec_17" test="$find:tF_01.02" />
    <link:loc xlink:type="locator" xlink:href="../val/vr-v0127_h.xml#dnb-crd_v0127_h" xlink:label="loc_dnb-crd_v0127_h" />
    <gen:arc xlink:type="arc" xlink:arcrole="http://xbrl.org/arcrole/2008/variable-set-precondition" xlink:from="loc_dnb-crd_v0127_h" xlink:to="findPrec_17" />
    <link:loc xlink:type="locator" xlink:href="../val/vr-v0770_m.xml#dnb-crd_v0770_m" xlink:label="loc_dnb-crd_v0770_m" />
    <gen:arc xlink:type="arc" xlink:arcrole="http://xbrl.org/arcrole/2008/variable-set-precondition" xlink:from="loc_dnb-crd_v0770_m" xlink:to="findPrec_17" />
    <link:loc xlink:type="locator" xlink:href="../val/vr-v0771_m.xml#dnb-crd_v0771_m" xlink:label="loc_dnb-crd_v0771_m" />
    <gen:arc xlink:type="arc" xlink:arcrole="http://xbrl.org/arcrole/2008/variable-set-precondition" xlink:from="loc_dnb-crd_v0771_m" xlink:to="findPrec_17" />
    <link:loc xlink:type="locator" xlink:href="../val/vr-v1698_m.xml#dnb-crd_v1698_m" xlink:label="loc_dnb-crd_v1698_m" />
    <gen:arc xlink:type="arc" xlink:arcrole="http://xbrl.org/arcrole/2008/variable-set-precondition" xlink:from="loc_dnb-crd_v1698_m" xlink:to="findPrec_17" />
    <link:loc xlink:type="locator" xlink:href="../val/vr-v4210_h.xml#dnb-crd_v4210_h" xlink:label="loc_dnb-crd_v4210_h" />
    <gen:arc xlink:type="arc" xlink:arcrole="http://xbrl.org/arcrole/2008/variable-set-precondition" xlink:from="loc_dnb-crd_v4210_h" xlink:to="findPrec_17" />
    <link:loc xlink:type="locator" xlink:href="../val/vr-v0772_m.xml#dnb-crd_v0772_m" xlink:label="loc_dnb-crd_v0772_m" />
    <gen:arc xlink:type="arc" xlink:arcrole="http://xbrl.org/arcrole/2008/variable-set-precondition" xlink:from="loc_dnb-crd_v0772_m" xlink:to="findPrec_17" />
    <link:loc xlink:type="locator" xlink:href="../val/vr-v8014_m.xml#dnb-crd_v8014_m" xlink:label="loc_dnb-crd_v8014_m" />
    <gen:arc xlink:type="arc" xlink:arcrole="http://xbrl.org/arcrole/2008/variable-set-precondition" xlink:from="loc_dnb-crd_v8014_m" xlink:to="findPrec_17" />
    <link:loc xlink:type="locator" xlink:href="../val/vr-v8015_m.xml#dnb-crd_v8015_m" xlink:label="loc_dnb-crd_v8015_m" />
    <gen:arc xlink:type="arc" xlink:arcrole="http://xbrl.org/arcrole/2008/variable-set-precondition" xlink:from="loc_dnb-crd_v8015_m" xlink:to="findPrec_17" />
    <link:loc xlink:type="locator" xlink:href="../val/vr-v8016_m.xml#dnb-crd_v8016_m" xlink:label="loc_dnb-crd_v8016_m" />
    <gen:arc xlink:type="arc" xlink:arcrole="http://xbrl.org/arcrole/2008/variable-set-precondition" xlink:from="loc_dnb-crd_v8016_m" xlink:to="findPrec_17" />
    <link:loc xlink:type="locator" xlink:href="../val/vr-v8017_m.xml#dnb-crd_v8017_m" xlink:label="loc_dnb-crd_v8017_m" />
    <gen:arc xlink:type="arc" xlink:arcrole="http://xbrl.org/arcrole/2008/variable-set-precondition" xlink:from="loc_dnb-crd_v8017_m" xlink:to="findPrec_17" />
    <link:loc xlink:type="locator" xlink:href="../val/vr-v8018_m.xml#dnb-crd_v8018_m" xlink:label="loc_dnb-crd_v8018_m" />
    <gen:arc xlink:type="arc" xlink:arcrole="http://xbrl.org/arcrole/2008/variable-set-precondition" xlink:from="loc_dnb-crd_v8018_m" xlink:to="findPrec_17" />
    <link:loc xlink:type="locator" xlink:href="../val/vr-v8019_s.xml#dnb-crd_v8019_s" xlink:label="loc_dnb-crd_v8019_s" />
    <gen:arc xlink:type="arc" xlink:arcrole="http://xbrl.org/arcrole/2008/variable-set-precondition" xlink:from="loc_dnb-crd_v8019_s" xlink:to="findPrec_17" />
    <variable:precondition xlink:type="resource" xlink:label="findPrec_18" test="$find:tF_01.03 and $find:tF_01.02" />
    <link:loc xlink:type="locator" xlink:href="../val/vr-v0775_m.xml#dnb-crd_v0775_m" xlink:label="loc_dnb-crd_v0775_m" />
    <gen:arc xlink:type="arc" xlink:arcrole="http://xbrl.org/arcrole/2008/variable-set-precondition" xlink:from="loc_dnb-crd_v0775_m" xlink:to="findPrec_18" />
    <link:loc xlink:type="locator" xlink:href="../val/vr-v0785_m.xml#dnb-crd_v0785_m" xlink:label="loc_dnb-crd_v0785_m" />
    <gen:arc xlink:type="arc" xlink:arcrole="http://xbrl.org/arcrole/2008/variable-set-precondition" xlink:from="loc_dnb-crd_v0785_m" xlink:to="findPrec_18" />
    <variable:precondition xlink:type="resource" xlink:label="findPrec_19" test="$find:tF_31.01 and $find:tF_01.02" />
    <link:loc xlink:type="locator" xlink:href="../val/vr-v1027_m.xml#dnb-crd_v1027_m" xlink:label="loc_dnb-crd_v1027_m" />
    <gen:arc xlink:type="arc" xlink:arcrole="http://xbrl.org/arcrole/2008/variable-set-precondition" xlink:from="loc_dnb-crd_v1027_m" xlink:to="findPrec_19" />
    <variable:precondition xlink:type="resource" xlink:label="findPrec_20" test="$find:tF_01.03" />
    <link:loc xlink:type="locator" xlink:href="../val/vr-v0057_h.xml#dnb-crd_v0057_h" xlink:label="loc_dnb-crd_v0057_h" />
    <gen:arc xlink:type="arc" xlink:arcrole="http://xbrl.org/arcrole/2008/variable-set-precondition" xlink:from="loc_dnb-crd_v0057_h" xlink:to="findPrec_20" />
    <link:loc xlink:type="locator" xlink:href="../val/vr-v0058_h.xml#dnb-crd_v0058_h" xlink:label="loc_dnb-crd_v0058_h" />
    <gen:arc xlink:type="arc" xlink:arcrole="http://xbrl.org/arcrole/2008/variable-set-precondition" xlink:from="loc_dnb-crd_v0058_h" xlink:to="findPrec_20" />
    <link:loc xlink:type="locator" xlink:href="../val/vr-v0059_h.xml#dnb-crd_v0059_h" xlink:label="loc_dnb-crd_v0059_h" />
    <gen:arc xlink:type="arc" xlink:arcrole="http://xbrl.org/arcrole/2008/variable-set-precondition" xlink:from="loc_dnb-crd_v0059_h" xlink:to="findPrec_20" />
    <link:loc xlink:type="locator" xlink:href="../val/vr-v0129_h.xml#dnb-crd_v0129_h" xlink:label="loc_dnb-crd_v0129_h" />
    <gen:arc xlink:type="arc" xlink:arcrole="http://xbrl.org/arcrole/2008/variable-set-precondition" xlink:from="loc_dnb-crd_v0129_h" xlink:to="findPrec_20" />
    <link:loc xlink:type="locator" xlink:href="../val/vr-v0130_h.xml#dnb-crd_v0130_h" xlink:label="loc_dnb-crd_v0130_h" />
    <gen:arc xlink:type="arc" xlink:arcrole="http://xbrl.org/arcrole/2008/variable-set-precondition" xlink:from="loc_dnb-crd_v0130_h" xlink:to="findPrec_20" />
    <link:loc xlink:type="locator" xlink:href="../val/vr-v0145_h.xml#dnb-crd_v0145_h" xlink:label="loc_dnb-crd_v0145_h" />
    <gen:arc xlink:type="arc" xlink:arcrole="http://xbrl.org/arcrole/2008/variable-set-precondition" xlink:from="loc_dnb-crd_v0145_h" xlink:to="findPrec_20" />
    <link:loc xlink:type="locator" xlink:href="../val/vr-v0779_m.xml#dnb-crd_v0779_m" xlink:label="loc_dnb-crd_v0779_m" />
    <gen:arc xlink:type="arc" xlink:arcrole="http://xbrl.org/arcrole/2008/variable-set-precondition" xlink:from="loc_dnb-crd_v0779_m" xlink:to="findPrec_20" />
    <link:loc xlink:type="locator" xlink:href="../val/vr-v0780_m.xml#dnb-crd_v0780_m" xlink:label="loc_dnb-crd_v0780_m" />
    <gen:arc xlink:type="arc" xlink:arcrole="http://xbrl.org/arcrole/2008/variable-set-precondition" xlink:from="loc_dnb-crd_v0780_m" xlink:to="findPrec_20" />
    <link:loc xlink:type="locator" xlink:href="../val/vr-v1920_h.xml#dnb-crd_v1920_h" xlink:label="loc_dnb-crd_v1920_h" />
    <gen:arc xlink:type="arc" xlink:arcrole="http://xbrl.org/arcrole/2008/variable-set-precondition" xlink:from="loc_dnb-crd_v1920_h" xlink:to="findPrec_20" />
    <link:loc xlink:type="locator" xlink:href="../val/vr-v1921_h.xml#dnb-crd_v1921_h" xlink:label="loc_dnb-crd_v1921_h" />
    <gen:arc xlink:type="arc" xlink:arcrole="http://xbrl.org/arcrole/2008/variable-set-precondition" xlink:from="loc_dnb-crd_v1921_h" xlink:to="findPrec_20" />
    <link:loc xlink:type="locator" xlink:href="../val/vr-v2060_s.xml#dnb-crd_v2060_s" xlink:label="loc_dnb-crd_v2060_s" />
    <gen:arc xlink:type="arc" xlink:arcrole="http://xbrl.org/arcrole/2008/variable-set-precondition" xlink:from="loc_dnb-crd_v2060_s" xlink:to="findPrec_20" />
    <link:loc xlink:type="locator" xlink:href="../val/vr-v3899_s.xml#dnb-crd_v3899_s" xlink:label="loc_dnb-crd_v3899_s" />
    <gen:arc xlink:type="arc" xlink:arcrole="http://xbrl.org/arcrole/2008/variable-set-precondition" xlink:from="loc_dnb-crd_v3899_s" xlink:to="findPrec_20" />
    <link:loc xlink:type="locator" xlink:href="../val/vr-v8020_m.xml#dnb-crd_v8020_m" xlink:label="loc_dnb-crd_v8020_m" />
    <gen:arc xlink:type="arc" xlink:arcrole="http://xbrl.org/arcrole/2008/variable-set-precondition" xlink:from="loc_dnb-crd_v8020_m" xlink:to="findPrec_20" />
    <link:loc xlink:type="locator" xlink:href="../val/vr-v8021_m.xml#dnb-crd_v8021_m" xlink:label="loc_dnb-crd_v8021_m" />
    <gen:arc xlink:type="arc" xlink:arcrole="http://xbrl.org/arcrole/2008/variable-set-precondition" xlink:from="loc_dnb-crd_v8021_m" xlink:to="findPrec_20" />
    <link:loc xlink:type="locator" xlink:href="../val/vr-v8022_s.xml#dnb-crd_v8022_s" xlink:label="loc_dnb-crd_v8022_s" />
    <gen:arc xlink:type="arc" xlink:arcrole="http://xbrl.org/arcrole/2008/variable-set-precondition" xlink:from="loc_dnb-crd_v8022_s" xlink:to="findPrec_20" />
    <link:loc xlink:type="locator" xlink:href="../val/vr-v8023_m.xml#dnb-crd_v8023_m" xlink:label="loc_dnb-crd_v8023_m" />
    <gen:arc xlink:type="arc" xlink:arcrole="http://xbrl.org/arcrole/2008/variable-set-precondition" xlink:from="loc_dnb-crd_v8023_m" xlink:to="findPrec_20" />
    <link:loc xlink:type="locator" xlink:href="../val/vr-v8024_m.xml#dnb-crd_v8024_m" xlink:label="loc_dnb-crd_v8024_m" />
    <gen:arc xlink:type="arc" xlink:arcrole="http://xbrl.org/arcrole/2008/variable-set-precondition" xlink:from="loc_dnb-crd_v8024_m" xlink:to="findPrec_20" />
    <link:loc xlink:type="locator" xlink:href="../val/vr-v8055_m.xml#dnb-crd_v8055_m" xlink:label="loc_dnb-crd_v8055_m" />
    <gen:arc xlink:type="arc" xlink:arcrole="http://xbrl.org/arcrole/2008/variable-set-precondition" xlink:from="loc_dnb-crd_v8055_m" xlink:to="findPrec_20" />
    <link:loc xlink:type="locator" xlink:href="../val/vr-v8056_s.xml#dnb-crd_v8056_s" xlink:label="loc_dnb-crd_v8056_s" />
    <gen:arc xlink:type="arc" xlink:arcrole="http://xbrl.org/arcrole/2008/variable-set-precondition" xlink:from="loc_dnb-crd_v8056_s" xlink:to="findPrec_20" />
    <variable:precondition xlink:type="resource" xlink:label="findPrec_21" test="$find:tF_01.03 and $find:tF_02.00" />
    <link:loc xlink:type="locator" xlink:href="../val/vr-v0786_m.xml#dnb-crd_v0786_m" xlink:label="loc_dnb-crd_v0786_m" />
    <gen:arc xlink:type="arc" xlink:arcrole="http://xbrl.org/arcrole/2008/variable-set-precondition" xlink:from="loc_dnb-crd_v0786_m" xlink:to="findPrec_21" />
    <variable:precondition xlink:type="resource" xlink:label="findPrec_22" test="$find:tF_01.01 or $find:tF_01.09" />
    <link:loc xlink:type="locator" xlink:href="../val/vr-v3897_s.xml#dnb-crd_v3897_s" xlink:label="loc_dnb-crd_v3897_s" />
    <gen:arc xlink:type="arc" xlink:arcrole="http://xbrl.org/arcrole/2008/variable-set-precondition" xlink:from="loc_dnb-crd_v3897_s" xlink:to="findPrec_22" />
    <variable:precondition xlink:type="resource" xlink:label="findPrec_23" test="$find:tF_01.01" />
    <link:loc xlink:type="locator" xlink:href="../val/vr-v0050_h.xml#dnb-crd_v0050_h" xlink:label="loc_dnb-crd_v0050_h" />
    <gen:arc xlink:type="arc" xlink:arcrole="http://xbrl.org/arcrole/2008/variable-set-precondition" xlink:from="loc_dnb-crd_v0050_h" xlink:to="findPrec_23" />
    <link:loc xlink:type="locator" xlink:href="../val/vr-v0052_h.xml#dnb-crd_v0052_h" xlink:label="loc_dnb-crd_v0052_h" />
    <gen:arc xlink:type="arc" xlink:arcrole="http://xbrl.org/arcrole/2008/variable-set-precondition" xlink:from="loc_dnb-crd_v0052_h" xlink:to="findPrec_23" />
    <link:loc xlink:type="locator" xlink:href="../val/vr-v0067_h.xml#dnb-crd_v0067_h" xlink:label="loc_dnb-crd_v0067_h" />
    <gen:arc xlink:type="arc" xlink:arcrole="http://xbrl.org/arcrole/2008/variable-set-precondition" xlink:from="loc_dnb-crd_v0067_h" xlink:to="findPrec_23" />
    <link:loc xlink:type="locator" xlink:href="../val/vr-v0763_m.xml#dnb-crd_v0763_m" xlink:label="loc_dnb-crd_v0763_m" />
    <gen:arc xlink:type="arc" xlink:arcrole="http://xbrl.org/arcrole/2008/variable-set-precondition" xlink:from="loc_dnb-crd_v0763_m" xlink:to="findPrec_23" />
    <link:loc xlink:type="locator" xlink:href="../val/vr-v0764_m.xml#dnb-crd_v0764_m" xlink:label="loc_dnb-crd_v0764_m" />
    <gen:arc xlink:type="arc" xlink:arcrole="http://xbrl.org/arcrole/2008/variable-set-precondition" xlink:from="loc_dnb-crd_v0764_m" xlink:to="findPrec_23" />
    <link:loc xlink:type="locator" xlink:href="../val/vr-v0765_m.xml#dnb-crd_v0765_m" xlink:label="loc_dnb-crd_v0765_m" />
    <gen:arc xlink:type="arc" xlink:arcrole="http://xbrl.org/arcrole/2008/variable-set-precondition" xlink:from="loc_dnb-crd_v0765_m" xlink:to="findPrec_23" />
    <link:loc xlink:type="locator" xlink:href="../val/vr-v0767_m.xml#dnb-crd_v0767_m" xlink:label="loc_dnb-crd_v0767_m" />
    <gen:arc xlink:type="arc" xlink:arcrole="http://xbrl.org/arcrole/2008/variable-set-precondition" xlink:from="loc_dnb-crd_v0767_m" xlink:to="findPrec_23" />
    <link:loc xlink:type="locator" xlink:href="../val/vr-v0768_m.xml#dnb-crd_v0768_m" xlink:label="loc_dnb-crd_v0768_m" />
    <gen:arc xlink:type="arc" xlink:arcrole="http://xbrl.org/arcrole/2008/variable-set-precondition" xlink:from="loc_dnb-crd_v0768_m" xlink:to="findPrec_23" />
    <link:loc xlink:type="locator" xlink:href="../val/vr-v0069_h.xml#dnb-crd_v0069_h" xlink:label="loc_dnb-crd_v0069_h" />
    <gen:arc xlink:type="arc" xlink:arcrole="http://xbrl.org/arcrole/2008/variable-set-precondition" xlink:from="loc_dnb-crd_v0069_h" xlink:to="findPrec_23" />
    <link:loc xlink:type="locator" xlink:href="../val/vr-v0071_h.xml#dnb-crd_v0071_h" xlink:label="loc_dnb-crd_v0071_h" />
    <gen:arc xlink:type="arc" xlink:arcrole="http://xbrl.org/arcrole/2008/variable-set-precondition" xlink:from="loc_dnb-crd_v0071_h" xlink:to="findPrec_23" />
    <link:loc xlink:type="locator" xlink:href="../val/vr-v1694_m.xml#dnb-crd_v1694_m" xlink:label="loc_dnb-crd_v1694_m" />
    <gen:arc xlink:type="arc" xlink:arcrole="http://xbrl.org/arcrole/2008/variable-set-precondition" xlink:from="loc_dnb-crd_v1694_m" xlink:to="findPrec_23" />
    <link:loc xlink:type="locator" xlink:href="../val/vr-v1695_m.xml#dnb-crd_v1695_m" xlink:label="loc_dnb-crd_v1695_m" />
    <gen:arc xlink:type="arc" xlink:arcrole="http://xbrl.org/arcrole/2008/variable-set-precondition" xlink:from="loc_dnb-crd_v1695_m" xlink:to="findPrec_23" />
    <link:loc xlink:type="locator" xlink:href="../val/vr-v1696_m.xml#dnb-crd_v1696_m" xlink:label="loc_dnb-crd_v1696_m" />
    <gen:arc xlink:type="arc" xlink:arcrole="http://xbrl.org/arcrole/2008/variable-set-precondition" xlink:from="loc_dnb-crd_v1696_m" xlink:to="findPrec_23" />
    <link:loc xlink:type="locator" xlink:href="../val/vr-v1697_m.xml#dnb-crd_v1697_m" xlink:label="loc_dnb-crd_v1697_m" />
    <gen:arc xlink:type="arc" xlink:arcrole="http://xbrl.org/arcrole/2008/variable-set-precondition" xlink:from="loc_dnb-crd_v1697_m" xlink:to="findPrec_23" />
    <link:loc xlink:type="locator" xlink:href="../val/vr-v4030_m.xml#dnb-crd_v4030_m" xlink:label="loc_dnb-crd_v4030_m" />
    <gen:arc xlink:type="arc" xlink:arcrole="http://xbrl.org/arcrole/2008/variable-set-precondition" xlink:from="loc_dnb-crd_v4030_m" xlink:to="findPrec_23" />
    <link:loc xlink:type="locator" xlink:href="../val/vr-v8005_s.xml#dnb-crd_v8005_s" xlink:label="loc_dnb-crd_v8005_s" />
    <gen:arc xlink:type="arc" xlink:arcrole="http://xbrl.org/arcrole/2008/variable-set-precondition" xlink:from="loc_dnb-crd_v8005_s" xlink:to="findPrec_23" />
    <link:loc xlink:type="locator" xlink:href="../val/vr-v8006_m.xml#dnb-crd_v8006_m" xlink:label="loc_dnb-crd_v8006_m" />
    <gen:arc xlink:type="arc" xlink:arcrole="http://xbrl.org/arcrole/2008/variable-set-precondition" xlink:from="loc_dnb-crd_v8006_m" xlink:to="findPrec_23" />
    <link:loc xlink:type="locator" xlink:href="../val/vr-v8007_m.xml#dnb-crd_v8007_m" xlink:label="loc_dnb-crd_v8007_m" />
    <gen:arc xlink:type="arc" xlink:arcrole="http://xbrl.org/arcrole/2008/variable-set-precondition" xlink:from="loc_dnb-crd_v8007_m" xlink:to="findPrec_23" />
    <link:loc xlink:type="locator" xlink:href="../val/vr-v8008_m.xml#dnb-crd_v8008_m" xlink:label="loc_dnb-crd_v8008_m" />
    <gen:arc xlink:type="arc" xlink:arcrole="http://xbrl.org/arcrole/2008/variable-set-precondition" xlink:from="loc_dnb-crd_v8008_m" xlink:to="findPrec_23" />
    <link:loc xlink:type="locator" xlink:href="../val/vr-v8009_m.xml#dnb-crd_v8009_m" xlink:label="loc_dnb-crd_v8009_m" />
    <gen:arc xlink:type="arc" xlink:arcrole="http://xbrl.org/arcrole/2008/variable-set-precondition" xlink:from="loc_dnb-crd_v8009_m" xlink:to="findPrec_23" />
    <link:loc xlink:type="locator" xlink:href="../val/vr-v8010_m.xml#dnb-crd_v8010_m" xlink:label="loc_dnb-crd_v8010_m" />
    <gen:arc xlink:type="arc" xlink:arcrole="http://xbrl.org/arcrole/2008/variable-set-precondition" xlink:from="loc_dnb-crd_v8010_m" xlink:to="findPrec_23" />
    <link:loc xlink:type="locator" xlink:href="../val/vr-v8011_m.xml#dnb-crd_v8011_m" xlink:label="loc_dnb-crd_v8011_m" />
    <gen:arc xlink:type="arc" xlink:arcrole="http://xbrl.org/arcrole/2008/variable-set-precondition" xlink:from="loc_dnb-crd_v8011_m" xlink:to="findPrec_23" />
    <link:loc xlink:type="locator" xlink:href="../val/vr-v8012_m.xml#dnb-crd_v8012_m" xlink:label="loc_dnb-crd_v8012_m" />
    <gen:arc xlink:type="arc" xlink:arcrole="http://xbrl.org/arcrole/2008/variable-set-precondition" xlink:from="loc_dnb-crd_v8012_m" xlink:to="findPrec_23" />
    <link:loc xlink:type="locator" xlink:href="../val/vr-v8013_m.xml#dnb-crd_v8013_m" xlink:label="loc_dnb-crd_v8013_m" />
    <gen:arc xlink:type="arc" xlink:arcrole="http://xbrl.org/arcrole/2008/variable-set-precondition" xlink:from="loc_dnb-crd_v8013_m" xlink:to="findPrec_23" />
    <variable:precondition xlink:type="resource" xlink:label="findPrec_24" test="$find:tF_01.09" />
    <link:loc xlink:type="locator" xlink:href="../val/vr-v8026_e.xml#dnb-crd_v8026_e" xlink:label="loc_dnb-crd_v8026_e" />
    <gen:arc xlink:type="arc" xlink:arcrole="http://xbrl.org/arcrole/2008/variable-set-precondition" xlink:from="loc_dnb-crd_v8026_e" xlink:to="findPrec_24" />
    <link:loc xlink:type="locator" xlink:href="../val/vr-v8027_m.xml#dnb-crd_v8027_m" xlink:label="loc_dnb-crd_v8027_m" />
    <gen:arc xlink:type="arc" xlink:arcrole="http://xbrl.org/arcrole/2008/variable-set-precondition" xlink:from="loc_dnb-crd_v8027_m" xlink:to="findPrec_24" />
    <link:loc xlink:type="locator" xlink:href="../val/vr-v8025_e.xml#dnb-crd_v8025_e" xlink:label="loc_dnb-crd_v8025_e" />
    <gen:arc xlink:type="arc" xlink:arcrole="http://xbrl.org/arcrole/2008/variable-set-precondition" xlink:from="loc_dnb-crd_v8025_e" xlink:to="findPrec_24" />
    <variable:precondition xlink:type="resource" xlink:label="findPrec_25" test="$find:tF_01.03 and $find:tF_01.02 and $find:tF_01.01" />
    <link:loc xlink:type="locator" xlink:href="../val/vr-v0784_m.xml#dnb-crd_v0784_m" xlink:label="loc_dnb-crd_v0784_m" />
    <gen:arc xlink:type="arc" xlink:arcrole="http://xbrl.org/arcrole/2008/variable-set-precondition" xlink:from="loc_dnb-crd_v0784_m" xlink:to="findPrec_25" />
  </gen:link>
</link:linkbase>