﻿<?xml version="1.0" encoding="utf-8"?>
<!--© DNB-->
<link:linkbase xmlns:xsi="http://www.w3.org/2001/XMLSchema-instance" xmlns:xlink="http://www.w3.org/1999/xlink" xmlns:link="http://www.xbrl.org/2003/linkbase" xmlns:gen="http://xbrl.org/2008/generic" xmlns:label="http://xbrl.org/2008/label" xsi:schemaLocation="http://www.xbrl.org/2003/linkbase http://www.xbrl.org/2003/xbrl-linkbase-2003-12-31.xsd http://xbrl.org/2008/generic http://www.xbrl.org/2008/generic-link.xsd http://xbrl.org/2008/label http://www.xbrl.org/2008/generic-label.xsd">
  <link:arcroleRef arcroleURI="http://xbrl.org/arcrole/2008/element-label" xlink:type="simple" xlink:href="http://www.xbrl.org/2008/generic-label.xsd#element-label" />
  <link:roleRef roleURI="http://www.xbrl.org/2008/role/label" xlink:type="simple" xlink:href="http://www.xbrl.org/2008/generic-label.xsd#standard-label" />
  <link:roleRef roleURI="http://www.xbrl.org/2008/role/verboseLabel" xlink:type="simple" xlink:href="http://www.xbrl.org/2008/generic-label.xsd#verbose-label" />
  <gen:link xlink:type="extended" xlink:role="http://www.xbrl.org/2003/role/link">
    <link:loc xlink:type="locator" xlink:href="f_70.00-rend.xml#dnb-crd_tF_70.00" xlink:label="loc_dnb-crd_tF_70.00" />
    <label:label xlink:type="resource" xlink:label="label_dnb-crd_tF_70.00" xml:lang="nl" xlink:role="http://www.xbrl.org/2008/role/label">F 70.00</label:label>
    <gen:arc xlink:type="arc" xlink:arcrole="http://xbrl.org/arcrole/2008/element-label" xlink:from="loc_dnb-crd_tF_70.00" xlink:to="label_dnb-crd_tF_70.00" />
    <label:label xlink:type="resource" xlink:label="label_dnb-crd_tF_70.00_1" xml:lang="nl" xlink:role="http://www.xbrl.org/2008/role/verboseLabel">F 70.00 Kapitaalseis op basis van de vastekosteneis (gebaseerd op Gedelegeerde Verordening (EU) 2015/488)</label:label>
    <gen:arc xlink:type="arc" xlink:arcrole="http://xbrl.org/arcrole/2008/element-label" xlink:from="loc_dnb-crd_tF_70.00" xlink:to="label_dnb-crd_tF_70.00_1" />
    <link:loc xlink:type="locator" xlink:href="f_70.00-rend.xml#dnb-crd_a1" xlink:label="loc_dnb-crd_a1" />
    <label:label xlink:type="resource" xlink:label="label_dnb-crd_a1" xml:lang="nl" xlink:role="http://www.xbrl.org/2008/role/label">Kolommen</label:label>
    <gen:arc xlink:type="arc" xlink:arcrole="http://xbrl.org/arcrole/2008/element-label" xlink:from="loc_dnb-crd_a1" xlink:to="label_dnb-crd_a1" />
    <link:loc xlink:type="locator" xlink:href="f_70.00-rend.xml#dnb-crd_c2" xlink:label="loc_dnb-crd_c2" />
    <label:label xlink:type="resource" xlink:label="label_dnb-crd_c2" xml:lang="nl" xlink:role="http://www.xbrl.org/2008/role/label">Lasten</label:label>
    <gen:arc xlink:type="arc" xlink:arcrole="http://xbrl.org/arcrole/2008/element-label" xlink:from="loc_dnb-crd_c2" xlink:to="label_dnb-crd_c2" />
    <link:loc xlink:type="locator" xlink:href="f_70.00-rend.xml#dnb-crd_a2" xlink:label="loc_dnb-crd_a2" />
    <label:label xlink:type="resource" xlink:label="label_dnb-crd_a2" xml:lang="nl" xlink:role="http://www.xbrl.org/2008/role/label">Rijen</label:label>
    <gen:arc xlink:type="arc" xlink:arcrole="http://xbrl.org/arcrole/2008/element-label" xlink:from="loc_dnb-crd_a2" xlink:to="label_dnb-crd_a2" />
    <link:loc xlink:type="locator" xlink:href="f_70.00-rend.xml#dnb-crd_c3" xlink:label="loc_dnb-crd_c3" />
    <label:label xlink:type="resource" xlink:label="label_dnb-crd_c3" xml:lang="nl" xlink:role="http://www.xbrl.org/2008/role/label">(Geverifieerde) totale lasten (over het vorige jaar) na uitkering van de winst aan de aandeelhouders</label:label>
    <gen:arc xlink:type="arc" xlink:arcrole="http://xbrl.org/arcrole/2008/element-label" xlink:from="loc_dnb-crd_c3" xlink:to="label_dnb-crd_c3" />
    <link:loc xlink:type="locator" xlink:href="f_70.00-rend.xml#dnb-crd_c4" xlink:label="loc_dnb-crd_c4" />
    <label:label xlink:type="resource" xlink:label="label_dnb-crd_c4" xml:lang="nl" xlink:role="http://www.xbrl.org/2008/role/label">Trek de volgende bedragen af van de totale lasten</label:label>
    <gen:arc xlink:type="arc" xlink:arcrole="http://xbrl.org/arcrole/2008/element-label" xlink:from="loc_dnb-crd_c4" xlink:to="label_dnb-crd_c4" />
    <link:loc xlink:type="locator" xlink:href="f_70.00-rend.xml#dnb-crd_c5" xlink:label="loc_dnb-crd_c5" />
    <label:label xlink:type="resource" xlink:label="label_dnb-crd_c5" xml:lang="nl" xlink:role="http://www.xbrl.org/2008/role/label">a) volledig  discretionair  vast  te  stellen  bonus  voor  de  medewerkers</label:label>
    <gen:arc xlink:type="arc" xlink:arcrole="http://xbrl.org/arcrole/2008/element-label" xlink:from="loc_dnb-crd_c5" xlink:to="label_dnb-crd_c5" />
    <link:loc xlink:type="locator" xlink:href="f_70.00-rend.xml#dnb-crd_c6" xlink:label="loc_dnb-crd_c6" />
    <label:label xlink:type="resource" xlink:label="label_dnb-crd_c6" xml:lang="nl" xlink:role="http://www.xbrl.org/2008/role/label">b) volledig  discretionair  vast  te  stellen  aandeel  in  de  winst  van  werknemers,  bestuurders  en  partners</label:label>
    <gen:arc xlink:type="arc" xlink:arcrole="http://xbrl.org/arcrole/2008/element-label" xlink:from="loc_dnb-crd_c6" xlink:to="label_dnb-crd_c6" />
    <link:loc xlink:type="locator" xlink:href="f_70.00-rend.xml#dnb-crd_c7" xlink:label="loc_dnb-crd_c7" />
    <label:label xlink:type="resource" xlink:label="label_dnb-crd_c7" xml:lang="nl" xlink:role="http://www.xbrl.org/2008/role/label">c) andere  toekenningen  van  winst  en  andere  variabele  beloningen  die  volledig  discretionair  worden  vastgesteld</label:label>
    <gen:arc xlink:type="arc" xlink:arcrole="http://xbrl.org/arcrole/2008/element-label" xlink:from="loc_dnb-crd_c7" xlink:to="label_dnb-crd_c7" />
    <link:loc xlink:type="locator" xlink:href="f_70.00-rend.xml#dnb-crd_c8" xlink:label="loc_dnb-crd_c8" />
    <label:label xlink:type="resource" xlink:label="label_dnb-crd_c8" xml:lang="nl" xlink:role="http://www.xbrl.org/2008/role/label">d) gedeelde te betalen vergoedings- en provisiebaten welke gerelateerd zijn aan te ontvangen vergoedings- en provisiebaten, opgenomen in totale opbrengsten en waar de betaling van de vergoedings- en provisiebaten afhankelijk is van de daadwerkelijke ontva</label:label>
    <gen:arc xlink:type="arc" xlink:arcrole="http://xbrl.org/arcrole/2008/element-label" xlink:from="loc_dnb-crd_c8" xlink:to="label_dnb-crd_c8" />
    <link:loc xlink:type="locator" xlink:href="f_70.00-rend.xml#dnb-crd_c9" xlink:label="loc_dnb-crd_c9" />
    <label:label xlink:type="resource" xlink:label="label_dnb-crd_c9" xml:lang="nl" xlink:role="http://www.xbrl.org/2008/role/label">e) provisies, courtages en overige vergoedingen aan clearinginstellingen, beursen en bemiddelende handelaren voor het uitvoeren, registreren of clearen van transacties</label:label>
    <gen:arc xlink:type="arc" xlink:arcrole="http://xbrl.org/arcrole/2008/element-label" xlink:from="loc_dnb-crd_c9" xlink:to="label_dnb-crd_c9" />
    <link:loc xlink:type="locator" xlink:href="f_70.00-rend.xml#dnb-crd_c10" xlink:label="loc_dnb-crd_c10" />
    <label:label xlink:type="resource" xlink:label="label_dnb-crd_c10" xml:lang="nl" xlink:role="http://www.xbrl.org/2008/role/label">f) provisies  aan  verbonden  agenten zoals gedefinieerd in punt 25 van artikel 4 van Richtsnoer 2004/39/EG, waar toepasselijk</label:label>
    <gen:arc xlink:type="arc" xlink:arcrole="http://xbrl.org/arcrole/2008/element-label" xlink:from="loc_dnb-crd_c10" xlink:to="label_dnb-crd_c10" />
    <link:loc xlink:type="locator" xlink:href="f_70.00-rend.xml#dnb-crd_c11" xlink:label="loc_dnb-crd_c11" />
    <label:label xlink:type="resource" xlink:label="label_dnb-crd_c11" xml:lang="nl" xlink:role="http://www.xbrl.org/2008/role/label">g) rentelasten op geld van cliënten</label:label>
    <gen:arc xlink:type="arc" xlink:arcrole="http://xbrl.org/arcrole/2008/element-label" xlink:from="loc_dnb-crd_c11" xlink:to="label_dnb-crd_c11" />
    <link:loc xlink:type="locator" xlink:href="f_70.00-rend.xml#dnb-crd_c12" xlink:label="loc_dnb-crd_c12" />
    <label:label xlink:type="resource" xlink:label="label_dnb-crd_c12" xml:lang="nl" xlink:role="http://www.xbrl.org/2008/role/label">h) eenmalige  kosten  uit  niet-reguliere  activiteiten</label:label>
    <gen:arc xlink:type="arc" xlink:arcrole="http://xbrl.org/arcrole/2008/element-label" xlink:from="loc_dnb-crd_c12" xlink:to="label_dnb-crd_c12" />
    <link:loc xlink:type="locator" xlink:href="f_70.00-rend.xml#dnb-crd_c13" xlink:label="loc_dnb-crd_c13" />
    <label:label xlink:type="resource" xlink:label="label_dnb-crd_c13" xml:lang="nl" xlink:role="http://www.xbrl.org/2008/role/label">Totaal  aftrekposten</label:label>
    <gen:arc xlink:type="arc" xlink:arcrole="http://xbrl.org/arcrole/2008/element-label" xlink:from="loc_dnb-crd_c13" xlink:to="label_dnb-crd_c13" />
    <link:loc xlink:type="locator" xlink:href="f_70.00-rend.xml#dnb-crd_c14" xlink:label="loc_dnb-crd_c14" />
    <label:label xlink:type="resource" xlink:label="label_dnb-crd_c14" xml:lang="nl" xlink:role="http://www.xbrl.org/2008/role/label">Vaste kosten over het voorgaande jaar</label:label>
    <gen:arc xlink:type="arc" xlink:arcrole="http://xbrl.org/arcrole/2008/element-label" xlink:from="loc_dnb-crd_c14" xlink:to="label_dnb-crd_c14" />
    <link:loc xlink:type="locator" xlink:href="f_70.00-rend.xml#dnb-crd_c15" xlink:label="loc_dnb-crd_c15" />
    <label:label xlink:type="resource" xlink:label="label_dnb-crd_c15" xml:lang="nl" xlink:role="http://www.xbrl.org/2008/role/label">Een kwart van de vaste kosten over het voorgaande jaar (25% van de vaste kosten over het voorgaande jaar)</label:label>
    <gen:arc xlink:type="arc" xlink:arcrole="http://xbrl.org/arcrole/2008/element-label" xlink:from="loc_dnb-crd_c15" xlink:to="label_dnb-crd_c15" />
  </gen:link>
</link:linkbase>