﻿<?xml version="1.0" encoding="utf-8"?>
<!--© DNB-->
<link:linkbase xmlns:xsi="http://www.w3.org/2001/XMLSchema-instance" xmlns:xlink="http://www.w3.org/1999/xlink" xmlns:link="http://www.xbrl.org/2003/linkbase" xmlns:gen="http://xbrl.org/2008/generic" xmlns:label="http://xbrl.org/2008/label" xsi:schemaLocation="http://www.xbrl.org/2003/linkbase http://www.xbrl.org/2003/xbrl-linkbase-2003-12-31.xsd http://xbrl.org/2008/generic http://www.xbrl.org/2008/generic-link.xsd http://xbrl.org/2008/label http://www.xbrl.org/2008/generic-label.xsd">
  <link:arcroleRef arcroleURI="http://xbrl.org/arcrole/2008/element-label" xlink:type="simple" xlink:href="http://www.xbrl.org/2008/generic-label.xsd#element-label" />
  <link:roleRef roleURI="http://www.xbrl.org/2008/role/label" xlink:type="simple" xlink:href="http://www.xbrl.org/2008/generic-label.xsd#standard-label" />
  <link:roleRef roleURI="http://www.xbrl.org/2008/role/verboseLabel" xlink:type="simple" xlink:href="http://www.xbrl.org/2008/generic-label.xsd#verbose-label" />
  <gen:link xlink:type="extended" xlink:role="http://www.xbrl.org/2003/role/link">
    <link:loc xlink:type="locator" xlink:href="f_22.01-rend.xml#dnb-crd_tF_22.01" xlink:label="loc_dnb-crd_tF_22.01" />
    <label:label xlink:type="resource" xlink:label="label_dnb-crd_tF_22.01" xml:lang="nl" xlink:role="http://www.xbrl.org/2008/role/label">F 22.01</label:label>
    <gen:arc xlink:type="arc" xlink:arcrole="http://xbrl.org/arcrole/2008/element-label" xlink:from="loc_dnb-crd_tF_22.01" xlink:to="label_dnb-crd_tF_22.01" />
    <label:label xlink:type="resource" xlink:label="label_dnb-crd_tF_22.01_1" xml:lang="nl" xlink:role="http://www.xbrl.org/2008/role/verboseLabel">F 22.01 Baten en lasten uit vergoedingen en provisies naar activiteit</label:label>
    <gen:arc xlink:type="arc" xlink:arcrole="http://xbrl.org/arcrole/2008/element-label" xlink:from="loc_dnb-crd_tF_22.01" xlink:to="label_dnb-crd_tF_22.01_1" />
    <link:loc xlink:type="locator" xlink:href="f_22.01-rend.xml#dnb-crd_a1" xlink:label="loc_dnb-crd_a1" />
    <label:label xlink:type="resource" xlink:label="label_dnb-crd_a1" xml:lang="nl" xlink:role="http://www.xbrl.org/2008/role/label">Kolommen</label:label>
    <gen:arc xlink:type="arc" xlink:arcrole="http://xbrl.org/arcrole/2008/element-label" xlink:from="loc_dnb-crd_a1" xlink:to="label_dnb-crd_a1" />
    <link:loc xlink:type="locator" xlink:href="f_22.01-rend.xml#dnb-crd_c33580" xlink:label="loc_dnb-crd_c33580" />
    <label:label xlink:type="resource" xlink:label="label_dnb-crd_c33580" xml:lang="nl" xlink:role="http://www.xbrl.org/2008/role/label">Baten en lasten in de lopende periode</label:label>
    <gen:arc xlink:type="arc" xlink:arcrole="http://xbrl.org/arcrole/2008/element-label" xlink:from="loc_dnb-crd_c33580" xlink:to="label_dnb-crd_c33580" />
    <link:loc xlink:type="locator" xlink:href="f_22.01-rend.xml#dnb-crd_a2" xlink:label="loc_dnb-crd_a2" />
    <label:label xlink:type="resource" xlink:label="label_dnb-crd_a2" xml:lang="nl" xlink:role="http://www.xbrl.org/2008/role/label">Rijen</label:label>
    <gen:arc xlink:type="arc" xlink:arcrole="http://xbrl.org/arcrole/2008/element-label" xlink:from="loc_dnb-crd_a2" xlink:to="label_dnb-crd_a2" />
    <link:loc xlink:type="locator" xlink:href="f_22.01-rend.xml#dnb-crd_c33581" xlink:label="loc_dnb-crd_c33581" />
    <label:label xlink:type="resource" xlink:label="label_dnb-crd_c33581" xml:lang="nl" xlink:role="http://www.xbrl.org/2008/role/label">Vergoedings- en provisiebaten</label:label>
    <gen:arc xlink:type="arc" xlink:arcrole="http://xbrl.org/arcrole/2008/element-label" xlink:from="loc_dnb-crd_c33581" xlink:to="label_dnb-crd_c33581" />
    <link:loc xlink:type="locator" xlink:href="f_22.01-rend.xml#dnb-crd_c33582" xlink:label="loc_dnb-crd_c33582" />
    <label:label xlink:type="resource" xlink:label="label_dnb-crd_c33582" xml:lang="nl" xlink:role="http://www.xbrl.org/2008/role/label">Effecten</label:label>
    <gen:arc xlink:type="arc" xlink:arcrole="http://xbrl.org/arcrole/2008/element-label" xlink:from="loc_dnb-crd_c33582" xlink:to="label_dnb-crd_c33582" />
    <link:loc xlink:type="locator" xlink:href="f_22.01-rend.xml#dnb-crd_c33583" xlink:label="loc_dnb-crd_c33583" />
    <label:label xlink:type="resource" xlink:label="label_dnb-crd_c33583" xml:lang="nl" xlink:role="http://www.xbrl.org/2008/role/label">Uitgiften</label:label>
    <gen:arc xlink:type="arc" xlink:arcrole="http://xbrl.org/arcrole/2008/element-label" xlink:from="loc_dnb-crd_c33583" xlink:to="label_dnb-crd_c33583" />
    <link:loc xlink:type="locator" xlink:href="f_22.01-rend.xml#dnb-crd_c33584" xlink:label="loc_dnb-crd_c33584" />
    <label:label xlink:type="resource" xlink:label="label_dnb-crd_c33584" xml:lang="nl" xlink:role="http://www.xbrl.org/2008/role/label">Overschrijvingen</label:label>
    <gen:arc xlink:type="arc" xlink:arcrole="http://xbrl.org/arcrole/2008/element-label" xlink:from="loc_dnb-crd_c33584" xlink:to="label_dnb-crd_c33584" />
    <link:loc xlink:type="locator" xlink:href="f_22.01-rend.xml#dnb-crd_c33585" xlink:label="loc_dnb-crd_c33585" />
    <label:label xlink:type="resource" xlink:label="label_dnb-crd_c33585" xml:lang="nl" xlink:role="http://www.xbrl.org/2008/role/label">Overige</label:label>
    <gen:arc xlink:type="arc" xlink:arcrole="http://xbrl.org/arcrole/2008/element-label" xlink:from="loc_dnb-crd_c33585" xlink:to="label_dnb-crd_c33585" />
    <link:loc xlink:type="locator" xlink:href="f_22.01-rend.xml#dnb-crd_c33586" xlink:label="loc_dnb-crd_c33586" />
    <label:label xlink:type="resource" xlink:label="label_dnb-crd_c33586" xml:lang="nl" xlink:role="http://www.xbrl.org/2008/role/label">Clearing en afwikkeling</label:label>
    <gen:arc xlink:type="arc" xlink:arcrole="http://xbrl.org/arcrole/2008/element-label" xlink:from="loc_dnb-crd_c33586" xlink:to="label_dnb-crd_c33586" />
    <link:loc xlink:type="locator" xlink:href="f_22.01-rend.xml#dnb-crd_c33587" xlink:label="loc_dnb-crd_c33587" />
    <label:label xlink:type="resource" xlink:label="label_dnb-crd_c33587" xml:lang="nl" xlink:role="http://www.xbrl.org/2008/role/label">Vermogensbeheer</label:label>
    <gen:arc xlink:type="arc" xlink:arcrole="http://xbrl.org/arcrole/2008/element-label" xlink:from="loc_dnb-crd_c33587" xlink:to="label_dnb-crd_c33587" />
    <link:loc xlink:type="locator" xlink:href="f_22.01-rend.xml#dnb-crd_c33588" xlink:label="loc_dnb-crd_c33588" />
    <label:label xlink:type="resource" xlink:label="label_dnb-crd_c33588" xml:lang="nl" xlink:role="http://www.xbrl.org/2008/role/label">Bewaarneming [naar soort klant]</label:label>
    <gen:arc xlink:type="arc" xlink:arcrole="http://xbrl.org/arcrole/2008/element-label" xlink:from="loc_dnb-crd_c33588" xlink:to="label_dnb-crd_c33588" />
    <link:loc xlink:type="locator" xlink:href="f_22.01-rend.xml#dnb-crd_c33589" xlink:label="loc_dnb-crd_c33589" />
    <label:label xlink:type="resource" xlink:label="label_dnb-crd_c33589" xml:lang="nl" xlink:role="http://www.xbrl.org/2008/role/label">Collectieve belegging</label:label>
    <gen:arc xlink:type="arc" xlink:arcrole="http://xbrl.org/arcrole/2008/element-label" xlink:from="loc_dnb-crd_c33589" xlink:to="label_dnb-crd_c33589" />
    <link:loc xlink:type="locator" xlink:href="f_22.01-rend.xml#dnb-crd_c33590" xlink:label="loc_dnb-crd_c33590" />
    <label:label xlink:type="resource" xlink:label="label_dnb-crd_c33590" xml:lang="nl" xlink:role="http://www.xbrl.org/2008/role/label">Overige</label:label>
    <gen:arc xlink:type="arc" xlink:arcrole="http://xbrl.org/arcrole/2008/element-label" xlink:from="loc_dnb-crd_c33590" xlink:to="label_dnb-crd_c33590" />
    <link:loc xlink:type="locator" xlink:href="f_22.01-rend.xml#dnb-crd_c33591" xlink:label="loc_dnb-crd_c33591" />
    <label:label xlink:type="resource" xlink:label="label_dnb-crd_c33591" xml:lang="nl" xlink:role="http://www.xbrl.org/2008/role/label">Centrale administratiediensten voor collectieve belegging</label:label>
    <gen:arc xlink:type="arc" xlink:arcrole="http://xbrl.org/arcrole/2008/element-label" xlink:from="loc_dnb-crd_c33591" xlink:to="label_dnb-crd_c33591" />
    <link:loc xlink:type="locator" xlink:href="f_22.01-rend.xml#dnb-crd_c33592" xlink:label="loc_dnb-crd_c33592" />
    <label:label xlink:type="resource" xlink:label="label_dnb-crd_c33592" xml:lang="nl" xlink:role="http://www.xbrl.org/2008/role/label">Fiduciaire transacties</label:label>
    <gen:arc xlink:type="arc" xlink:arcrole="http://xbrl.org/arcrole/2008/element-label" xlink:from="loc_dnb-crd_c33592" xlink:to="label_dnb-crd_c33592" />
    <link:loc xlink:type="locator" xlink:href="f_22.01-rend.xml#dnb-crd_c33593" xlink:label="loc_dnb-crd_c33593" />
    <label:label xlink:type="resource" xlink:label="label_dnb-crd_c33593" xml:lang="nl" xlink:role="http://www.xbrl.org/2008/role/label">Betalingsdiensten</label:label>
    <gen:arc xlink:type="arc" xlink:arcrole="http://xbrl.org/arcrole/2008/element-label" xlink:from="loc_dnb-crd_c33593" xlink:to="label_dnb-crd_c33593" />
    <link:loc xlink:type="locator" xlink:href="f_22.01-rend.xml#dnb-crd_c33594" xlink:label="loc_dnb-crd_c33594" />
    <label:label xlink:type="resource" xlink:label="label_dnb-crd_c33594" xml:lang="nl" xlink:role="http://www.xbrl.org/2008/role/label">Klantmiddelen die worden gedistribueerd maar niet beheerd [naar soort product]</label:label>
    <gen:arc xlink:type="arc" xlink:arcrole="http://xbrl.org/arcrole/2008/element-label" xlink:from="loc_dnb-crd_c33594" xlink:to="label_dnb-crd_c33594" />
    <link:loc xlink:type="locator" xlink:href="f_22.01-rend.xml#dnb-crd_c33595" xlink:label="loc_dnb-crd_c33595" />
    <label:label xlink:type="resource" xlink:label="label_dnb-crd_c33595" xml:lang="nl" xlink:role="http://www.xbrl.org/2008/role/label">Collectieve belegging</label:label>
    <gen:arc xlink:type="arc" xlink:arcrole="http://xbrl.org/arcrole/2008/element-label" xlink:from="loc_dnb-crd_c33595" xlink:to="label_dnb-crd_c33595" />
    <link:loc xlink:type="locator" xlink:href="f_22.01-rend.xml#dnb-crd_c33596" xlink:label="loc_dnb-crd_c33596" />
    <label:label xlink:type="resource" xlink:label="label_dnb-crd_c33596" xml:lang="nl" xlink:role="http://www.xbrl.org/2008/role/label">Verzekeringsproducten</label:label>
    <gen:arc xlink:type="arc" xlink:arcrole="http://xbrl.org/arcrole/2008/element-label" xlink:from="loc_dnb-crd_c33596" xlink:to="label_dnb-crd_c33596" />
    <link:loc xlink:type="locator" xlink:href="f_22.01-rend.xml#dnb-crd_c33597" xlink:label="loc_dnb-crd_c33597" />
    <label:label xlink:type="resource" xlink:label="label_dnb-crd_c33597" xml:lang="nl" xlink:role="http://www.xbrl.org/2008/role/label">Overige</label:label>
    <gen:arc xlink:type="arc" xlink:arcrole="http://xbrl.org/arcrole/2008/element-label" xlink:from="loc_dnb-crd_c33597" xlink:to="label_dnb-crd_c33597" />
    <link:loc xlink:type="locator" xlink:href="f_22.01-rend.xml#dnb-crd_c33598" xlink:label="loc_dnb-crd_c33598" />
    <label:label xlink:type="resource" xlink:label="label_dnb-crd_c33598" xml:lang="nl" xlink:role="http://www.xbrl.org/2008/role/label">Gestructureerde financieringen</label:label>
    <gen:arc xlink:type="arc" xlink:arcrole="http://xbrl.org/arcrole/2008/element-label" xlink:from="loc_dnb-crd_c33598" xlink:to="label_dnb-crd_c33598" />
    <link:loc xlink:type="locator" xlink:href="f_22.01-rend.xml#dnb-crd_c33599" xlink:label="loc_dnb-crd_c33599" />
    <label:label xlink:type="resource" xlink:label="label_dnb-crd_c33599" xml:lang="nl" xlink:role="http://www.xbrl.org/2008/role/label">Beheer van securitisatieactiviteiten</label:label>
    <gen:arc xlink:type="arc" xlink:arcrole="http://xbrl.org/arcrole/2008/element-label" xlink:from="loc_dnb-crd_c33599" xlink:to="label_dnb-crd_c33599" />
    <link:loc xlink:type="locator" xlink:href="f_22.01-rend.xml#dnb-crd_c33600" xlink:label="loc_dnb-crd_c33600" />
    <label:label xlink:type="resource" xlink:label="label_dnb-crd_c33600" xml:lang="nl" xlink:role="http://www.xbrl.org/2008/role/label">Verstrekte toegezegde leningen</label:label>
    <gen:arc xlink:type="arc" xlink:arcrole="http://xbrl.org/arcrole/2008/element-label" xlink:from="loc_dnb-crd_c33600" xlink:to="label_dnb-crd_c33600" />
    <link:loc xlink:type="locator" xlink:href="f_22.01-rend.xml#dnb-crd_c33601" xlink:label="loc_dnb-crd_c33601" />
    <label:label xlink:type="resource" xlink:label="label_dnb-crd_c33601" xml:lang="nl" xlink:role="http://www.xbrl.org/2008/role/label">Verstrekte financiële garanties</label:label>
    <gen:arc xlink:type="arc" xlink:arcrole="http://xbrl.org/arcrole/2008/element-label" xlink:from="loc_dnb-crd_c33601" xlink:to="label_dnb-crd_c33601" />
    <link:loc xlink:type="locator" xlink:href="f_22.01-rend.xml#dnb-crd_c33602" xlink:label="loc_dnb-crd_c33602" />
    <label:label xlink:type="resource" xlink:label="label_dnb-crd_c33602" xml:lang="nl" xlink:role="http://www.xbrl.org/2008/role/label">Overige</label:label>
    <gen:arc xlink:type="arc" xlink:arcrole="http://xbrl.org/arcrole/2008/element-label" xlink:from="loc_dnb-crd_c33602" xlink:to="label_dnb-crd_c33602" />
    <link:loc xlink:type="locator" xlink:href="f_22.01-rend.xml#dnb-crd_c33603" xlink:label="loc_dnb-crd_c33603" />
    <label:label xlink:type="resource" xlink:label="label_dnb-crd_c33603" xml:lang="nl" xlink:role="http://www.xbrl.org/2008/role/label">(Vergoedings- en provisielasten)</label:label>
    <gen:arc xlink:type="arc" xlink:arcrole="http://xbrl.org/arcrole/2008/element-label" xlink:from="loc_dnb-crd_c33603" xlink:to="label_dnb-crd_c33603" />
    <link:loc xlink:type="locator" xlink:href="f_22.01-rend.xml#dnb-crd_c33604" xlink:label="loc_dnb-crd_c33604" />
    <label:label xlink:type="resource" xlink:label="label_dnb-crd_c33604" xml:lang="nl" xlink:role="http://www.xbrl.org/2008/role/label">(Clearing en afwikkeling)</label:label>
    <gen:arc xlink:type="arc" xlink:arcrole="http://xbrl.org/arcrole/2008/element-label" xlink:from="loc_dnb-crd_c33604" xlink:to="label_dnb-crd_c33604" />
    <link:loc xlink:type="locator" xlink:href="f_22.01-rend.xml#dnb-crd_c33605" xlink:label="loc_dnb-crd_c33605" />
    <label:label xlink:type="resource" xlink:label="label_dnb-crd_c33605" xml:lang="nl" xlink:role="http://www.xbrl.org/2008/role/label">(Bewaarneming)</label:label>
    <gen:arc xlink:type="arc" xlink:arcrole="http://xbrl.org/arcrole/2008/element-label" xlink:from="loc_dnb-crd_c33605" xlink:to="label_dnb-crd_c33605" />
    <link:loc xlink:type="locator" xlink:href="f_22.01-rend.xml#dnb-crd_c33606" xlink:label="loc_dnb-crd_c33606" />
    <label:label xlink:type="resource" xlink:label="label_dnb-crd_c33606" xml:lang="nl" xlink:role="http://www.xbrl.org/2008/role/label">(Beheer van securitisatieactiviteiten)</label:label>
    <gen:arc xlink:type="arc" xlink:arcrole="http://xbrl.org/arcrole/2008/element-label" xlink:from="loc_dnb-crd_c33606" xlink:to="label_dnb-crd_c33606" />
    <link:loc xlink:type="locator" xlink:href="f_22.01-rend.xml#dnb-crd_c33607" xlink:label="loc_dnb-crd_c33607" />
    <label:label xlink:type="resource" xlink:label="label_dnb-crd_c33607" xml:lang="nl" xlink:role="http://www.xbrl.org/2008/role/label">(Ontvangen toegezegde leningen)</label:label>
    <gen:arc xlink:type="arc" xlink:arcrole="http://xbrl.org/arcrole/2008/element-label" xlink:from="loc_dnb-crd_c33607" xlink:to="label_dnb-crd_c33607" />
    <link:loc xlink:type="locator" xlink:href="f_22.01-rend.xml#dnb-crd_c33608" xlink:label="loc_dnb-crd_c33608" />
    <label:label xlink:type="resource" xlink:label="label_dnb-crd_c33608" xml:lang="nl" xlink:role="http://www.xbrl.org/2008/role/label">(Ontvangen financiële garanties)</label:label>
    <gen:arc xlink:type="arc" xlink:arcrole="http://xbrl.org/arcrole/2008/element-label" xlink:from="loc_dnb-crd_c33608" xlink:to="label_dnb-crd_c33608" />
    <link:loc xlink:type="locator" xlink:href="f_22.01-rend.xml#dnb-crd_c33609" xlink:label="loc_dnb-crd_c33609" />
    <label:label xlink:type="resource" xlink:label="label_dnb-crd_c33609" xml:lang="nl" xlink:role="http://www.xbrl.org/2008/role/label">(Overige)</label:label>
    <gen:arc xlink:type="arc" xlink:arcrole="http://xbrl.org/arcrole/2008/element-label" xlink:from="loc_dnb-crd_c33609" xlink:to="label_dnb-crd_c33609" />
  </gen:link>
</link:linkbase>