﻿<?xml version="1.0" encoding="utf-8"?>
<!--© DNB-->
<link:linkbase xmlns:xsi="http://www.w3.org/2001/XMLSchema-instance" xmlns:xlink="http://www.w3.org/1999/xlink" xmlns:link="http://www.xbrl.org/2003/linkbase" xmlns:gen="http://xbrl.org/2008/generic" xmlns:label="http://xbrl.org/2008/label" xmlns:formula="http://xbrl.org/2008/formula" xmlns:df="http://xbrl.org/2008/filter/dimension" xmlns:table="http://xbrl.org/2014/table" xmlns:model="http://www.eurofiling.info/xbrl/ext/model" xmlns:dnbeba_dim="http://www.eba.europa.eu/xbrl/crr/dict/dim" xmlns:dnbeba_MC="http://www.eba.europa.eu/xbrl/crr/dict/dom/MC" xmlns:dnbeba_met="http://www.eba.europa.eu/xbrl/crr/dict/met" xmlns:dnbeba_BA="http://www.eba.europa.eu/xbrl/crr/dict/dom/BA" xmlns:dnbeba_TA="http://www.eba.europa.eu/xbrl/crr/dict/dom/TA" xsi:schemaLocation="http://www.xbrl.org/2003/linkbase http://www.xbrl.org/2003/xbrl-linkbase-2003-12-31.xsd http://xbrl.org/2008/generic http://www.xbrl.org/2008/generic-link.xsd http://xbrl.org/2008/label http://www.xbrl.org/2008/generic-label.xsd http://xbrl.org/2008/formula http://www.xbrl.org/2008/formula.xsd http://xbrl.org/2008/filter/dimension http://www.xbrl.org/2008/dimension-filter.xsd http://xbrl.org/2014/table http://www.xbrl.org/2014/table.xsd http://www.eurofiling.info/xbrl/ext/model http://www.eurofiling.info/eu/fr/xbrl/ext/model.xsd">
  <link:arcroleRef arcroleURI="http://xbrl.org/arcrole/2014/breakdown-tree" xlink:type="simple" xlink:href="http://www.xbrl.org/2014/table.xsd#breakdown-tree" />
  <link:arcroleRef arcroleURI="http://xbrl.org/arcrole/2014/definition-node-subtree" xlink:type="simple" xlink:href="http://www.xbrl.org/2014/table.xsd#definition-node-subtree" />
  <link:arcroleRef arcroleURI="http://xbrl.org/arcrole/2014/table-breakdown" xlink:type="simple" xlink:href="http://www.xbrl.org/2014/table.xsd#table-breakdown" />
  <link:roleRef roleURI="http://www.dnb.nl/xbrl/xtn/role/fws/FINREP-BO/wft-3-72/2017-11-01/tab/F_22.01" xlink:type="simple" xlink:href="f_22.01.xsd#role" />
  <gen:link xlink:type="extended" xlink:role="http://www.dnb.nl/xbrl/xtn/role/fws/FINREP-BO/wft-3-72/2017-11-01/tab/F_22.01">
    <table:table xlink:type="resource" xlink:label="dnb-crd_tF_22.01" id="dnb-crd_tF_22.01" />
    <table:breakdown xlink:type="resource" xlink:label="dnb-crd_a1" parentChildOrder="parent-first" id="dnb-crd_a1" />
    <table:ruleNode xlink:type="resource" xlink:label="dnb-crd_a1.root" abstract="true" merge="true" id="dnb-crd_a1.root">
      <formula:explicitDimension dimension="dnbeba_dim:MCY">
        <formula:member>
          <formula:qname>dnbeba_MC:x153</formula:qname>
        </formula:member>
      </formula:explicitDimension>
    </table:ruleNode>
    <table:breakdownTreeArc xlink:type="arc" xlink:arcrole="http://xbrl.org/arcrole/2014/breakdown-tree" xlink:from="dnb-crd_a1" xlink:to="dnb-crd_a1.root" order="0" />
    <table:ruleNode xlink:type="resource" xlink:label="dnb-crd_c33580" id="dnb-crd_c33580">
      <formula:concept>
        <formula:qname>dnbeba_met:md103</formula:qname>
      </formula:concept>
    </table:ruleNode>
    <table:definitionNodeSubtreeArc xlink:type="arc" xlink:arcrole="http://xbrl.org/arcrole/2014/definition-node-subtree" xlink:from="dnb-crd_a1.root" xlink:to="dnb-crd_c33580" order="1" />
    <table:tableBreakdownArc xlink:type="arc" xlink:arcrole="http://xbrl.org/arcrole/2014/table-breakdown" xlink:from="dnb-crd_tF_22.01" xlink:to="dnb-crd_a1" axis="x" order="1" />
    <table:breakdown xlink:type="resource" xlink:label="dnb-crd_a2" parentChildOrder="parent-first" id="dnb-crd_a2" />
    <table:ruleNode xlink:type="resource" xlink:label="dnb-crd_a2.root" abstract="true" merge="true" id="dnb-crd_a2.root" />
    <table:breakdownTreeArc xlink:type="arc" xlink:arcrole="http://xbrl.org/arcrole/2014/breakdown-tree" xlink:from="dnb-crd_a2" xlink:to="dnb-crd_a2.root" order="0" />
    <table:ruleNode xlink:type="resource" xlink:label="dnb-crd_c33581" id="dnb-crd_c33581">
      <formula:explicitDimension dimension="dnbeba_dim:BAS">
        <formula:member>
          <formula:qname>dnbeba_BA:x5</formula:qname>
        </formula:member>
      </formula:explicitDimension>
    </table:ruleNode>
    <table:ruleNode xlink:type="resource" xlink:label="dnb-crd_c33582" id="dnb-crd_c33582">
      <formula:explicitDimension dimension="dnbeba_dim:TYA">
        <formula:member>
          <formula:qname>dnbeba_TA:x31</formula:qname>
        </formula:member>
      </formula:explicitDimension>
    </table:ruleNode>
    <table:ruleNode xlink:type="resource" xlink:label="dnb-crd_c33583" id="dnb-crd_c33583">
      <formula:explicitDimension dimension="dnbeba_dim:TYA">
        <formula:member>
          <formula:qname>dnbeba_TA:x32</formula:qname>
        </formula:member>
      </formula:explicitDimension>
    </table:ruleNode>
    <table:definitionNodeSubtreeArc xlink:type="arc" xlink:arcrole="http://xbrl.org/arcrole/2014/definition-node-subtree" xlink:from="dnb-crd_c33582" xlink:to="dnb-crd_c33583" order="1" />
    <table:ruleNode xlink:type="resource" xlink:label="dnb-crd_c33584" id="dnb-crd_c33584">
      <formula:explicitDimension dimension="dnbeba_dim:TYA">
        <formula:member>
          <formula:qname>dnbeba_TA:x34</formula:qname>
        </formula:member>
      </formula:explicitDimension>
    </table:ruleNode>
    <table:definitionNodeSubtreeArc xlink:type="arc" xlink:arcrole="http://xbrl.org/arcrole/2014/definition-node-subtree" xlink:from="dnb-crd_c33582" xlink:to="dnb-crd_c33584" order="2" />
    <table:ruleNode xlink:type="resource" xlink:label="dnb-crd_c33585" id="dnb-crd_c33585">
      <formula:explicitDimension dimension="dnbeba_dim:TYA">
        <formula:member>
          <formula:qname>dnbeba_TA:x33</formula:qname>
        </formula:member>
      </formula:explicitDimension>
    </table:ruleNode>
    <table:definitionNodeSubtreeArc xlink:type="arc" xlink:arcrole="http://xbrl.org/arcrole/2014/definition-node-subtree" xlink:from="dnb-crd_c33582" xlink:to="dnb-crd_c33585" order="3" />
    <table:definitionNodeSubtreeArc xlink:type="arc" xlink:arcrole="http://xbrl.org/arcrole/2014/definition-node-subtree" xlink:from="dnb-crd_c33581" xlink:to="dnb-crd_c33582" order="1" />
    <table:ruleNode xlink:type="resource" xlink:label="dnb-crd_c33586" id="dnb-crd_c33586">
      <formula:explicitDimension dimension="dnbeba_dim:TYA">
        <formula:member>
          <formula:qname>dnbeba_TA:x10</formula:qname>
        </formula:member>
      </formula:explicitDimension>
    </table:ruleNode>
    <table:definitionNodeSubtreeArc xlink:type="arc" xlink:arcrole="http://xbrl.org/arcrole/2014/definition-node-subtree" xlink:from="dnb-crd_c33581" xlink:to="dnb-crd_c33586" order="2" />
    <table:ruleNode xlink:type="resource" xlink:label="dnb-crd_c33587" id="dnb-crd_c33587">
      <formula:explicitDimension dimension="dnbeba_dim:TYA">
        <formula:member>
          <formula:qname>dnbeba_TA:x5</formula:qname>
        </formula:member>
      </formula:explicitDimension>
    </table:ruleNode>
    <table:definitionNodeSubtreeArc xlink:type="arc" xlink:arcrole="http://xbrl.org/arcrole/2014/definition-node-subtree" xlink:from="dnb-crd_c33581" xlink:to="dnb-crd_c33587" order="3" />
    <table:ruleNode xlink:type="resource" xlink:label="dnb-crd_c33588" id="dnb-crd_c33588">
      <formula:explicitDimension dimension="dnbeba_dim:TYA">
        <formula:member>
          <formula:qname>dnbeba_TA:x14</formula:qname>
        </formula:member>
      </formula:explicitDimension>
    </table:ruleNode>
    <table:ruleNode xlink:type="resource" xlink:label="dnb-crd_c33589" id="dnb-crd_c33589">
      <formula:explicitDimension dimension="dnbeba_dim:TYA">
        <formula:member>
          <formula:qname>dnbeba_TA:x15</formula:qname>
        </formula:member>
      </formula:explicitDimension>
    </table:ruleNode>
    <table:definitionNodeSubtreeArc xlink:type="arc" xlink:arcrole="http://xbrl.org/arcrole/2014/definition-node-subtree" xlink:from="dnb-crd_c33588" xlink:to="dnb-crd_c33589" order="1" />
    <table:ruleNode xlink:type="resource" xlink:label="dnb-crd_c33590" id="dnb-crd_c33590">
      <formula:explicitDimension dimension="dnbeba_dim:TYA">
        <formula:member>
          <formula:qname>dnbeba_TA:x16</formula:qname>
        </formula:member>
      </formula:explicitDimension>
    </table:ruleNode>
    <table:definitionNodeSubtreeArc xlink:type="arc" xlink:arcrole="http://xbrl.org/arcrole/2014/definition-node-subtree" xlink:from="dnb-crd_c33588" xlink:to="dnb-crd_c33590" order="2" />
    <table:definitionNodeSubtreeArc xlink:type="arc" xlink:arcrole="http://xbrl.org/arcrole/2014/definition-node-subtree" xlink:from="dnb-crd_c33581" xlink:to="dnb-crd_c33588" order="4" />
    <table:ruleNode xlink:type="resource" xlink:label="dnb-crd_c33591" id="dnb-crd_c33591">
      <formula:explicitDimension dimension="dnbeba_dim:TYA">
        <formula:member>
          <formula:qname>dnbeba_TA:x9</formula:qname>
        </formula:member>
      </formula:explicitDimension>
    </table:ruleNode>
    <table:definitionNodeSubtreeArc xlink:type="arc" xlink:arcrole="http://xbrl.org/arcrole/2014/definition-node-subtree" xlink:from="dnb-crd_c33581" xlink:to="dnb-crd_c33591" order="5" />
    <table:ruleNode xlink:type="resource" xlink:label="dnb-crd_c33592" id="dnb-crd_c33592">
      <formula:explicitDimension dimension="dnbeba_dim:TYA">
        <formula:member>
          <formula:qname>dnbeba_TA:x22</formula:qname>
        </formula:member>
      </formula:explicitDimension>
    </table:ruleNode>
    <table:definitionNodeSubtreeArc xlink:type="arc" xlink:arcrole="http://xbrl.org/arcrole/2014/definition-node-subtree" xlink:from="dnb-crd_c33581" xlink:to="dnb-crd_c33592" order="6" />
    <table:ruleNode xlink:type="resource" xlink:label="dnb-crd_c33593" id="dnb-crd_c33593">
      <formula:explicitDimension dimension="dnbeba_dim:TYA">
        <formula:member>
          <formula:qname>dnbeba_TA:x28</formula:qname>
        </formula:member>
      </formula:explicitDimension>
    </table:ruleNode>
    <table:definitionNodeSubtreeArc xlink:type="arc" xlink:arcrole="http://xbrl.org/arcrole/2014/definition-node-subtree" xlink:from="dnb-crd_c33581" xlink:to="dnb-crd_c33593" order="7" />
    <table:ruleNode xlink:type="resource" xlink:label="dnb-crd_c33594" id="dnb-crd_c33594">
      <formula:explicitDimension dimension="dnbeba_dim:TYA">
        <formula:member>
          <formula:qname>dnbeba_TA:x18</formula:qname>
        </formula:member>
      </formula:explicitDimension>
    </table:ruleNode>
    <table:ruleNode xlink:type="resource" xlink:label="dnb-crd_c33595" id="dnb-crd_c33595">
      <formula:explicitDimension dimension="dnbeba_dim:TYA">
        <formula:member>
          <formula:qname>dnbeba_TA:x19</formula:qname>
        </formula:member>
      </formula:explicitDimension>
    </table:ruleNode>
    <table:definitionNodeSubtreeArc xlink:type="arc" xlink:arcrole="http://xbrl.org/arcrole/2014/definition-node-subtree" xlink:from="dnb-crd_c33594" xlink:to="dnb-crd_c33595" order="1" />
    <table:ruleNode xlink:type="resource" xlink:label="dnb-crd_c33596" id="dnb-crd_c33596">
      <formula:explicitDimension dimension="dnbeba_dim:TYA">
        <formula:member>
          <formula:qname>dnbeba_TA:x20</formula:qname>
        </formula:member>
      </formula:explicitDimension>
    </table:ruleNode>
    <table:definitionNodeSubtreeArc xlink:type="arc" xlink:arcrole="http://xbrl.org/arcrole/2014/definition-node-subtree" xlink:from="dnb-crd_c33594" xlink:to="dnb-crd_c33596" order="2" />
    <table:ruleNode xlink:type="resource" xlink:label="dnb-crd_c33597" id="dnb-crd_c33597">
      <formula:explicitDimension dimension="dnbeba_dim:TYA">
        <formula:member>
          <formula:qname>dnbeba_TA:x21</formula:qname>
        </formula:member>
      </formula:explicitDimension>
    </table:ruleNode>
    <table:definitionNodeSubtreeArc xlink:type="arc" xlink:arcrole="http://xbrl.org/arcrole/2014/definition-node-subtree" xlink:from="dnb-crd_c33594" xlink:to="dnb-crd_c33597" order="3" />
    <table:definitionNodeSubtreeArc xlink:type="arc" xlink:arcrole="http://xbrl.org/arcrole/2014/definition-node-subtree" xlink:from="dnb-crd_c33581" xlink:to="dnb-crd_c33594" order="8" />
    <table:ruleNode xlink:type="resource" xlink:label="dnb-crd_c33598" id="dnb-crd_c33598">
      <formula:explicitDimension dimension="dnbeba_dim:TYA">
        <formula:member>
          <formula:qname>dnbeba_TA:x37</formula:qname>
        </formula:member>
      </formula:explicitDimension>
    </table:ruleNode>
    <table:definitionNodeSubtreeArc xlink:type="arc" xlink:arcrole="http://xbrl.org/arcrole/2014/definition-node-subtree" xlink:from="dnb-crd_c33581" xlink:to="dnb-crd_c33598" order="9" />
    <table:ruleNode xlink:type="resource" xlink:label="dnb-crd_c33599" id="dnb-crd_c33599">
      <formula:explicitDimension dimension="dnbeba_dim:TYA">
        <formula:member>
          <formula:qname>dnbeba_TA:x36</formula:qname>
        </formula:member>
      </formula:explicitDimension>
    </table:ruleNode>
    <table:definitionNodeSubtreeArc xlink:type="arc" xlink:arcrole="http://xbrl.org/arcrole/2014/definition-node-subtree" xlink:from="dnb-crd_c33581" xlink:to="dnb-crd_c33599" order="10" />
    <table:ruleNode xlink:type="resource" xlink:label="dnb-crd_c33600" id="dnb-crd_c33600">
      <formula:explicitDimension dimension="dnbeba_dim:MCE">
        <formula:member>
          <formula:qname>dnbeba_MC:x221</formula:qname>
        </formula:member>
      </formula:explicitDimension>
    </table:ruleNode>
    <table:definitionNodeSubtreeArc xlink:type="arc" xlink:arcrole="http://xbrl.org/arcrole/2014/definition-node-subtree" xlink:from="dnb-crd_c33581" xlink:to="dnb-crd_c33600" order="11" />
    <table:ruleNode xlink:type="resource" xlink:label="dnb-crd_c33601" id="dnb-crd_c33601">
      <formula:explicitDimension dimension="dnbeba_dim:MCE">
        <formula:member>
          <formula:qname>dnbeba_MC:x154</formula:qname>
        </formula:member>
      </formula:explicitDimension>
    </table:ruleNode>
    <table:definitionNodeSubtreeArc xlink:type="arc" xlink:arcrole="http://xbrl.org/arcrole/2014/definition-node-subtree" xlink:from="dnb-crd_c33581" xlink:to="dnb-crd_c33601" order="12" />
    <table:ruleNode xlink:type="resource" xlink:label="dnb-crd_c33602" id="dnb-crd_c33602">
      <formula:explicitDimension dimension="dnbeba_dim:MCE">
        <formula:member>
          <formula:qname>dnbeba_MC:x591</formula:qname>
        </formula:member>
      </formula:explicitDimension>
      <formula:explicitDimension dimension="dnbeba_dim:TYA">
        <formula:member>
          <formula:qname>dnbeba_TA:x2</formula:qname>
        </formula:member>
      </formula:explicitDimension>
    </table:ruleNode>
    <table:definitionNodeSubtreeArc xlink:type="arc" xlink:arcrole="http://xbrl.org/arcrole/2014/definition-node-subtree" xlink:from="dnb-crd_c33581" xlink:to="dnb-crd_c33602" order="13" />
    <table:definitionNodeSubtreeArc xlink:type="arc" xlink:arcrole="http://xbrl.org/arcrole/2014/definition-node-subtree" xlink:from="dnb-crd_a2.root" xlink:to="dnb-crd_c33581" order="1" />
    <table:ruleNode xlink:type="resource" xlink:label="dnb-crd_c33603" id="dnb-crd_c33603">
      <formula:explicitDimension dimension="dnbeba_dim:BAS">
        <formula:member>
          <formula:qname>dnbeba_BA:x3</formula:qname>
        </formula:member>
      </formula:explicitDimension>
    </table:ruleNode>
    <table:ruleNode xlink:type="resource" xlink:label="dnb-crd_c33604" id="dnb-crd_c33604">
      <formula:explicitDimension dimension="dnbeba_dim:TYA">
        <formula:member>
          <formula:qname>dnbeba_TA:x10</formula:qname>
        </formula:member>
      </formula:explicitDimension>
    </table:ruleNode>
    <table:definitionNodeSubtreeArc xlink:type="arc" xlink:arcrole="http://xbrl.org/arcrole/2014/definition-node-subtree" xlink:from="dnb-crd_c33603" xlink:to="dnb-crd_c33604" order="1" />
    <table:ruleNode xlink:type="resource" xlink:label="dnb-crd_c33605" id="dnb-crd_c33605">
      <formula:explicitDimension dimension="dnbeba_dim:TYA">
        <formula:member>
          <formula:qname>dnbeba_TA:x14</formula:qname>
        </formula:member>
      </formula:explicitDimension>
    </table:ruleNode>
    <table:definitionNodeSubtreeArc xlink:type="arc" xlink:arcrole="http://xbrl.org/arcrole/2014/definition-node-subtree" xlink:from="dnb-crd_c33603" xlink:to="dnb-crd_c33605" order="2" />
    <table:ruleNode xlink:type="resource" xlink:label="dnb-crd_c33606" id="dnb-crd_c33606">
      <formula:explicitDimension dimension="dnbeba_dim:TYA">
        <formula:member>
          <formula:qname>dnbeba_TA:x36</formula:qname>
        </formula:member>
      </formula:explicitDimension>
    </table:ruleNode>
    <table:definitionNodeSubtreeArc xlink:type="arc" xlink:arcrole="http://xbrl.org/arcrole/2014/definition-node-subtree" xlink:from="dnb-crd_c33603" xlink:to="dnb-crd_c33606" order="3" />
    <table:ruleNode xlink:type="resource" xlink:label="dnb-crd_c33607" id="dnb-crd_c33607">
      <formula:explicitDimension dimension="dnbeba_dim:MCE">
        <formula:member>
          <formula:qname>dnbeba_MC:x69</formula:qname>
        </formula:member>
      </formula:explicitDimension>
    </table:ruleNode>
    <table:definitionNodeSubtreeArc xlink:type="arc" xlink:arcrole="http://xbrl.org/arcrole/2014/definition-node-subtree" xlink:from="dnb-crd_c33603" xlink:to="dnb-crd_c33607" order="4" />
    <table:ruleNode xlink:type="resource" xlink:label="dnb-crd_c33608" id="dnb-crd_c33608">
      <formula:explicitDimension dimension="dnbeba_dim:MCE">
        <formula:member>
          <formula:qname>dnbeba_MC:x155</formula:qname>
        </formula:member>
      </formula:explicitDimension>
    </table:ruleNode>
    <table:definitionNodeSubtreeArc xlink:type="arc" xlink:arcrole="http://xbrl.org/arcrole/2014/definition-node-subtree" xlink:from="dnb-crd_c33603" xlink:to="dnb-crd_c33608" order="5" />
    <table:ruleNode xlink:type="resource" xlink:label="dnb-crd_c33609" id="dnb-crd_c33609">
      <formula:explicitDimension dimension="dnbeba_dim:MCE">
        <formula:member>
          <formula:qname>dnbeba_MC:x592</formula:qname>
        </formula:member>
      </formula:explicitDimension>
      <formula:explicitDimension dimension="dnbeba_dim:TYA">
        <formula:member>
          <formula:qname>dnbeba_TA:x1</formula:qname>
        </formula:member>
      </formula:explicitDimension>
    </table:ruleNode>
    <table:definitionNodeSubtreeArc xlink:type="arc" xlink:arcrole="http://xbrl.org/arcrole/2014/definition-node-subtree" xlink:from="dnb-crd_c33603" xlink:to="dnb-crd_c33609" order="6" />
    <table:definitionNodeSubtreeArc xlink:type="arc" xlink:arcrole="http://xbrl.org/arcrole/2014/definition-node-subtree" xlink:from="dnb-crd_a2.root" xlink:to="dnb-crd_c33603" order="2" />
    <table:tableBreakdownArc xlink:type="arc" xlink:arcrole="http://xbrl.org/arcrole/2014/table-breakdown" xlink:from="dnb-crd_tF_22.01" xlink:to="dnb-crd_a2" axis="y" order="2" />
  </gen:link>
</link:linkbase>