﻿<?xml version="1.0" encoding="utf-8"?>
<!--© DNB-->
<link:linkbase xmlns:xsi="http://www.w3.org/2001/XMLSchema-instance" xmlns:xlink="http://www.w3.org/1999/xlink" xmlns:link="http://www.xbrl.org/2003/linkbase" xmlns:xbrldt="http://xbrl.org/2005/xbrldt" xsi:schemaLocation="http://www.xbrl.org/2003/linkbase http://www.xbrl.org/2003/xbrl-linkbase-2003-12-31.xsd http://xbrl.org/2005/xbrldt http://www.xbrl.org/2005/xbrldt-2005.xsd">
  <link:arcroleRef arcroleURI="http://xbrl.org/int/dim/arcrole/all" xlink:type="simple" xlink:href="http://www.xbrl.org/2005/xbrldt-2005.xsd#all" />
  <link:arcroleRef arcroleURI="http://xbrl.org/int/dim/arcrole/dimension-domain" xlink:type="simple" xlink:href="http://www.xbrl.org/2005/xbrldt-2005.xsd#dimension-domain" />
  <link:arcroleRef arcroleURI="http://xbrl.org/int/dim/arcrole/domain-member" xlink:type="simple" xlink:href="http://www.xbrl.org/2005/xbrldt-2005.xsd#domain-member" />
  <link:arcroleRef arcroleURI="http://xbrl.org/int/dim/arcrole/hypercube-dimension" xlink:type="simple" xlink:href="http://www.xbrl.org/2005/xbrldt-2005.xsd#hypercube-dimension" />
  <link:roleRef roleURI="http://www.dnb.nl/xbrl/xtn/role/fws/FINREP-BO/wft-3-72/2017-11-01/tab/F_09.03/1" xlink:type="simple" xlink:href="f_09.03.xsd#role1" />
  <link:definitionLink xlink:type="extended" xlink:role="http://www.dnb.nl/xbrl/xtn/role/fws/FINREP-BO/wft-3-72/2017-11-01/tab/F_09.03/1">
    <link:loc xlink:type="locator" xlink:href="../../../../../../dict/met/met.xsd#dnb-crd_bi1001" xlink:label="loc_dnb-crd_bi1001" />
    <link:loc xlink:type="locator" xlink:href="http://www.eurofiling.info/eu/fr/xbrl/ext/model.xsd#hyp" xlink:label="loc_hyp" />
    <link:definitionArc xlink:type="arc" xlink:arcrole="http://xbrl.org/int/dim/arcrole/all" xlink:from="loc_dnb-crd_bi1001" xlink:to="loc_hyp" xbrldt:closed="true" xbrldt:contextElement="scenario" order="1" />
    <link:loc xlink:type="locator" xlink:href="http://www.eba.europa.eu/eu/fr/xbrl/crr/dict/dim/dim.xsd#eba_BAS" xlink:label="loc_eba_BAS" />
    <link:definitionArc xlink:type="arc" xlink:arcrole="http://xbrl.org/int/dim/arcrole/hypercube-dimension" xlink:from="loc_hyp" xlink:to="loc_eba_BAS" order="1" />
    <link:loc xlink:type="locator" xlink:href="http://www.eba.europa.eu/eu/fr/xbrl/crr/dict/dom/exp.xsd#eba_BA" xlink:label="loc_eba_BA" />
    <link:definitionArc xlink:type="arc" xlink:arcrole="http://xbrl.org/int/dim/arcrole/dimension-domain" xlink:from="loc_eba_BAS" xlink:to="loc_eba_BA" xbrldt:usable="false" order="1" />
    <link:loc xlink:type="locator" xlink:href="http://www.eba.europa.eu/eu/fr/xbrl/crr/dict/dom/ba/mem.xsd#eba_x20" xlink:label="loc_eba_x20" />
    <link:definitionArc xlink:type="arc" xlink:arcrole="http://xbrl.org/int/dim/arcrole/domain-member" xlink:from="loc_eba_BA" xlink:to="loc_eba_x20" order="1" />
    <link:loc xlink:type="locator" xlink:href="../../../../../../dict/dim/dim.xsd#dnb-crd_OBP" xlink:label="loc_dnb-crd_OBP" />
    <link:definitionArc xlink:type="arc" xlink:arcrole="http://xbrl.org/int/dim/arcrole/hypercube-dimension" xlink:from="loc_hyp" xlink:to="loc_dnb-crd_OBP" order="2" />
    <link:loc xlink:type="locator" xlink:href="../../../../../../dict/dom/exp.xsd#dnb-crd_OB" xlink:label="loc_dnb-crd_OB" />
    <link:definitionArc xlink:type="arc" xlink:arcrole="http://xbrl.org/int/dim/arcrole/dimension-domain" xlink:from="loc_dnb-crd_OBP" xlink:to="loc_dnb-crd_OB" xbrldt:usable="false" order="1" />
    <link:loc xlink:type="locator" xlink:href="../../../../../../dict/dom/ob/mem.xsd#dnb-crd_x1000" xlink:label="loc_dnb-crd_x1000" />
    <link:definitionArc xlink:type="arc" xlink:arcrole="http://xbrl.org/int/dim/arcrole/domain-member" xlink:from="loc_dnb-crd_OB" xlink:to="loc_dnb-crd_x1000" order="1" />
    <link:loc xlink:type="locator" xlink:href="../../../../../../dict/dom/ob/mem.xsd#dnb-crd_x1001" xlink:label="loc_dnb-crd_x1001" />
    <link:definitionArc xlink:type="arc" xlink:arcrole="http://xbrl.org/int/dim/arcrole/domain-member" xlink:from="loc_dnb-crd_OB" xlink:to="loc_dnb-crd_x1001" order="2" />
    <link:loc xlink:type="locator" xlink:href="../../../../../../dict/dom/ob/mem.xsd#dnb-crd_x1002" xlink:label="loc_dnb-crd_x1002" />
    <link:definitionArc xlink:type="arc" xlink:arcrole="http://xbrl.org/int/dim/arcrole/domain-member" xlink:from="loc_dnb-crd_OB" xlink:to="loc_dnb-crd_x1002" order="3" />
  </link:definitionLink>
</link:linkbase>