﻿<?xml version="1.0" encoding="utf-8"?>
<!--© DNB-->
<link:linkbase xmlns:xsi="http://www.w3.org/2001/XMLSchema-instance" xmlns:xlink="http://www.w3.org/1999/xlink" xmlns:link="http://www.xbrl.org/2003/linkbase" xsi:schemaLocation="http://www.xbrl.org/2003/linkbase http://www.xbrl.org/2003/xbrl-linkbase-2003-12-31.xsd">
  <link:labelLink xlink:type="extended" xlink:role="http://www.xbrl.org/2003/role/link">
    <link:loc xlink:type="locator" xlink:href="mem.xsd#dnb-crd_x0" xlink:label="loc_dnb-crd_x0" />
    <link:label xlink:type="resource" xlink:label="label_dnb-crd_x0" xml:lang="en" xlink:role="http://www.xbrl.org/2003/role/label">Not applicable/ All capital requirement types</link:label>
    <link:labelArc xlink:type="arc" xlink:arcrole="http://www.xbrl.org/2003/arcrole/concept-label" xlink:from="loc_dnb-crd_x0" xlink:to="label_dnb-crd_x0" />
    <link:loc xlink:type="locator" xlink:href="mem.xsd#dnb-crd_x1" xlink:label="loc_dnb-crd_x1" />
    <link:label xlink:type="resource" xlink:label="label_dnb-crd_x1" xml:lang="en" xlink:role="http://www.xbrl.org/2003/role/label">Capital requirement based on assets under management</link:label>
    <link:labelArc xlink:type="arc" xlink:arcrole="http://www.xbrl.org/2003/arcrole/concept-label" xlink:from="loc_dnb-crd_x1" xlink:to="label_dnb-crd_x1" />
    <link:loc xlink:type="locator" xlink:href="mem.xsd#dnb-crd_x2" xlink:label="loc_dnb-crd_x2" />
    <link:label xlink:type="resource" xlink:label="label_dnb-crd_x2" xml:lang="en" xlink:role="http://www.xbrl.org/2003/role/label">Capital requirements based on fixed overheads</link:label>
    <link:labelArc xlink:type="arc" xlink:arcrole="http://www.xbrl.org/2003/arcrole/concept-label" xlink:from="loc_dnb-crd_x2" xlink:to="label_dnb-crd_x2" />
    <link:loc xlink:type="locator" xlink:href="mem.xsd#dnb-crd_x3" xlink:label="loc_dnb-crd_x3" />
    <link:label xlink:type="resource" xlink:label="label_dnb-crd_x3" xml:lang="en" xlink:role="http://www.xbrl.org/2003/role/label">Initial capital required</link:label>
    <link:labelArc xlink:type="arc" xlink:arcrole="http://www.xbrl.org/2003/arcrole/concept-label" xlink:from="loc_dnb-crd_x3" xlink:to="label_dnb-crd_x3" />
    <link:loc xlink:type="locator" xlink:href="mem.xsd#dnb-crd_x4" xlink:label="loc_dnb-crd_x4" />
    <link:label xlink:type="resource" xlink:label="label_dnb-crd_x4" xml:lang="en" xlink:role="http://www.xbrl.org/2003/role/label">Additional capital requirements based on assets under management</link:label>
    <link:labelArc xlink:type="arc" xlink:arcrole="http://www.xbrl.org/2003/arcrole/concept-label" xlink:from="loc_dnb-crd_x4" xlink:to="label_dnb-crd_x4" />
    <link:loc xlink:type="locator" xlink:href="mem.xsd#dnb-crd_x5" xlink:label="loc_dnb-crd_x5" />
    <link:label xlink:type="resource" xlink:label="label_dnb-crd_x5" xml:lang="en" xlink:role="http://www.xbrl.org/2003/role/label">Additional capital requirements related to professional liability risks</link:label>
    <link:labelArc xlink:type="arc" xlink:arcrole="http://www.xbrl.org/2003/arcrole/concept-label" xlink:from="loc_dnb-crd_x5" xlink:to="label_dnb-crd_x5" />
    <link:loc xlink:type="locator" xlink:href="mem.xsd#dnb-crd_x6" xlink:label="loc_dnb-crd_x6" />
    <link:label xlink:type="resource" xlink:label="label_dnb-crd_x6" xml:lang="en" xlink:role="http://www.xbrl.org/2003/role/label">One quarter of fixed overhead</link:label>
    <link:labelArc xlink:type="arc" xlink:arcrole="http://www.xbrl.org/2003/arcrole/concept-label" xlink:from="loc_dnb-crd_x6" xlink:to="label_dnb-crd_x6" />
    <link:loc xlink:type="locator" xlink:href="mem.xsd#dnb-crd_x7" xlink:label="loc_dnb-crd_x7" />
    <link:label xlink:type="resource" xlink:label="label_dnb-crd_x7" xml:lang="en" xlink:role="http://www.xbrl.org/2003/role/label">Initial capital requirements</link:label>
    <link:labelArc xlink:type="arc" xlink:arcrole="http://www.xbrl.org/2003/arcrole/concept-label" xlink:from="loc_dnb-crd_x7" xlink:to="label_dnb-crd_x7" />
    <link:loc xlink:type="locator" xlink:href="mem.xsd#dnb-crd_x8" xlink:label="loc_dnb-crd_x8" />
    <link:label xlink:type="resource" xlink:label="label_dnb-crd_x8" xml:lang="en" xlink:role="http://www.xbrl.org/2003/role/label">Capital requirements based on pillar II</link:label>
    <link:labelArc xlink:type="arc" xlink:arcrole="http://www.xbrl.org/2003/arcrole/concept-label" xlink:from="loc_dnb-crd_x8" xlink:to="label_dnb-crd_x8" />
    <link:loc xlink:type="locator" xlink:href="mem.xsd#dnb-crd_x9" xlink:label="loc_dnb-crd_x9" />
    <link:label xlink:type="resource" xlink:label="label_dnb-crd_x9" xml:lang="en" xlink:role="http://www.xbrl.org/2003/role/label">Pillar II capital required</link:label>
    <link:labelArc xlink:type="arc" xlink:arcrole="http://www.xbrl.org/2003/arcrole/concept-label" xlink:from="loc_dnb-crd_x9" xlink:to="label_dnb-crd_x9" />
    <link:loc xlink:type="locator" xlink:href="mem.xsd#dnb-crd_x10" xlink:label="loc_dnb-crd_x10" />
    <link:label xlink:type="resource" xlink:label="label_dnb-crd_x10" xml:lang="en" xlink:role="http://www.xbrl.org/2003/role/label">Capital requirement based on credit risk</link:label>
    <link:labelArc xlink:type="arc" xlink:arcrole="http://www.xbrl.org/2003/arcrole/concept-label" xlink:from="loc_dnb-crd_x10" xlink:to="label_dnb-crd_x10" />
    <link:loc xlink:type="locator" xlink:href="mem.xsd#dnb-crd_x11" xlink:label="loc_dnb-crd_x11" />
    <link:label xlink:type="resource" xlink:label="label_dnb-crd_x11" xml:lang="en" xlink:role="http://www.xbrl.org/2003/role/label">Capital requirement based on market risk</link:label>
    <link:labelArc xlink:type="arc" xlink:arcrole="http://www.xbrl.org/2003/arcrole/concept-label" xlink:from="loc_dnb-crd_x11" xlink:to="label_dnb-crd_x11" />
    <link:loc xlink:type="locator" xlink:href="mem.xsd#dnb-crd_x12" xlink:label="loc_dnb-crd_x12" />
    <link:label xlink:type="resource" xlink:label="label_dnb-crd_x12" xml:lang="en" xlink:role="http://www.xbrl.org/2003/role/label">Capital requirement based on operational risk</link:label>
    <link:labelArc xlink:type="arc" xlink:arcrole="http://www.xbrl.org/2003/arcrole/concept-label" xlink:from="loc_dnb-crd_x12" xlink:to="label_dnb-crd_x12" />
    <link:loc xlink:type="locator" xlink:href="mem.xsd#dnb-crd_x13" xlink:label="loc_dnb-crd_x13" />
    <link:label xlink:type="resource" xlink:label="label_dnb-crd_x13" xml:lang="en" xlink:role="http://www.xbrl.org/2003/role/label">Own funds</link:label>
    <link:labelArc xlink:type="arc" xlink:arcrole="http://www.xbrl.org/2003/arcrole/concept-label" xlink:from="loc_dnb-crd_x13" xlink:to="label_dnb-crd_x13" />
    <link:loc xlink:type="locator" xlink:href="mem.xsd#dnb-crd_x14" xlink:label="loc_dnb-crd_x14" />
    <link:label xlink:type="resource" xlink:label="label_dnb-crd_x14" xml:lang="en" xlink:role="http://www.xbrl.org/2003/role/label">Own funds requirement based on applicable Method</link:label>
    <link:labelArc xlink:type="arc" xlink:arcrole="http://www.xbrl.org/2003/arcrole/concept-label" xlink:from="loc_dnb-crd_x14" xlink:to="label_dnb-crd_x14" />
    <link:loc xlink:type="locator" xlink:href="mem.xsd#dnb-crd_x15" xlink:label="loc_dnb-crd_x15" />
    <link:label xlink:type="resource" xlink:label="label_dnb-crd_x15" xml:lang="en" xlink:role="http://www.xbrl.org/2003/role/label">Capital requirement based on applicable Method</link:label>
    <link:labelArc xlink:type="arc" xlink:arcrole="http://www.xbrl.org/2003/arcrole/concept-label" xlink:from="loc_dnb-crd_x15" xlink:to="label_dnb-crd_x15" />
    <link:loc xlink:type="locator" xlink:href="mem.xsd#dnb-crd_x16" xlink:label="loc_dnb-crd_x16" />
    <link:label xlink:type="resource" xlink:label="label_dnb-crd_x16" xml:lang="en" xlink:role="http://www.xbrl.org/2003/role/label">Capital requirement based on initial capital required</link:label>
    <link:labelArc xlink:type="arc" xlink:arcrole="http://www.xbrl.org/2003/arcrole/concept-label" xlink:from="loc_dnb-crd_x16" xlink:to="label_dnb-crd_x16" />
    <link:loc xlink:type="locator" xlink:href="mem.xsd#dnb-crd_x17" xlink:label="loc_dnb-crd_x17" />
    <link:label xlink:type="resource" xlink:label="label_dnb-crd_x17" xml:lang="en" xlink:role="http://www.xbrl.org/2003/role/label">Capital requirement based on Method B</link:label>
    <link:labelArc xlink:type="arc" xlink:arcrole="http://www.xbrl.org/2003/arcrole/concept-label" xlink:from="loc_dnb-crd_x17" xlink:to="label_dnb-crd_x17" />
    <link:loc xlink:type="locator" xlink:href="mem.xsd#dnb-crd_x18" xlink:label="loc_dnb-crd_x18" />
    <link:label xlink:type="resource" xlink:label="label_dnb-crd_x18" xml:lang="en" xlink:role="http://www.xbrl.org/2003/role/label">Capital requirement based on Method C</link:label>
    <link:labelArc xlink:type="arc" xlink:arcrole="http://www.xbrl.org/2003/arcrole/concept-label" xlink:from="loc_dnb-crd_x18" xlink:to="label_dnb-crd_x18" />
  </link:labelLink>
</link:linkbase>