﻿<?xml version="1.0" encoding="utf-8"?>
<!--© DNB-->
<link:linkbase xmlns:xsi="http://www.w3.org/2001/XMLSchema-instance" xmlns:xlink="http://www.w3.org/1999/xlink" xmlns:link="http://www.xbrl.org/2003/linkbase" xsi:schemaLocation="http://www.xbrl.org/2003/linkbase http://www.xbrl.org/2003/xbrl-linkbase-2003-12-31.xsd">
  <link:roleRef roleURI="http://www.dnb.nl/xbrl/xtn/role/dict/dom/TM/TM1" xlink:type="simple" xlink:href="hier.xsd#dnb-crd_TM1" />
  <link:presentationLink xlink:type="extended" xlink:role="http://www.dnb.nl/xbrl/xtn/role/dict/dom/TM/TM1">
    <link:loc xlink:type="locator" xlink:href="../exp.xsd#dnb-crd_TM" xlink:label="loc_dnb-crd_TM" />
    <link:loc xlink:type="locator" xlink:href="mem.xsd#dnb-crd_x1" xlink:label="loc_dnb-crd_x1" />
    <link:presentationArc xlink:type="arc" xlink:arcrole="http://www.xbrl.org/2003/arcrole/parent-child" xlink:from="loc_dnb-crd_TM" xlink:to="loc_dnb-crd_x1" order="1" />
    <link:loc xlink:type="locator" xlink:href="mem.xsd#dnb-crd_x2" xlink:label="loc_dnb-crd_x2" />
    <link:presentationArc xlink:type="arc" xlink:arcrole="http://www.xbrl.org/2003/arcrole/parent-child" xlink:from="loc_dnb-crd_TM" xlink:to="loc_dnb-crd_x2" order="2" />
  </link:presentationLink>
</link:linkbase>