﻿<?xml version="1.0" encoding="utf-8"?>
<!--© DNB-->
<link:linkbase xmlns:xsi="http://www.w3.org/2001/XMLSchema-instance" xmlns:xlink="http://www.w3.org/1999/xlink" xmlns:link="http://www.xbrl.org/2003/linkbase" xsi:schemaLocation="http://www.xbrl.org/2003/linkbase http://www.xbrl.org/2003/xbrl-linkbase-2003-12-31.xsd">
  <link:labelLink xlink:type="extended" xlink:role="http://www.xbrl.org/2003/role/link">
    <link:loc xlink:type="locator" xlink:href="mem.xsd#dnb-crd_x0" xlink:label="loc_dnb-crd_x0" />
    <link:label xlink:type="resource" xlink:label="label_dnb-crd_x0" xml:lang="en" xlink:role="http://www.xbrl.org/2003/role/label">Not applicable / All types of service</link:label>
    <link:labelArc xlink:type="arc" xlink:arcrole="http://www.xbrl.org/2003/arcrole/concept-label" xlink:from="loc_dnb-crd_x0" xlink:to="label_dnb-crd_x0" />
    <link:loc xlink:type="locator" xlink:href="mem.xsd#dnb-crd_x1" xlink:label="loc_dnb-crd_x1" />
    <link:label xlink:type="resource" xlink:label="label_dnb-crd_x1" xml:lang="en" xlink:role="http://www.xbrl.org/2003/role/label">Service type 1</link:label>
    <link:labelArc xlink:type="arc" xlink:arcrole="http://www.xbrl.org/2003/arcrole/concept-label" xlink:from="loc_dnb-crd_x1" xlink:to="label_dnb-crd_x1" />
    <link:label xlink:type="resource" xlink:label="label_dnb-crd_x1_1" xml:lang="en" xlink:role="http://www.xbrl.org/2003/role/verboseLabel">Services enabling cash to be placed on a payment account as well as all the operations required for operating a payment account</link:label>
    <link:labelArc xlink:type="arc" xlink:arcrole="http://www.xbrl.org/2003/arcrole/concept-label" xlink:from="loc_dnb-crd_x1" xlink:to="label_dnb-crd_x1_1" />
    <link:loc xlink:type="locator" xlink:href="mem.xsd#dnb-crd_x2" xlink:label="loc_dnb-crd_x2" />
    <link:label xlink:type="resource" xlink:label="label_dnb-crd_x2" xml:lang="en" xlink:role="http://www.xbrl.org/2003/role/label">Service type 2</link:label>
    <link:labelArc xlink:type="arc" xlink:arcrole="http://www.xbrl.org/2003/arcrole/concept-label" xlink:from="loc_dnb-crd_x2" xlink:to="label_dnb-crd_x2" />
    <link:label xlink:type="resource" xlink:label="label_dnb-crd_x2_1" xml:lang="en" xlink:role="http://www.xbrl.org/2003/role/verboseLabel">Services enabling cash withdrawals from a payment account as well as all the operations required for operating a payment account</link:label>
    <link:labelArc xlink:type="arc" xlink:arcrole="http://www.xbrl.org/2003/arcrole/concept-label" xlink:from="loc_dnb-crd_x2" xlink:to="label_dnb-crd_x2_1" />
    <link:loc xlink:type="locator" xlink:href="mem.xsd#dnb-crd_x3" xlink:label="loc_dnb-crd_x3" />
    <link:label xlink:type="resource" xlink:label="label_dnb-crd_x3" xml:lang="en" xlink:role="http://www.xbrl.org/2003/role/label">Service type 3</link:label>
    <link:labelArc xlink:type="arc" xlink:arcrole="http://www.xbrl.org/2003/arcrole/concept-label" xlink:from="loc_dnb-crd_x3" xlink:to="label_dnb-crd_x3" />
    <link:label xlink:type="resource" xlink:label="label_dnb-crd_x3_1" xml:lang="en" xlink:role="http://www.xbrl.org/2003/role/verboseLabel">Execution of payment transactions, including transfers of funds on a payment account with the user’s payment service provider or with another payment service provider</link:label>
    <link:labelArc xlink:type="arc" xlink:arcrole="http://www.xbrl.org/2003/arcrole/concept-label" xlink:from="loc_dnb-crd_x3" xlink:to="label_dnb-crd_x3_1" />
    <link:loc xlink:type="locator" xlink:href="mem.xsd#dnb-crd_x4" xlink:label="loc_dnb-crd_x4" />
    <link:label xlink:type="resource" xlink:label="label_dnb-crd_x4" xml:lang="en" xlink:role="http://www.xbrl.org/2003/role/label">Service type 4</link:label>
    <link:labelArc xlink:type="arc" xlink:arcrole="http://www.xbrl.org/2003/arcrole/concept-label" xlink:from="loc_dnb-crd_x4" xlink:to="label_dnb-crd_x4" />
    <link:label xlink:type="resource" xlink:label="label_dnb-crd_x4_1" xml:lang="en" xlink:role="http://www.xbrl.org/2003/role/verboseLabel">Execution of payment transactions where the funds are covered by a credit line for a payment service user</link:label>
    <link:labelArc xlink:type="arc" xlink:arcrole="http://www.xbrl.org/2003/arcrole/concept-label" xlink:from="loc_dnb-crd_x4" xlink:to="label_dnb-crd_x4_1" />
    <link:loc xlink:type="locator" xlink:href="mem.xsd#dnb-crd_x5" xlink:label="loc_dnb-crd_x5" />
    <link:label xlink:type="resource" xlink:label="label_dnb-crd_x5" xml:lang="en" xlink:role="http://www.xbrl.org/2003/role/label">Service type 5</link:label>
    <link:labelArc xlink:type="arc" xlink:arcrole="http://www.xbrl.org/2003/arcrole/concept-label" xlink:from="loc_dnb-crd_x5" xlink:to="label_dnb-crd_x5" />
    <link:label xlink:type="resource" xlink:label="label_dnb-crd_x5_1" xml:lang="en" xlink:role="http://www.xbrl.org/2003/role/verboseLabel">Issuing of payment instruments and/or acquiring of payment transactions</link:label>
    <link:labelArc xlink:type="arc" xlink:arcrole="http://www.xbrl.org/2003/arcrole/concept-label" xlink:from="loc_dnb-crd_x5" xlink:to="label_dnb-crd_x5_1" />
    <link:loc xlink:type="locator" xlink:href="mem.xsd#dnb-crd_x6" xlink:label="loc_dnb-crd_x6" />
    <link:label xlink:type="resource" xlink:label="label_dnb-crd_x6" xml:lang="en" xlink:role="http://www.xbrl.org/2003/role/label">Service type 6</link:label>
    <link:labelArc xlink:type="arc" xlink:arcrole="http://www.xbrl.org/2003/arcrole/concept-label" xlink:from="loc_dnb-crd_x6" xlink:to="label_dnb-crd_x6" />
    <link:label xlink:type="resource" xlink:label="label_dnb-crd_x6_1" xml:lang="en" xlink:role="http://www.xbrl.org/2003/role/verboseLabel">Money remittance</link:label>
    <link:labelArc xlink:type="arc" xlink:arcrole="http://www.xbrl.org/2003/arcrole/concept-label" xlink:from="loc_dnb-crd_x6" xlink:to="label_dnb-crd_x6_1" />
    <link:loc xlink:type="locator" xlink:href="mem.xsd#dnb-crd_x7" xlink:label="loc_dnb-crd_x7" />
    <link:label xlink:type="resource" xlink:label="label_dnb-crd_x7" xml:lang="en" xlink:role="http://www.xbrl.org/2003/role/label">Service type 7</link:label>
    <link:labelArc xlink:type="arc" xlink:arcrole="http://www.xbrl.org/2003/arcrole/concept-label" xlink:from="loc_dnb-crd_x7" xlink:to="label_dnb-crd_x7" />
    <link:label xlink:type="resource" xlink:label="label_dnb-crd_x7_1" xml:lang="en" xlink:role="http://www.xbrl.org/2003/role/verboseLabel">Payment initiation services</link:label>
    <link:labelArc xlink:type="arc" xlink:arcrole="http://www.xbrl.org/2003/arcrole/concept-label" xlink:from="loc_dnb-crd_x7" xlink:to="label_dnb-crd_x7_1" />
    <link:loc xlink:type="locator" xlink:href="mem.xsd#dnb-crd_x8" xlink:label="loc_dnb-crd_x8" />
    <link:label xlink:type="resource" xlink:label="label_dnb-crd_x8" xml:lang="en" xlink:role="http://www.xbrl.org/2003/role/label">Service type 8</link:label>
    <link:labelArc xlink:type="arc" xlink:arcrole="http://www.xbrl.org/2003/arcrole/concept-label" xlink:from="loc_dnb-crd_x8" xlink:to="label_dnb-crd_x8" />
    <link:label xlink:type="resource" xlink:label="label_dnb-crd_x8_1" xml:lang="en" xlink:role="http://www.xbrl.org/2003/role/verboseLabel">Account information services</link:label>
    <link:labelArc xlink:type="arc" xlink:arcrole="http://www.xbrl.org/2003/arcrole/concept-label" xlink:from="loc_dnb-crd_x8" xlink:to="label_dnb-crd_x8_1" />
  </link:labelLink>
</link:linkbase>