﻿<?xml version="1.0" encoding="utf-8"?>
<!--© DNB-->
<link:linkbase xmlns:xsi="http://www.w3.org/2001/XMLSchema-instance" xmlns:xlink="http://www.w3.org/1999/xlink" xmlns:link="http://www.xbrl.org/2003/linkbase" xmlns:xbrldt="http://xbrl.org/2005/xbrldt" xsi:schemaLocation="http://www.xbrl.org/2003/linkbase http://www.xbrl.org/2003/xbrl-linkbase-2003-12-31.xsd http://xbrl.org/2005/xbrldt http://www.xbrl.org/2005/xbrldt-2005.xsd">
  <link:arcroleRef arcroleURI="http://xbrl.org/int/dim/arcrole/all" xlink:type="simple" xlink:href="http://www.xbrl.org/2005/xbrldt-2005.xsd#all" />
  <link:arcroleRef arcroleURI="http://xbrl.org/int/dim/arcrole/dimension-domain" xlink:type="simple" xlink:href="http://www.xbrl.org/2005/xbrldt-2005.xsd#dimension-domain" />
  <link:arcroleRef arcroleURI="http://xbrl.org/int/dim/arcrole/domain-member" xlink:type="simple" xlink:href="http://www.xbrl.org/2005/xbrldt-2005.xsd#domain-member" />
  <link:arcroleRef arcroleURI="http://xbrl.org/int/dim/arcrole/hypercube-dimension" xlink:type="simple" xlink:href="http://www.xbrl.org/2005/xbrldt-2005.xsd#hypercube-dimension" />
  <link:roleRef roleURI="http://www.dnb.nl/xbrl/xtn/role/fws/FINREP-BO/wft-3-72/2017-11-01/tab/F_00.03/1" xlink:type="simple" xlink:href="f_00.03.xsd#role1" />
  <link:roleRef roleURI="http://www.dnb.nl/xbrl/xtn/role/fws/FINREP-BO/wft-3-72/2017-11-01/tab/F_00.03/2" xlink:type="simple" xlink:href="f_00.03.xsd#role2" />
  <link:roleRef roleURI="http://www.dnb.nl/xbrl/xtn/role/fws/FINREP-BO/wft-3-72/2017-11-01/tab/F_00.03/3" xlink:type="simple" xlink:href="f_00.03.xsd#role3" />
  <link:definitionLink xlink:type="extended" xlink:role="http://www.dnb.nl/xbrl/xtn/role/fws/FINREP-BO/wft-3-72/2017-11-01/tab/F_00.03/1">
    <link:loc xlink:type="locator" xlink:href="../../../../../../dict/met/met.xsd#dnb-crd_ii1007" xlink:label="loc_dnb-crd_ii1007" />
    <link:loc xlink:type="locator" xlink:href="http://www.eurofiling.info/eu/fr/xbrl/ext/model.xsd#hyp" xlink:label="loc_hyp" />
    <link:definitionArc xlink:type="arc" xlink:arcrole="http://xbrl.org/int/dim/arcrole/all" xlink:from="loc_dnb-crd_ii1007" xlink:to="loc_hyp" xbrldt:closed="true" xbrldt:contextElement="scenario" order="1" />
    <link:loc xlink:type="locator" xlink:href="http://www.eba.europa.eu/eu/fr/xbrl/crr/dict/dim/dim.xsd#eba_BAS" xlink:label="loc_eba_BAS" />
    <link:definitionArc xlink:type="arc" xlink:arcrole="http://xbrl.org/int/dim/arcrole/hypercube-dimension" xlink:from="loc_hyp" xlink:to="loc_eba_BAS" order="1" />
    <link:loc xlink:type="locator" xlink:href="http://www.eba.europa.eu/eu/fr/xbrl/crr/dict/dom/exp.xsd#eba_BA" xlink:label="loc_eba_BA" />
    <link:definitionArc xlink:type="arc" xlink:arcrole="http://xbrl.org/int/dim/arcrole/dimension-domain" xlink:from="loc_eba_BAS" xlink:to="loc_eba_BA" xbrldt:usable="false" order="1" />
    <link:loc xlink:type="locator" xlink:href="http://www.eba.europa.eu/eu/fr/xbrl/crr/dict/dom/ba/mem.xsd#eba_x17" xlink:label="loc_eba_x17" />
    <link:definitionArc xlink:type="arc" xlink:arcrole="http://xbrl.org/int/dim/arcrole/domain-member" xlink:from="loc_eba_BA" xlink:to="loc_eba_x17" order="1" />
    <link:loc xlink:type="locator" xlink:href="../../../../../../dict/dim/dim.xsd#dnb-crd_SVT" xlink:label="loc_dnb-crd_SVT" />
    <link:definitionArc xlink:type="arc" xlink:arcrole="http://xbrl.org/int/dim/arcrole/hypercube-dimension" xlink:from="loc_hyp" xlink:to="loc_dnb-crd_SVT" order="2" />
    <link:loc xlink:type="locator" xlink:href="http://www.eba.europa.eu/eu/fr/xbrl/crr/dict/dom/exp.xsd#eba_BT" xlink:label="loc_eba_BT" />
    <link:definitionArc xlink:type="arc" xlink:arcrole="http://xbrl.org/int/dim/arcrole/dimension-domain" xlink:from="loc_dnb-crd_SVT" xlink:to="loc_eba_BT" xbrldt:usable="false" order="1" />
    <link:loc xlink:type="locator" xlink:href="../../../../../../dict/dom/dnbeba_bt/mem.xsd#dnb-crd_x1000" xlink:label="loc_dnb-crd_x1000" />
    <link:definitionArc xlink:type="arc" xlink:arcrole="http://xbrl.org/int/dim/arcrole/domain-member" xlink:from="loc_eba_BT" xlink:to="loc_dnb-crd_x1000" order="1" />
    <link:loc xlink:type="locator" xlink:href="../../../../../../dict/dom/dnbeba_bt/mem.xsd#dnb-crd_x1001" xlink:label="loc_dnb-crd_x1001" />
    <link:definitionArc xlink:type="arc" xlink:arcrole="http://xbrl.org/int/dim/arcrole/domain-member" xlink:from="loc_eba_BT" xlink:to="loc_dnb-crd_x1001" order="2" />
    <link:loc xlink:type="locator" xlink:href="http://www.eba.europa.eu/eu/fr/xbrl/crr/dict/dim/dim.xsd#eba_MCY" xlink:label="loc_eba_MCY" />
    <link:definitionArc xlink:type="arc" xlink:arcrole="http://xbrl.org/int/dim/arcrole/hypercube-dimension" xlink:from="loc_hyp" xlink:to="loc_eba_MCY" order="3" />
    <link:loc xlink:type="locator" xlink:href="http://www.eba.europa.eu/eu/fr/xbrl/crr/dict/dom/exp.xsd#eba_MC" xlink:label="loc_eba_MC" />
    <link:definitionArc xlink:type="arc" xlink:arcrole="http://xbrl.org/int/dim/arcrole/dimension-domain" xlink:from="loc_eba_MCY" xlink:to="loc_eba_MC" xbrldt:usable="false" order="1" />
    <link:loc xlink:type="locator" xlink:href="../../../../../../dict/dom/dnbeba_mc/mem.xsd#dnb-crd_x1019" xlink:label="loc_dnb-crd_x1019" />
    <link:definitionArc xlink:type="arc" xlink:arcrole="http://xbrl.org/int/dim/arcrole/domain-member" xlink:from="loc_eba_MC" xlink:to="loc_dnb-crd_x1019" order="1" />
    <link:loc xlink:type="locator" xlink:href="http://www.eba.europa.eu/eu/fr/xbrl/crr/dict/dim/dim.xsd#eba_TYA" xlink:label="loc_eba_TYA" />
    <link:definitionArc xlink:type="arc" xlink:arcrole="http://xbrl.org/int/dim/arcrole/hypercube-dimension" xlink:from="loc_hyp" xlink:to="loc_eba_TYA" order="4" />
    <link:loc xlink:type="locator" xlink:href="http://www.eba.europa.eu/eu/fr/xbrl/crr/dict/dom/exp.xsd#eba_TA" xlink:label="loc_eba_TA" />
    <link:definitionArc xlink:type="arc" xlink:arcrole="http://xbrl.org/int/dim/arcrole/dimension-domain" xlink:from="loc_eba_TYA" xlink:to="loc_eba_TA" xbrldt:usable="false" order="1" />
    <link:loc xlink:type="locator" xlink:href="../../../../../../dict/dom/dnbeba_ta/mem.xsd#dnb-crd_x1016" xlink:label="loc_dnb-crd_x1016" />
    <link:definitionArc xlink:type="arc" xlink:arcrole="http://xbrl.org/int/dim/arcrole/domain-member" xlink:from="loc_eba_TA" xlink:to="loc_dnb-crd_x1016" order="1" />
    <link:loc xlink:type="locator" xlink:href="../../../../../../dict/dim/dim.xsd#dnb-crd_TFN" xlink:label="loc_dnb-crd_TFN" />
    <link:definitionArc xlink:type="arc" xlink:arcrole="http://xbrl.org/int/dim/arcrole/hypercube-dimension" xlink:from="loc_hyp" xlink:to="loc_dnb-crd_TFN" order="5" />
    <link:loc xlink:type="locator" xlink:href="../../../../../../dict/dom/exp.xsd#dnb-crd_TF" xlink:label="loc_dnb-crd_TF" />
    <link:definitionArc xlink:type="arc" xlink:arcrole="http://xbrl.org/int/dim/arcrole/dimension-domain" xlink:from="loc_dnb-crd_TFN" xlink:to="loc_dnb-crd_TF" xbrldt:usable="false" order="1" />
    <link:loc xlink:type="locator" xlink:href="../../../../../../dict/dom/tf/mem.xsd#dnb-crd_x0" xlink:label="loc_dnb-crd_x0" />
    <link:definitionArc xlink:type="arc" xlink:arcrole="http://xbrl.org/int/dim/arcrole/domain-member" xlink:from="loc_dnb-crd_TF" xlink:to="loc_dnb-crd_x0" order="1" />
  </link:definitionLink>
  <link:definitionLink xlink:type="extended" xlink:role="http://www.dnb.nl/xbrl/xtn/role/fws/FINREP-BO/wft-3-72/2017-11-01/tab/F_00.03/2">
    <link:loc xlink:type="locator" xlink:href="../../../../../../dict/met/met.xsd#dnb-crd_ii1003" xlink:label="loc_dnb-crd_ii1003" />
    <link:loc xlink:type="locator" xlink:href="http://www.eurofiling.info/eu/fr/xbrl/ext/model.xsd#hyp" xlink:label="loc_hyp" />
    <link:definitionArc xlink:type="arc" xlink:arcrole="http://xbrl.org/int/dim/arcrole/all" xlink:from="loc_dnb-crd_ii1003" xlink:to="loc_hyp" xbrldt:closed="true" xbrldt:contextElement="scenario" order="1" />
    <link:loc xlink:type="locator" xlink:href="http://www.eba.europa.eu/eu/fr/xbrl/crr/dict/dim/dim.xsd#eba_BAS" xlink:label="loc_eba_BAS" />
    <link:definitionArc xlink:type="arc" xlink:arcrole="http://xbrl.org/int/dim/arcrole/hypercube-dimension" xlink:from="loc_hyp" xlink:to="loc_eba_BAS" order="1" />
    <link:loc xlink:type="locator" xlink:href="http://www.eba.europa.eu/eu/fr/xbrl/crr/dict/dom/exp.xsd#eba_BA" xlink:label="loc_eba_BA" />
    <link:definitionArc xlink:type="arc" xlink:arcrole="http://xbrl.org/int/dim/arcrole/dimension-domain" xlink:from="loc_eba_BAS" xlink:to="loc_eba_BA" xbrldt:usable="false" order="1" />
    <link:loc xlink:type="locator" xlink:href="http://www.eba.europa.eu/eu/fr/xbrl/crr/dict/dom/ba/mem.xsd#eba_x17" xlink:label="loc_eba_x17" />
    <link:definitionArc xlink:type="arc" xlink:arcrole="http://xbrl.org/int/dim/arcrole/domain-member" xlink:from="loc_eba_BA" xlink:to="loc_eba_x17" order="1" />
    <link:loc xlink:type="locator" xlink:href="../../../../../../dict/dim/dim.xsd#dnb-crd_SVT" xlink:label="loc_dnb-crd_SVT" />
    <link:definitionArc xlink:type="arc" xlink:arcrole="http://xbrl.org/int/dim/arcrole/hypercube-dimension" xlink:from="loc_hyp" xlink:to="loc_dnb-crd_SVT" order="2" />
    <link:loc xlink:type="locator" xlink:href="http://www.eba.europa.eu/eu/fr/xbrl/crr/dict/dom/exp.xsd#eba_BT" xlink:label="loc_eba_BT" />
    <link:definitionArc xlink:type="arc" xlink:arcrole="http://xbrl.org/int/dim/arcrole/dimension-domain" xlink:from="loc_dnb-crd_SVT" xlink:to="loc_eba_BT" xbrldt:usable="false" order="1" />
    <link:loc xlink:type="locator" xlink:href="../../../../../../dict/dom/dnbeba_bt/mem.xsd#dnb-crd_x1000" xlink:label="loc_dnb-crd_x1000" />
    <link:definitionArc xlink:type="arc" xlink:arcrole="http://xbrl.org/int/dim/arcrole/domain-member" xlink:from="loc_eba_BT" xlink:to="loc_dnb-crd_x1000" order="1" />
    <link:loc xlink:type="locator" xlink:href="../../../../../../dict/dom/dnbeba_bt/mem.xsd#dnb-crd_x1001" xlink:label="loc_dnb-crd_x1001" />
    <link:definitionArc xlink:type="arc" xlink:arcrole="http://xbrl.org/int/dim/arcrole/domain-member" xlink:from="loc_eba_BT" xlink:to="loc_dnb-crd_x1001" order="2" />
    <link:loc xlink:type="locator" xlink:href="http://www.eba.europa.eu/eu/fr/xbrl/crr/dict/dim/dim.xsd#eba_MCY" xlink:label="loc_eba_MCY" />
    <link:definitionArc xlink:type="arc" xlink:arcrole="http://xbrl.org/int/dim/arcrole/hypercube-dimension" xlink:from="loc_hyp" xlink:to="loc_eba_MCY" order="3" />
    <link:loc xlink:type="locator" xlink:href="http://www.eba.europa.eu/eu/fr/xbrl/crr/dict/dom/exp.xsd#eba_MC" xlink:label="loc_eba_MC" />
    <link:definitionArc xlink:type="arc" xlink:arcrole="http://xbrl.org/int/dim/arcrole/dimension-domain" xlink:from="loc_eba_MCY" xlink:to="loc_eba_MC" xbrldt:usable="false" order="1" />
    <link:loc xlink:type="locator" xlink:href="../../../../../../dict/dom/dnbeba_mc/mem.xsd#dnb-crd_x1020" xlink:label="loc_dnb-crd_x1020" />
    <link:definitionArc xlink:type="arc" xlink:arcrole="http://xbrl.org/int/dim/arcrole/domain-member" xlink:from="loc_eba_MC" xlink:to="loc_dnb-crd_x1020" order="1" />
    <link:loc xlink:type="locator" xlink:href="http://www.eba.europa.eu/eu/fr/xbrl/crr/dict/dim/dim.xsd#eba_TYA" xlink:label="loc_eba_TYA" />
    <link:definitionArc xlink:type="arc" xlink:arcrole="http://xbrl.org/int/dim/arcrole/hypercube-dimension" xlink:from="loc_hyp" xlink:to="loc_eba_TYA" order="4" />
    <link:loc xlink:type="locator" xlink:href="http://www.eba.europa.eu/eu/fr/xbrl/crr/dict/dom/exp.xsd#eba_TA" xlink:label="loc_eba_TA" />
    <link:definitionArc xlink:type="arc" xlink:arcrole="http://xbrl.org/int/dim/arcrole/dimension-domain" xlink:from="loc_eba_TYA" xlink:to="loc_eba_TA" xbrldt:usable="false" order="1" />
    <link:loc xlink:type="locator" xlink:href="../../../../../../dict/dom/dnbeba_ta/mem.xsd#dnb-crd_x1016" xlink:label="loc_dnb-crd_x1016" />
    <link:definitionArc xlink:type="arc" xlink:arcrole="http://xbrl.org/int/dim/arcrole/domain-member" xlink:from="loc_eba_TA" xlink:to="loc_dnb-crd_x1016" order="1" />
    <link:loc xlink:type="locator" xlink:href="../../../../../../dict/dim/dim.xsd#dnb-crd_TFN" xlink:label="loc_dnb-crd_TFN" />
    <link:definitionArc xlink:type="arc" xlink:arcrole="http://xbrl.org/int/dim/arcrole/hypercube-dimension" xlink:from="loc_hyp" xlink:to="loc_dnb-crd_TFN" order="5" />
    <link:loc xlink:type="locator" xlink:href="../../../../../../dict/dom/exp.xsd#dnb-crd_TF" xlink:label="loc_dnb-crd_TF" />
    <link:definitionArc xlink:type="arc" xlink:arcrole="http://xbrl.org/int/dim/arcrole/dimension-domain" xlink:from="loc_dnb-crd_TFN" xlink:to="loc_dnb-crd_TF" xbrldt:usable="false" order="1" />
    <link:loc xlink:type="locator" xlink:href="../../../../../../dict/dom/tf/mem.xsd#dnb-crd_x0" xlink:label="loc_dnb-crd_x0" />
    <link:definitionArc xlink:type="arc" xlink:arcrole="http://xbrl.org/int/dim/arcrole/domain-member" xlink:from="loc_dnb-crd_TF" xlink:to="loc_dnb-crd_x0" order="1" />
    <link:loc xlink:type="locator" xlink:href="../../../../../../dict/dom/tf/mem.xsd#dnb-crd_x1" xlink:label="loc_dnb-crd_x1" />
    <link:definitionArc xlink:type="arc" xlink:arcrole="http://xbrl.org/int/dim/arcrole/domain-member" xlink:from="loc_dnb-crd_TF" xlink:to="loc_dnb-crd_x1" order="2" />
    <link:loc xlink:type="locator" xlink:href="../../../../../../dict/dom/tf/mem.xsd#dnb-crd_x2" xlink:label="loc_dnb-crd_x2" />
    <link:definitionArc xlink:type="arc" xlink:arcrole="http://xbrl.org/int/dim/arcrole/domain-member" xlink:from="loc_dnb-crd_TF" xlink:to="loc_dnb-crd_x2" order="3" />
    <link:loc xlink:type="locator" xlink:href="../../../../../../dict/dom/tf/mem.xsd#dnb-crd_x4" xlink:label="loc_dnb-crd_x4" />
    <link:definitionArc xlink:type="arc" xlink:arcrole="http://xbrl.org/int/dim/arcrole/domain-member" xlink:from="loc_dnb-crd_TF" xlink:to="loc_dnb-crd_x4" order="4" />
  </link:definitionLink>
  <link:definitionLink xlink:type="extended" xlink:role="http://www.dnb.nl/xbrl/xtn/role/fws/FINREP-BO/wft-3-72/2017-11-01/tab/F_00.03/3">
    <link:loc xlink:type="locator" xlink:href="http://www.eba.europa.eu/eu/fr/xbrl/crr/dict/met/met.xsd#eba_mi420" xlink:label="loc_eba_mi420" />
    <link:loc xlink:type="locator" xlink:href="http://www.eurofiling.info/eu/fr/xbrl/ext/model.xsd#hyp" xlink:label="loc_hyp" />
    <link:definitionArc xlink:type="arc" xlink:arcrole="http://xbrl.org/int/dim/arcrole/all" xlink:from="loc_eba_mi420" xlink:to="loc_hyp" xbrldt:closed="true" xbrldt:contextElement="scenario" order="1" />
    <link:loc xlink:type="locator" xlink:href="http://www.eba.europa.eu/eu/fr/xbrl/crr/dict/dim/dim.xsd#eba_BAS" xlink:label="loc_eba_BAS" />
    <link:definitionArc xlink:type="arc" xlink:arcrole="http://xbrl.org/int/dim/arcrole/hypercube-dimension" xlink:from="loc_hyp" xlink:to="loc_eba_BAS" order="1" />
    <link:loc xlink:type="locator" xlink:href="http://www.eba.europa.eu/eu/fr/xbrl/crr/dict/dom/exp.xsd#eba_BA" xlink:label="loc_eba_BA" />
    <link:definitionArc xlink:type="arc" xlink:arcrole="http://xbrl.org/int/dim/arcrole/dimension-domain" xlink:from="loc_eba_BAS" xlink:to="loc_eba_BA" xbrldt:usable="false" order="1" />
    <link:loc xlink:type="locator" xlink:href="http://www.eba.europa.eu/eu/fr/xbrl/crr/dict/dom/ba/mem.xsd#eba_x17" xlink:label="loc_eba_x17" />
    <link:definitionArc xlink:type="arc" xlink:arcrole="http://xbrl.org/int/dim/arcrole/domain-member" xlink:from="loc_eba_BA" xlink:to="loc_eba_x17" order="1" />
    <link:loc xlink:type="locator" xlink:href="../../../../../../dict/dim/dim.xsd#dnb-crd_SVT" xlink:label="loc_dnb-crd_SVT" />
    <link:definitionArc xlink:type="arc" xlink:arcrole="http://xbrl.org/int/dim/arcrole/hypercube-dimension" xlink:from="loc_hyp" xlink:to="loc_dnb-crd_SVT" order="2" />
    <link:loc xlink:type="locator" xlink:href="http://www.eba.europa.eu/eu/fr/xbrl/crr/dict/dom/exp.xsd#eba_BT" xlink:label="loc_eba_BT" />
    <link:definitionArc xlink:type="arc" xlink:arcrole="http://xbrl.org/int/dim/arcrole/dimension-domain" xlink:from="loc_dnb-crd_SVT" xlink:to="loc_eba_BT" xbrldt:usable="false" order="1" />
    <link:loc xlink:type="locator" xlink:href="../../../../../../dict/dom/dnbeba_bt/mem.xsd#dnb-crd_x1000" xlink:label="loc_dnb-crd_x1000" />
    <link:definitionArc xlink:type="arc" xlink:arcrole="http://xbrl.org/int/dim/arcrole/domain-member" xlink:from="loc_eba_BT" xlink:to="loc_dnb-crd_x1000" order="1" />
    <link:loc xlink:type="locator" xlink:href="../../../../../../dict/dom/dnbeba_bt/mem.xsd#dnb-crd_x1001" xlink:label="loc_dnb-crd_x1001" />
    <link:definitionArc xlink:type="arc" xlink:arcrole="http://xbrl.org/int/dim/arcrole/domain-member" xlink:from="loc_eba_BT" xlink:to="loc_dnb-crd_x1001" order="2" />
    <link:loc xlink:type="locator" xlink:href="http://www.eba.europa.eu/eu/fr/xbrl/crr/dict/dim/dim.xsd#eba_MCY" xlink:label="loc_eba_MCY" />
    <link:definitionArc xlink:type="arc" xlink:arcrole="http://xbrl.org/int/dim/arcrole/hypercube-dimension" xlink:from="loc_hyp" xlink:to="loc_eba_MCY" order="3" />
    <link:loc xlink:type="locator" xlink:href="http://www.eba.europa.eu/eu/fr/xbrl/crr/dict/dom/exp.xsd#eba_MC" xlink:label="loc_eba_MC" />
    <link:definitionArc xlink:type="arc" xlink:arcrole="http://xbrl.org/int/dim/arcrole/dimension-domain" xlink:from="loc_eba_MCY" xlink:to="loc_eba_MC" xbrldt:usable="false" order="1" />
    <link:loc xlink:type="locator" xlink:href="../../../../../../dict/dom/dnbeba_mc/mem.xsd#dnb-crd_x1017" xlink:label="loc_dnb-crd_x1017" />
    <link:definitionArc xlink:type="arc" xlink:arcrole="http://xbrl.org/int/dim/arcrole/domain-member" xlink:from="loc_eba_MC" xlink:to="loc_dnb-crd_x1017" order="1" />
    <link:loc xlink:type="locator" xlink:href="http://www.eba.europa.eu/eu/fr/xbrl/crr/dict/dim/dim.xsd#eba_TYA" xlink:label="loc_eba_TYA" />
    <link:definitionArc xlink:type="arc" xlink:arcrole="http://xbrl.org/int/dim/arcrole/hypercube-dimension" xlink:from="loc_hyp" xlink:to="loc_eba_TYA" order="4" />
    <link:loc xlink:type="locator" xlink:href="http://www.eba.europa.eu/eu/fr/xbrl/crr/dict/dom/exp.xsd#eba_TA" xlink:label="loc_eba_TA" />
    <link:definitionArc xlink:type="arc" xlink:arcrole="http://xbrl.org/int/dim/arcrole/dimension-domain" xlink:from="loc_eba_TYA" xlink:to="loc_eba_TA" xbrldt:usable="false" order="1" />
    <link:loc xlink:type="locator" xlink:href="../../../../../../dict/dom/dnbeba_ta/mem.xsd#dnb-crd_x1016" xlink:label="loc_dnb-crd_x1016" />
    <link:definitionArc xlink:type="arc" xlink:arcrole="http://xbrl.org/int/dim/arcrole/domain-member" xlink:from="loc_eba_TA" xlink:to="loc_dnb-crd_x1016" order="1" />
    <link:loc xlink:type="locator" xlink:href="../../../../../../dict/dim/dim.xsd#dnb-crd_TFN" xlink:label="loc_dnb-crd_TFN" />
    <link:definitionArc xlink:type="arc" xlink:arcrole="http://xbrl.org/int/dim/arcrole/hypercube-dimension" xlink:from="loc_hyp" xlink:to="loc_dnb-crd_TFN" order="5" />
    <link:loc xlink:type="locator" xlink:href="../../../../../../dict/dom/exp.xsd#dnb-crd_TF" xlink:label="loc_dnb-crd_TF" />
    <link:definitionArc xlink:type="arc" xlink:arcrole="http://xbrl.org/int/dim/arcrole/dimension-domain" xlink:from="loc_dnb-crd_TFN" xlink:to="loc_dnb-crd_TF" xbrldt:usable="false" order="1" />
    <link:loc xlink:type="locator" xlink:href="../../../../../../dict/dom/tf/mem.xsd#dnb-crd_x0" xlink:label="loc_dnb-crd_x0" />
    <link:definitionArc xlink:type="arc" xlink:arcrole="http://xbrl.org/int/dim/arcrole/domain-member" xlink:from="loc_dnb-crd_TF" xlink:to="loc_dnb-crd_x0" order="1" />
    <link:loc xlink:type="locator" xlink:href="../../../../../../dict/dom/tf/mem.xsd#dnb-crd_x1" xlink:label="loc_dnb-crd_x1" />
    <link:definitionArc xlink:type="arc" xlink:arcrole="http://xbrl.org/int/dim/arcrole/domain-member" xlink:from="loc_dnb-crd_TF" xlink:to="loc_dnb-crd_x1" order="2" />
    <link:loc xlink:type="locator" xlink:href="../../../../../../dict/dom/tf/mem.xsd#dnb-crd_x2" xlink:label="loc_dnb-crd_x2" />
    <link:definitionArc xlink:type="arc" xlink:arcrole="http://xbrl.org/int/dim/arcrole/domain-member" xlink:from="loc_dnb-crd_TF" xlink:to="loc_dnb-crd_x2" order="3" />
    <link:loc xlink:type="locator" xlink:href="../../../../../../dict/dom/tf/mem.xsd#dnb-crd_x4" xlink:label="loc_dnb-crd_x4" />
    <link:definitionArc xlink:type="arc" xlink:arcrole="http://xbrl.org/int/dim/arcrole/domain-member" xlink:from="loc_dnb-crd_TF" xlink:to="loc_dnb-crd_x4" order="4" />
  </link:definitionLink>
</link:linkbase>