﻿<?xml version="1.0" encoding="utf-8"?>
<!--© DNB-->
<link:linkbase xmlns:xsi="http://www.w3.org/2001/XMLSchema-instance" xmlns:xlink="http://www.w3.org/1999/xlink" xmlns:link="http://www.xbrl.org/2003/linkbase" xmlns:gen="http://xbrl.org/2008/generic" xmlns:label="http://xbrl.org/2008/label" xmlns:formula="http://xbrl.org/2008/formula" xmlns:df="http://xbrl.org/2008/filter/dimension" xmlns:table="http://xbrl.org/2014/table" xmlns:model="http://www.eurofiling.info/xbrl/ext/model" xmlns:dnbeba_dim="http://www.eba.europa.eu/xbrl/crr/dict/dim" xmlns:dnbeba_BA="http://www.eba.europa.eu/xbrl/crr/dict/dom/BA" xmlns:dnb-crd_dim="http://www.dnb.nl/xbrl/xtn/dict/dim" xmlns:dnb-crd_dnbeba_BT="http://www.dnb.nl/xbrl/xtn/dict/dom/dnbeba_BT" xmlns:dnb-crd_met="http://www.dnb.nl/xbrl/xtn/dict/met" xmlns:dnb-crd_dnbeba_MC="http://www.dnb.nl/xbrl/xtn/dict/dom/dnbeba_MC" xmlns:dnb-crd_dnbeba_TA="http://www.dnb.nl/xbrl/xtn/dict/dom/dnbeba_TA" xmlns:dnb-crd_TF="http://www.dnb.nl/xbrl/xtn/dict/dom/TF" xmlns:dnbeba_met="http://www.eba.europa.eu/xbrl/crr/dict/met" xsi:schemaLocation="http://www.xbrl.org/2003/linkbase http://www.xbrl.org/2003/xbrl-linkbase-2003-12-31.xsd http://xbrl.org/2008/generic http://www.xbrl.org/2008/generic-link.xsd http://xbrl.org/2008/label http://www.xbrl.org/2008/generic-label.xsd http://xbrl.org/2008/formula http://www.xbrl.org/2008/formula.xsd http://xbrl.org/2008/filter/dimension http://www.xbrl.org/2008/dimension-filter.xsd http://xbrl.org/2014/table http://www.xbrl.org/2014/table.xsd http://www.eurofiling.info/xbrl/ext/model http://www.eurofiling.info/eu/fr/xbrl/ext/model.xsd">
  <link:arcroleRef arcroleURI="http://xbrl.org/arcrole/2014/breakdown-tree" xlink:type="simple" xlink:href="http://www.xbrl.org/2014/table.xsd#breakdown-tree" />
  <link:arcroleRef arcroleURI="http://xbrl.org/arcrole/2014/definition-node-subtree" xlink:type="simple" xlink:href="http://www.xbrl.org/2014/table.xsd#definition-node-subtree" />
  <link:arcroleRef arcroleURI="http://xbrl.org/arcrole/2014/table-breakdown" xlink:type="simple" xlink:href="http://www.xbrl.org/2014/table.xsd#table-breakdown" />
  <link:roleRef roleURI="http://www.dnb.nl/xbrl/xtn/role/fws/FINREP-BO/wft-3-72/2017-11-01/tab/F_00.03" xlink:type="simple" xlink:href="f_00.03.xsd#role" />
  <gen:link xlink:type="extended" xlink:role="http://www.dnb.nl/xbrl/xtn/role/fws/FINREP-BO/wft-3-72/2017-11-01/tab/F_00.03">
    <table:table xlink:type="resource" xlink:label="dnb-crd_tF_00.03" id="dnb-crd_tF_00.03" />
    <table:breakdown xlink:type="resource" xlink:label="dnb-crd_a1" parentChildOrder="parent-first" id="dnb-crd_a1" />
    <table:ruleNode xlink:type="resource" xlink:label="dnb-crd_a1.root" abstract="true" merge="true" id="dnb-crd_a1.root" />
    <table:breakdownTreeArc xlink:type="arc" xlink:arcrole="http://xbrl.org/arcrole/2014/breakdown-tree" xlink:from="dnb-crd_a1" xlink:to="dnb-crd_a1.root" order="0" />
    <table:ruleNode xlink:type="resource" xlink:label="dnb-crd_c2" id="dnb-crd_c2">
      <formula:explicitDimension dimension="dnbeba_dim:BAS">
        <formula:member>
          <formula:qname>dnbeba_BA:x17</formula:qname>
        </formula:member>
      </formula:explicitDimension>
      <formula:explicitDimension dimension="dnb-crd_dim:SVT">
        <formula:member>
          <formula:qname>dnb-crd_dnbeba_BT:x1000</formula:qname>
        </formula:member>
      </formula:explicitDimension>
    </table:ruleNode>
    <table:definitionNodeSubtreeArc xlink:type="arc" xlink:arcrole="http://xbrl.org/arcrole/2014/definition-node-subtree" xlink:from="dnb-crd_a1.root" xlink:to="dnb-crd_c2" order="1" />
    <table:ruleNode xlink:type="resource" xlink:label="dnb-crd_c3" id="dnb-crd_c3">
      <formula:explicitDimension dimension="dnbeba_dim:BAS">
        <formula:member>
          <formula:qname>dnbeba_BA:x17</formula:qname>
        </formula:member>
      </formula:explicitDimension>
      <formula:explicitDimension dimension="dnb-crd_dim:SVT">
        <formula:member>
          <formula:qname>dnb-crd_dnbeba_BT:x1001</formula:qname>
        </formula:member>
      </formula:explicitDimension>
    </table:ruleNode>
    <table:definitionNodeSubtreeArc xlink:type="arc" xlink:arcrole="http://xbrl.org/arcrole/2014/definition-node-subtree" xlink:from="dnb-crd_a1.root" xlink:to="dnb-crd_c3" order="2" />
    <table:tableBreakdownArc xlink:type="arc" xlink:arcrole="http://xbrl.org/arcrole/2014/table-breakdown" xlink:from="dnb-crd_tF_00.03" xlink:to="dnb-crd_a1" axis="x" order="1" />
    <table:breakdown xlink:type="resource" xlink:label="dnb-crd_a2" parentChildOrder="parent-first" id="dnb-crd_a2" />
    <table:ruleNode xlink:type="resource" xlink:label="dnb-crd_a2.root" abstract="true" merge="true" id="dnb-crd_a2.root" />
    <table:breakdownTreeArc xlink:type="arc" xlink:arcrole="http://xbrl.org/arcrole/2014/breakdown-tree" xlink:from="dnb-crd_a2" xlink:to="dnb-crd_a2.root" order="0" />
    <table:ruleNode xlink:type="resource" xlink:label="dnb-crd_c4" id="dnb-crd_c4">
      <formula:concept>
        <formula:qname>dnb-crd_met:ii1007</formula:qname>
      </formula:concept>
      <formula:explicitDimension dimension="dnbeba_dim:MCY">
        <formula:member>
          <formula:qname>dnb-crd_dnbeba_MC:x1019</formula:qname>
        </formula:member>
      </formula:explicitDimension>
      <formula:explicitDimension dimension="dnbeba_dim:TYA">
        <formula:member>
          <formula:qname>dnb-crd_dnbeba_TA:x1016</formula:qname>
        </formula:member>
      </formula:explicitDimension>
    </table:ruleNode>
    <table:definitionNodeSubtreeArc xlink:type="arc" xlink:arcrole="http://xbrl.org/arcrole/2014/definition-node-subtree" xlink:from="dnb-crd_a2.root" xlink:to="dnb-crd_c4" order="1" />
    <table:ruleNode xlink:type="resource" xlink:label="dnb-crd_c5" id="dnb-crd_c5">
      <formula:concept>
        <formula:qname>dnb-crd_met:ii1003</formula:qname>
      </formula:concept>
      <formula:explicitDimension dimension="dnbeba_dim:MCY">
        <formula:member>
          <formula:qname>dnb-crd_dnbeba_MC:x1020</formula:qname>
        </formula:member>
      </formula:explicitDimension>
      <formula:explicitDimension dimension="dnbeba_dim:TYA">
        <formula:member>
          <formula:qname>dnb-crd_dnbeba_TA:x1016</formula:qname>
        </formula:member>
      </formula:explicitDimension>
    </table:ruleNode>
    <table:ruleNode xlink:type="resource" xlink:label="dnb-crd_c13" id="dnb-crd_c13">
      <formula:concept>
        <formula:qname>dnb-crd_met:ii1003</formula:qname>
      </formula:concept>
      <formula:explicitDimension dimension="dnbeba_dim:MCY">
        <formula:member>
          <formula:qname>dnb-crd_dnbeba_MC:x1020</formula:qname>
        </formula:member>
      </formula:explicitDimension>
      <formula:explicitDimension dimension="dnbeba_dim:TYA">
        <formula:member>
          <formula:qname>dnb-crd_dnbeba_TA:x1016</formula:qname>
        </formula:member>
      </formula:explicitDimension>
      <formula:explicitDimension dimension="dnb-crd_dim:TFN">
        <formula:member>
          <formula:qname>dnb-crd_TF:x1</formula:qname>
        </formula:member>
      </formula:explicitDimension>
    </table:ruleNode>
    <table:definitionNodeSubtreeArc xlink:type="arc" xlink:arcrole="http://xbrl.org/arcrole/2014/definition-node-subtree" xlink:from="dnb-crd_c5" xlink:to="dnb-crd_c13" order="1" />
    <table:ruleNode xlink:type="resource" xlink:label="dnb-crd_c14" id="dnb-crd_c14">
      <formula:concept>
        <formula:qname>dnb-crd_met:ii1003</formula:qname>
      </formula:concept>
      <formula:explicitDimension dimension="dnbeba_dim:MCY">
        <formula:member>
          <formula:qname>dnb-crd_dnbeba_MC:x1020</formula:qname>
        </formula:member>
      </formula:explicitDimension>
      <formula:explicitDimension dimension="dnbeba_dim:TYA">
        <formula:member>
          <formula:qname>dnb-crd_dnbeba_TA:x1016</formula:qname>
        </formula:member>
      </formula:explicitDimension>
      <formula:explicitDimension dimension="dnb-crd_dim:TFN">
        <formula:member>
          <formula:qname>dnb-crd_TF:x2</formula:qname>
        </formula:member>
      </formula:explicitDimension>
    </table:ruleNode>
    <table:definitionNodeSubtreeArc xlink:type="arc" xlink:arcrole="http://xbrl.org/arcrole/2014/definition-node-subtree" xlink:from="dnb-crd_c5" xlink:to="dnb-crd_c14" order="2" />
    <table:ruleNode xlink:type="resource" xlink:label="dnb-crd_c15" id="dnb-crd_c15">
      <formula:concept>
        <formula:qname>dnb-crd_met:ii1003</formula:qname>
      </formula:concept>
      <formula:explicitDimension dimension="dnbeba_dim:MCY">
        <formula:member>
          <formula:qname>dnb-crd_dnbeba_MC:x1020</formula:qname>
        </formula:member>
      </formula:explicitDimension>
      <formula:explicitDimension dimension="dnb-crd_dim:TFN">
        <formula:member>
          <formula:qname>dnb-crd_TF:x4</formula:qname>
        </formula:member>
      </formula:explicitDimension>
      <formula:explicitDimension dimension="dnbeba_dim:TYA">
        <formula:member>
          <formula:qname>dnb-crd_dnbeba_TA:x1016</formula:qname>
        </formula:member>
      </formula:explicitDimension>
    </table:ruleNode>
    <table:definitionNodeSubtreeArc xlink:type="arc" xlink:arcrole="http://xbrl.org/arcrole/2014/definition-node-subtree" xlink:from="dnb-crd_c5" xlink:to="dnb-crd_c15" order="3" />
    <table:definitionNodeSubtreeArc xlink:type="arc" xlink:arcrole="http://xbrl.org/arcrole/2014/definition-node-subtree" xlink:from="dnb-crd_a2.root" xlink:to="dnb-crd_c5" order="2" />
    <table:ruleNode xlink:type="resource" xlink:label="dnb-crd_c9" id="dnb-crd_c9">
      <formula:concept>
        <formula:qname>dnbeba_met:mi420</formula:qname>
      </formula:concept>
      <formula:explicitDimension dimension="dnbeba_dim:MCY">
        <formula:member>
          <formula:qname>dnb-crd_dnbeba_MC:x1017</formula:qname>
        </formula:member>
      </formula:explicitDimension>
      <formula:explicitDimension dimension="dnbeba_dim:TYA">
        <formula:member>
          <formula:qname>dnb-crd_dnbeba_TA:x1016</formula:qname>
        </formula:member>
      </formula:explicitDimension>
    </table:ruleNode>
    <table:ruleNode xlink:type="resource" xlink:label="dnb-crd_c16" id="dnb-crd_c16">
      <formula:concept>
        <formula:qname>dnbeba_met:mi420</formula:qname>
      </formula:concept>
      <formula:explicitDimension dimension="dnbeba_dim:MCY">
        <formula:member>
          <formula:qname>dnb-crd_dnbeba_MC:x1017</formula:qname>
        </formula:member>
      </formula:explicitDimension>
      <formula:explicitDimension dimension="dnb-crd_dim:TFN">
        <formula:member>
          <formula:qname>dnb-crd_TF:x1</formula:qname>
        </formula:member>
      </formula:explicitDimension>
      <formula:explicitDimension dimension="dnbeba_dim:TYA">
        <formula:member>
          <formula:qname>dnb-crd_dnbeba_TA:x1016</formula:qname>
        </formula:member>
      </formula:explicitDimension>
    </table:ruleNode>
    <table:definitionNodeSubtreeArc xlink:type="arc" xlink:arcrole="http://xbrl.org/arcrole/2014/definition-node-subtree" xlink:from="dnb-crd_c9" xlink:to="dnb-crd_c16" order="1" />
    <table:ruleNode xlink:type="resource" xlink:label="dnb-crd_c17" id="dnb-crd_c17">
      <formula:concept>
        <formula:qname>dnbeba_met:mi420</formula:qname>
      </formula:concept>
      <formula:explicitDimension dimension="dnbeba_dim:MCY">
        <formula:member>
          <formula:qname>dnb-crd_dnbeba_MC:x1017</formula:qname>
        </formula:member>
      </formula:explicitDimension>
      <formula:explicitDimension dimension="dnb-crd_dim:TFN">
        <formula:member>
          <formula:qname>dnb-crd_TF:x2</formula:qname>
        </formula:member>
      </formula:explicitDimension>
      <formula:explicitDimension dimension="dnbeba_dim:TYA">
        <formula:member>
          <formula:qname>dnb-crd_dnbeba_TA:x1016</formula:qname>
        </formula:member>
      </formula:explicitDimension>
    </table:ruleNode>
    <table:definitionNodeSubtreeArc xlink:type="arc" xlink:arcrole="http://xbrl.org/arcrole/2014/definition-node-subtree" xlink:from="dnb-crd_c9" xlink:to="dnb-crd_c17" order="2" />
    <table:ruleNode xlink:type="resource" xlink:label="dnb-crd_c18" id="dnb-crd_c18">
      <formula:concept>
        <formula:qname>dnbeba_met:mi420</formula:qname>
      </formula:concept>
      <formula:explicitDimension dimension="dnbeba_dim:MCY">
        <formula:member>
          <formula:qname>dnb-crd_dnbeba_MC:x1017</formula:qname>
        </formula:member>
      </formula:explicitDimension>
      <formula:explicitDimension dimension="dnb-crd_dim:TFN">
        <formula:member>
          <formula:qname>dnb-crd_TF:x4</formula:qname>
        </formula:member>
      </formula:explicitDimension>
      <formula:explicitDimension dimension="dnbeba_dim:TYA">
        <formula:member>
          <formula:qname>dnb-crd_dnbeba_TA:x1016</formula:qname>
        </formula:member>
      </formula:explicitDimension>
    </table:ruleNode>
    <table:definitionNodeSubtreeArc xlink:type="arc" xlink:arcrole="http://xbrl.org/arcrole/2014/definition-node-subtree" xlink:from="dnb-crd_c9" xlink:to="dnb-crd_c18" order="3" />
    <table:definitionNodeSubtreeArc xlink:type="arc" xlink:arcrole="http://xbrl.org/arcrole/2014/definition-node-subtree" xlink:from="dnb-crd_a2.root" xlink:to="dnb-crd_c9" order="3" />
    <table:tableBreakdownArc xlink:type="arc" xlink:arcrole="http://xbrl.org/arcrole/2014/table-breakdown" xlink:from="dnb-crd_tF_00.03" xlink:to="dnb-crd_a2" axis="y" order="2" />
  </gen:link>
</link:linkbase>