﻿<?xml version="1.0" encoding="utf-8"?>
<!--© DNB-->
<link:linkbase xmlns:xsi="http://www.w3.org/2001/XMLSchema-instance" xmlns:xlink="http://www.w3.org/1999/xlink" xmlns:link="http://www.xbrl.org/2003/linkbase" xmlns:gen="http://xbrl.org/2008/generic" xmlns:label="http://xbrl.org/2008/label" xsi:schemaLocation="http://www.xbrl.org/2003/linkbase http://www.xbrl.org/2003/xbrl-linkbase-2003-12-31.xsd http://xbrl.org/2008/generic http://www.xbrl.org/2008/generic-link.xsd http://xbrl.org/2008/label http://www.xbrl.org/2008/generic-label.xsd">
  <link:arcroleRef arcroleURI="http://xbrl.org/arcrole/2008/element-label" xlink:type="simple" xlink:href="http://www.xbrl.org/2008/generic-label.xsd#element-label" />
  <link:roleRef roleURI="http://www.eurofiling.info/xbrl/role/filing-indicator-code" xlink:type="simple" xlink:href="http://www.eurofiling.info/eu/fr/xbrl/ext/model.xsd#filing-indicator-code" />
  <link:roleRef roleURI="http://www.eurofiling.info/xbrl/role/rc-code" xlink:type="simple" xlink:href="http://www.eurofiling.info/eu/fr/xbrl/ext/model.xsd#rc-code" />
  <gen:link xlink:type="extended" xlink:role="http://www.xbrl.org/2003/role/link">
    <link:loc xlink:type="locator" xlink:href="f_00.03-rend.xml#dnb-crd_tF_00.03" xlink:label="loc_dnb-crd_tF_00.03" />
    <label:label xlink:type="resource" xlink:label="label_dnb-crd_tF_00.03" xml:lang="en" xlink:role="http://www.eurofiling.info/xbrl/role/rc-code">F 00.03</label:label>
    <gen:arc xlink:type="arc" xlink:arcrole="http://xbrl.org/arcrole/2008/element-label" xlink:from="loc_dnb-crd_tF_00.03" xlink:to="label_dnb-crd_tF_00.03" />
    <link:loc xlink:type="locator" xlink:href="f_00.03-rend.xml#dnb-crd_c2" xlink:label="loc_dnb-crd_c2" />
    <label:label xlink:type="resource" xlink:label="label_dnb-crd_c2" xml:lang="en" xlink:role="http://www.eurofiling.info/xbrl/role/rc-code">010</label:label>
    <gen:arc xlink:type="arc" xlink:arcrole="http://xbrl.org/arcrole/2008/element-label" xlink:from="loc_dnb-crd_c2" xlink:to="label_dnb-crd_c2" />
    <link:loc xlink:type="locator" xlink:href="f_00.03-rend.xml#dnb-crd_c3" xlink:label="loc_dnb-crd_c3" />
    <label:label xlink:type="resource" xlink:label="label_dnb-crd_c3" xml:lang="en" xlink:role="http://www.eurofiling.info/xbrl/role/rc-code">020</label:label>
    <gen:arc xlink:type="arc" xlink:arcrole="http://xbrl.org/arcrole/2008/element-label" xlink:from="loc_dnb-crd_c3" xlink:to="label_dnb-crd_c3" />
    <link:loc xlink:type="locator" xlink:href="f_00.03-rend.xml#dnb-crd_c4" xlink:label="loc_dnb-crd_c4" />
    <label:label xlink:type="resource" xlink:label="label_dnb-crd_c4" xml:lang="en" xlink:role="http://www.eurofiling.info/xbrl/role/rc-code">010</label:label>
    <gen:arc xlink:type="arc" xlink:arcrole="http://xbrl.org/arcrole/2008/element-label" xlink:from="loc_dnb-crd_c4" xlink:to="label_dnb-crd_c4" />
    <link:loc xlink:type="locator" xlink:href="f_00.03-rend.xml#dnb-crd_c5" xlink:label="loc_dnb-crd_c5" />
    <label:label xlink:type="resource" xlink:label="label_dnb-crd_c5" xml:lang="en" xlink:role="http://www.eurofiling.info/xbrl/role/rc-code">020</label:label>
    <gen:arc xlink:type="arc" xlink:arcrole="http://xbrl.org/arcrole/2008/element-label" xlink:from="loc_dnb-crd_c5" xlink:to="label_dnb-crd_c5" />
    <link:loc xlink:type="locator" xlink:href="f_00.03-rend.xml#dnb-crd_c13" xlink:label="loc_dnb-crd_c13" />
    <label:label xlink:type="resource" xlink:label="label_dnb-crd_c13" xml:lang="en" xlink:role="http://www.eurofiling.info/xbrl/role/rc-code">030</label:label>
    <gen:arc xlink:type="arc" xlink:arcrole="http://xbrl.org/arcrole/2008/element-label" xlink:from="loc_dnb-crd_c13" xlink:to="label_dnb-crd_c13" />
    <link:loc xlink:type="locator" xlink:href="f_00.03-rend.xml#dnb-crd_c14" xlink:label="loc_dnb-crd_c14" />
    <label:label xlink:type="resource" xlink:label="label_dnb-crd_c14" xml:lang="en" xlink:role="http://www.eurofiling.info/xbrl/role/rc-code">040</label:label>
    <gen:arc xlink:type="arc" xlink:arcrole="http://xbrl.org/arcrole/2008/element-label" xlink:from="loc_dnb-crd_c14" xlink:to="label_dnb-crd_c14" />
    <link:loc xlink:type="locator" xlink:href="f_00.03-rend.xml#dnb-crd_c15" xlink:label="loc_dnb-crd_c15" />
    <label:label xlink:type="resource" xlink:label="label_dnb-crd_c15" xml:lang="en" xlink:role="http://www.eurofiling.info/xbrl/role/rc-code">050</label:label>
    <gen:arc xlink:type="arc" xlink:arcrole="http://xbrl.org/arcrole/2008/element-label" xlink:from="loc_dnb-crd_c15" xlink:to="label_dnb-crd_c15" />
    <link:loc xlink:type="locator" xlink:href="f_00.03-rend.xml#dnb-crd_c9" xlink:label="loc_dnb-crd_c9" />
    <label:label xlink:type="resource" xlink:label="label_dnb-crd_c9" xml:lang="en" xlink:role="http://www.eurofiling.info/xbrl/role/rc-code">060</label:label>
    <gen:arc xlink:type="arc" xlink:arcrole="http://xbrl.org/arcrole/2008/element-label" xlink:from="loc_dnb-crd_c9" xlink:to="label_dnb-crd_c9" />
    <link:loc xlink:type="locator" xlink:href="f_00.03-rend.xml#dnb-crd_c16" xlink:label="loc_dnb-crd_c16" />
    <label:label xlink:type="resource" xlink:label="label_dnb-crd_c16" xml:lang="en" xlink:role="http://www.eurofiling.info/xbrl/role/rc-code">070</label:label>
    <gen:arc xlink:type="arc" xlink:arcrole="http://xbrl.org/arcrole/2008/element-label" xlink:from="loc_dnb-crd_c16" xlink:to="label_dnb-crd_c16" />
    <link:loc xlink:type="locator" xlink:href="f_00.03-rend.xml#dnb-crd_c17" xlink:label="loc_dnb-crd_c17" />
    <label:label xlink:type="resource" xlink:label="label_dnb-crd_c17" xml:lang="en" xlink:role="http://www.eurofiling.info/xbrl/role/rc-code">080</label:label>
    <gen:arc xlink:type="arc" xlink:arcrole="http://xbrl.org/arcrole/2008/element-label" xlink:from="loc_dnb-crd_c17" xlink:to="label_dnb-crd_c17" />
    <link:loc xlink:type="locator" xlink:href="f_00.03-rend.xml#dnb-crd_c18" xlink:label="loc_dnb-crd_c18" />
    <label:label xlink:type="resource" xlink:label="label_dnb-crd_c18" xml:lang="en" xlink:role="http://www.eurofiling.info/xbrl/role/rc-code">090</label:label>
    <gen:arc xlink:type="arc" xlink:arcrole="http://xbrl.org/arcrole/2008/element-label" xlink:from="loc_dnb-crd_c18" xlink:to="label_dnb-crd_c18" />
    <label:label xlink:type="resource" xlink:label="label_dnb-crd_tF_00.03_1" xml:lang="en" xlink:role="http://www.eurofiling.info/xbrl/role/filing-indicator-code">F_00.03</label:label>
    <gen:arc xlink:type="arc" xlink:arcrole="http://xbrl.org/arcrole/2008/element-label" xlink:from="loc_dnb-crd_tF_00.03" xlink:to="label_dnb-crd_tF_00.03_1" />
  </gen:link>
</link:linkbase>