﻿<?xml version="1.0" encoding="utf-8"?>
<!--© DNB-->
<link:linkbase xmlns:xsi="http://www.w3.org/2001/XMLSchema-instance" xmlns:xlink="http://www.w3.org/1999/xlink" xmlns:link="http://www.xbrl.org/2003/linkbase" xmlns:xbrldt="http://xbrl.org/2005/xbrldt" xsi:schemaLocation="http://www.xbrl.org/2003/linkbase http://www.xbrl.org/2003/xbrl-linkbase-2003-12-31.xsd http://xbrl.org/2005/xbrldt http://www.xbrl.org/2005/xbrldt-2005.xsd">
  <link:arcroleRef arcroleURI="http://xbrl.org/int/dim/arcrole/domain-member" xlink:type="simple" xlink:href="http://www.xbrl.org/2005/xbrldt-2005.xsd#domain-member" />
  <link:roleRef roleURI="http://www.dnb.nl/xbrl/xtn/role/dict/dom/PT/PT1" xlink:type="simple" xlink:href="hier.xsd#dnb-crd_PT1" />
  <link:definitionLink xlink:type="extended" xlink:role="http://www.dnb.nl/xbrl/xtn/role/dict/dom/PT/PT1">
    <link:loc xlink:type="locator" xlink:href="../exp.xsd#dnb-crd_PT" xlink:label="loc_dnb-crd_PT" />
    <link:loc xlink:type="locator" xlink:href="mem.xsd#dnb-crd_x1" xlink:label="loc_dnb-crd_x1" />
    <link:definitionArc xlink:type="arc" xlink:arcrole="http://xbrl.org/int/dim/arcrole/domain-member" xlink:from="loc_dnb-crd_PT" xlink:to="loc_dnb-crd_x1" order="1" />
    <link:loc xlink:type="locator" xlink:href="mem.xsd#dnb-crd_x2" xlink:label="loc_dnb-crd_x2" />
    <link:definitionArc xlink:type="arc" xlink:arcrole="http://xbrl.org/int/dim/arcrole/domain-member" xlink:from="loc_dnb-crd_PT" xlink:to="loc_dnb-crd_x2" order="2" />
    <link:loc xlink:type="locator" xlink:href="mem.xsd#dnb-crd_x3" xlink:label="loc_dnb-crd_x3" />
    <link:definitionArc xlink:type="arc" xlink:arcrole="http://xbrl.org/int/dim/arcrole/domain-member" xlink:from="loc_dnb-crd_PT" xlink:to="loc_dnb-crd_x3" order="3" />
    <link:loc xlink:type="locator" xlink:href="mem.xsd#dnb-crd_x4" xlink:label="loc_dnb-crd_x4" />
    <link:definitionArc xlink:type="arc" xlink:arcrole="http://xbrl.org/int/dim/arcrole/domain-member" xlink:from="loc_dnb-crd_PT" xlink:to="loc_dnb-crd_x4" order="4" />
    <link:loc xlink:type="locator" xlink:href="mem.xsd#dnb-crd_x5" xlink:label="loc_dnb-crd_x5" />
    <link:definitionArc xlink:type="arc" xlink:arcrole="http://xbrl.org/int/dim/arcrole/domain-member" xlink:from="loc_dnb-crd_PT" xlink:to="loc_dnb-crd_x5" order="5" />
  </link:definitionLink>
</link:linkbase>