﻿<?xml version="1.0" encoding="utf-8"?>
<!--© DNB-->
<link:linkbase xmlns:xsi="http://www.w3.org/2001/XMLSchema-instance" xmlns:xlink="http://www.w3.org/1999/xlink" xmlns:link="http://www.xbrl.org/2003/linkbase" xmlns:gen="http://xbrl.org/2008/generic" xmlns:label="http://xbrl.org/2008/label" xsi:schemaLocation="http://www.xbrl.org/2003/linkbase http://www.xbrl.org/2003/xbrl-linkbase-2003-12-31.xsd http://xbrl.org/2008/generic http://www.xbrl.org/2008/generic-link.xsd http://xbrl.org/2008/label http://www.xbrl.org/2008/generic-label.xsd">
  <link:arcroleRef arcroleURI="http://xbrl.org/arcrole/2008/element-label" xlink:type="simple" xlink:href="http://www.xbrl.org/2008/generic-label.xsd#element-label" />
  <link:roleRef roleURI="http://www.eurofiling.info/xbrl/role/filing-indicator-code" xlink:type="simple" xlink:href="http://www.eurofiling.info/eu/fr/xbrl/ext/model.xsd#filing-indicator-code" />
  <link:roleRef roleURI="http://www.eurofiling.info/xbrl/role/rc-code" xlink:type="simple" xlink:href="http://www.eurofiling.info/eu/fr/xbrl/ext/model.xsd#rc-code" />
  <gen:link xlink:type="extended" xlink:role="http://www.xbrl.org/2003/role/link">
    <link:loc xlink:type="locator" xlink:href="f_01.03-rend.xml#dnb-crd_tF_01.03" xlink:label="loc_dnb-crd_tF_01.03" />
    <label:label xlink:type="resource" xlink:label="label_dnb-crd_tF_01.03" xml:lang="en" xlink:role="http://www.eurofiling.info/xbrl/role/rc-code">F 01.03</label:label>
    <gen:arc xlink:type="arc" xlink:arcrole="http://xbrl.org/arcrole/2008/element-label" xlink:from="loc_dnb-crd_tF_01.03" xlink:to="label_dnb-crd_tF_01.03" />
    <link:loc xlink:type="locator" xlink:href="f_01.03-rend.xml#dnb-crd_c17838" xlink:label="loc_dnb-crd_c17838" />
    <label:label xlink:type="resource" xlink:label="label_dnb-crd_c17838" xml:lang="en" xlink:role="http://www.eurofiling.info/xbrl/role/rc-code">010</label:label>
    <gen:arc xlink:type="arc" xlink:arcrole="http://xbrl.org/arcrole/2008/element-label" xlink:from="loc_dnb-crd_c17838" xlink:to="label_dnb-crd_c17838" />
    <link:loc xlink:type="locator" xlink:href="f_01.03-rend.xml#dnb-crd_c17839" xlink:label="loc_dnb-crd_c17839" />
    <label:label xlink:type="resource" xlink:label="label_dnb-crd_c17839" xml:lang="en" xlink:role="http://www.eurofiling.info/xbrl/role/rc-code">010</label:label>
    <gen:arc xlink:type="arc" xlink:arcrole="http://xbrl.org/arcrole/2008/element-label" xlink:from="loc_dnb-crd_c17839" xlink:to="label_dnb-crd_c17839" />
    <link:loc xlink:type="locator" xlink:href="f_01.03-rend.xml#dnb-crd_c17840" xlink:label="loc_dnb-crd_c17840" />
    <label:label xlink:type="resource" xlink:label="label_dnb-crd_c17840" xml:lang="en" xlink:role="http://www.eurofiling.info/xbrl/role/rc-code">020</label:label>
    <gen:arc xlink:type="arc" xlink:arcrole="http://xbrl.org/arcrole/2008/element-label" xlink:from="loc_dnb-crd_c17840" xlink:to="label_dnb-crd_c17840" />
    <link:loc xlink:type="locator" xlink:href="f_01.03-rend.xml#dnb-crd_c17892" xlink:label="loc_dnb-crd_c17892" />
    <label:label xlink:type="resource" xlink:label="label_dnb-crd_c17892" xml:lang="en" xlink:role="http://www.eurofiling.info/xbrl/role/rc-code">020.1</label:label>
    <gen:arc xlink:type="arc" xlink:arcrole="http://xbrl.org/arcrole/2008/element-label" xlink:from="loc_dnb-crd_c17892" xlink:to="label_dnb-crd_c17892" />
    <link:loc xlink:type="locator" xlink:href="f_01.03-rend.xml#dnb-crd_c17885" xlink:label="loc_dnb-crd_c17885" />
    <label:label xlink:type="resource" xlink:label="label_dnb-crd_c17885" xml:lang="en" xlink:role="http://www.eurofiling.info/xbrl/role/rc-code">021</label:label>
    <gen:arc xlink:type="arc" xlink:arcrole="http://xbrl.org/arcrole/2008/element-label" xlink:from="loc_dnb-crd_c17885" xlink:to="label_dnb-crd_c17885" />
    <link:loc xlink:type="locator" xlink:href="f_01.03-rend.xml#dnb-crd_c17886" xlink:label="loc_dnb-crd_c17886" />
    <label:label xlink:type="resource" xlink:label="label_dnb-crd_c17886" xml:lang="en" xlink:role="http://www.eurofiling.info/xbrl/role/rc-code">022</label:label>
    <gen:arc xlink:type="arc" xlink:arcrole="http://xbrl.org/arcrole/2008/element-label" xlink:from="loc_dnb-crd_c17886" xlink:to="label_dnb-crd_c17886" />
    <link:loc xlink:type="locator" xlink:href="f_01.03-rend.xml#dnb-crd_c17841" xlink:label="loc_dnb-crd_c17841" />
    <label:label xlink:type="resource" xlink:label="label_dnb-crd_c17841" xml:lang="en" xlink:role="http://www.eurofiling.info/xbrl/role/rc-code">030</label:label>
    <gen:arc xlink:type="arc" xlink:arcrole="http://xbrl.org/arcrole/2008/element-label" xlink:from="loc_dnb-crd_c17841" xlink:to="label_dnb-crd_c17841" />
    <link:loc xlink:type="locator" xlink:href="f_01.03-rend.xml#dnb-crd_c17842" xlink:label="loc_dnb-crd_c17842" />
    <label:label xlink:type="resource" xlink:label="label_dnb-crd_c17842" xml:lang="en" xlink:role="http://www.eurofiling.info/xbrl/role/rc-code">040</label:label>
    <gen:arc xlink:type="arc" xlink:arcrole="http://xbrl.org/arcrole/2008/element-label" xlink:from="loc_dnb-crd_c17842" xlink:to="label_dnb-crd_c17842" />
    <link:loc xlink:type="locator" xlink:href="f_01.03-rend.xml#dnb-crd_c17887" xlink:label="loc_dnb-crd_c17887" />
    <label:label xlink:type="resource" xlink:label="label_dnb-crd_c17887" xml:lang="en" xlink:role="http://www.eurofiling.info/xbrl/role/rc-code">040.1</label:label>
    <gen:arc xlink:type="arc" xlink:arcrole="http://xbrl.org/arcrole/2008/element-label" xlink:from="loc_dnb-crd_c17887" xlink:to="label_dnb-crd_c17887" />
    <link:loc xlink:type="locator" xlink:href="f_01.03-rend.xml#dnb-crd_c17888" xlink:label="loc_dnb-crd_c17888" />
    <label:label xlink:type="resource" xlink:label="label_dnb-crd_c17888" xml:lang="en" xlink:role="http://www.eurofiling.info/xbrl/role/rc-code">040.2</label:label>
    <gen:arc xlink:type="arc" xlink:arcrole="http://xbrl.org/arcrole/2008/element-label" xlink:from="loc_dnb-crd_c17888" xlink:to="label_dnb-crd_c17888" />
    <link:loc xlink:type="locator" xlink:href="f_01.03-rend.xml#dnb-crd_c17843" xlink:label="loc_dnb-crd_c17843" />
    <label:label xlink:type="resource" xlink:label="label_dnb-crd_c17843" xml:lang="en" xlink:role="http://www.eurofiling.info/xbrl/role/rc-code">050</label:label>
    <gen:arc xlink:type="arc" xlink:arcrole="http://xbrl.org/arcrole/2008/element-label" xlink:from="loc_dnb-crd_c17843" xlink:to="label_dnb-crd_c17843" />
    <link:loc xlink:type="locator" xlink:href="f_01.03-rend.xml#dnb-crd_c17844" xlink:label="loc_dnb-crd_c17844" />
    <label:label xlink:type="resource" xlink:label="label_dnb-crd_c17844" xml:lang="en" xlink:role="http://www.eurofiling.info/xbrl/role/rc-code">060</label:label>
    <gen:arc xlink:type="arc" xlink:arcrole="http://xbrl.org/arcrole/2008/element-label" xlink:from="loc_dnb-crd_c17844" xlink:to="label_dnb-crd_c17844" />
    <link:loc xlink:type="locator" xlink:href="f_01.03-rend.xml#dnb-crd_c17845" xlink:label="loc_dnb-crd_c17845" />
    <label:label xlink:type="resource" xlink:label="label_dnb-crd_c17845" xml:lang="en" xlink:role="http://www.eurofiling.info/xbrl/role/rc-code">070</label:label>
    <gen:arc xlink:type="arc" xlink:arcrole="http://xbrl.org/arcrole/2008/element-label" xlink:from="loc_dnb-crd_c17845" xlink:to="label_dnb-crd_c17845" />
    <link:loc xlink:type="locator" xlink:href="f_01.03-rend.xml#dnb-crd_c17846" xlink:label="loc_dnb-crd_c17846" />
    <label:label xlink:type="resource" xlink:label="label_dnb-crd_c17846" xml:lang="en" xlink:role="http://www.eurofiling.info/xbrl/role/rc-code">080</label:label>
    <gen:arc xlink:type="arc" xlink:arcrole="http://xbrl.org/arcrole/2008/element-label" xlink:from="loc_dnb-crd_c17846" xlink:to="label_dnb-crd_c17846" />
    <link:loc xlink:type="locator" xlink:href="f_01.03-rend.xml#dnb-crd_c17847" xlink:label="loc_dnb-crd_c17847" />
    <label:label xlink:type="resource" xlink:label="label_dnb-crd_c17847" xml:lang="en" xlink:role="http://www.eurofiling.info/xbrl/role/rc-code">090</label:label>
    <gen:arc xlink:type="arc" xlink:arcrole="http://xbrl.org/arcrole/2008/element-label" xlink:from="loc_dnb-crd_c17847" xlink:to="label_dnb-crd_c17847" />
    <link:loc xlink:type="locator" xlink:href="f_01.03-rend.xml#dnb-crd_c17848" xlink:label="loc_dnb-crd_c17848" />
    <label:label xlink:type="resource" xlink:label="label_dnb-crd_c17848" xml:lang="en" xlink:role="http://www.eurofiling.info/xbrl/role/rc-code">095</label:label>
    <gen:arc xlink:type="arc" xlink:arcrole="http://xbrl.org/arcrole/2008/element-label" xlink:from="loc_dnb-crd_c17848" xlink:to="label_dnb-crd_c17848" />
    <link:loc xlink:type="locator" xlink:href="f_01.03-rend.xml#dnb-crd_c17849" xlink:label="loc_dnb-crd_c17849" />
    <label:label xlink:type="resource" xlink:label="label_dnb-crd_c17849" xml:lang="en" xlink:role="http://www.eurofiling.info/xbrl/role/rc-code">100</label:label>
    <gen:arc xlink:type="arc" xlink:arcrole="http://xbrl.org/arcrole/2008/element-label" xlink:from="loc_dnb-crd_c17849" xlink:to="label_dnb-crd_c17849" />
    <link:loc xlink:type="locator" xlink:href="f_01.03-rend.xml#dnb-crd_c17850" xlink:label="loc_dnb-crd_c17850" />
    <label:label xlink:type="resource" xlink:label="label_dnb-crd_c17850" xml:lang="en" xlink:role="http://www.eurofiling.info/xbrl/role/rc-code">110</label:label>
    <gen:arc xlink:type="arc" xlink:arcrole="http://xbrl.org/arcrole/2008/element-label" xlink:from="loc_dnb-crd_c17850" xlink:to="label_dnb-crd_c17850" />
    <link:loc xlink:type="locator" xlink:href="f_01.03-rend.xml#dnb-crd_c17851" xlink:label="loc_dnb-crd_c17851" />
    <label:label xlink:type="resource" xlink:label="label_dnb-crd_c17851" xml:lang="en" xlink:role="http://www.eurofiling.info/xbrl/role/rc-code">120</label:label>
    <gen:arc xlink:type="arc" xlink:arcrole="http://xbrl.org/arcrole/2008/element-label" xlink:from="loc_dnb-crd_c17851" xlink:to="label_dnb-crd_c17851" />
    <link:loc xlink:type="locator" xlink:href="f_01.03-rend.xml#dnb-crd_c17852" xlink:label="loc_dnb-crd_c17852" />
    <label:label xlink:type="resource" xlink:label="label_dnb-crd_c17852" xml:lang="en" xlink:role="http://www.eurofiling.info/xbrl/role/rc-code">122</label:label>
    <gen:arc xlink:type="arc" xlink:arcrole="http://xbrl.org/arcrole/2008/element-label" xlink:from="loc_dnb-crd_c17852" xlink:to="label_dnb-crd_c17852" />
    <link:loc xlink:type="locator" xlink:href="f_01.03-rend.xml#dnb-crd_c17853" xlink:label="loc_dnb-crd_c17853" />
    <label:label xlink:type="resource" xlink:label="label_dnb-crd_c17853" xml:lang="en" xlink:role="http://www.eurofiling.info/xbrl/role/rc-code">124</label:label>
    <gen:arc xlink:type="arc" xlink:arcrole="http://xbrl.org/arcrole/2008/element-label" xlink:from="loc_dnb-crd_c17853" xlink:to="label_dnb-crd_c17853" />
    <link:loc xlink:type="locator" xlink:href="f_01.03-rend.xml#dnb-crd_c17854" xlink:label="loc_dnb-crd_c17854" />
    <label:label xlink:type="resource" xlink:label="label_dnb-crd_c17854" xml:lang="en" xlink:role="http://www.eurofiling.info/xbrl/role/rc-code">128</label:label>
    <gen:arc xlink:type="arc" xlink:arcrole="http://xbrl.org/arcrole/2008/element-label" xlink:from="loc_dnb-crd_c17854" xlink:to="label_dnb-crd_c17854" />
    <link:loc xlink:type="locator" xlink:href="f_01.03-rend.xml#dnb-crd_c17855" xlink:label="loc_dnb-crd_c17855" />
    <label:label xlink:type="resource" xlink:label="label_dnb-crd_c17855" xml:lang="en" xlink:role="http://www.eurofiling.info/xbrl/role/rc-code">130</label:label>
    <gen:arc xlink:type="arc" xlink:arcrole="http://xbrl.org/arcrole/2008/element-label" xlink:from="loc_dnb-crd_c17855" xlink:to="label_dnb-crd_c17855" />
    <link:loc xlink:type="locator" xlink:href="f_01.03-rend.xml#dnb-crd_c17856" xlink:label="loc_dnb-crd_c17856" />
    <label:label xlink:type="resource" xlink:label="label_dnb-crd_c17856" xml:lang="en" xlink:role="http://www.eurofiling.info/xbrl/role/rc-code">140</label:label>
    <gen:arc xlink:type="arc" xlink:arcrole="http://xbrl.org/arcrole/2008/element-label" xlink:from="loc_dnb-crd_c17856" xlink:to="label_dnb-crd_c17856" />
    <link:loc xlink:type="locator" xlink:href="f_01.03-rend.xml#dnb-crd_c17857" xlink:label="loc_dnb-crd_c17857" />
    <label:label xlink:type="resource" xlink:label="label_dnb-crd_c17857" xml:lang="en" xlink:role="http://www.eurofiling.info/xbrl/role/rc-code">150</label:label>
    <gen:arc xlink:type="arc" xlink:arcrole="http://xbrl.org/arcrole/2008/element-label" xlink:from="loc_dnb-crd_c17857" xlink:to="label_dnb-crd_c17857" />
    <link:loc xlink:type="locator" xlink:href="f_01.03-rend.xml#dnb-crd_c17858" xlink:label="loc_dnb-crd_c17858" />
    <label:label xlink:type="resource" xlink:label="label_dnb-crd_c17858" xml:lang="en" xlink:role="http://www.eurofiling.info/xbrl/role/rc-code">160</label:label>
    <gen:arc xlink:type="arc" xlink:arcrole="http://xbrl.org/arcrole/2008/element-label" xlink:from="loc_dnb-crd_c17858" xlink:to="label_dnb-crd_c17858" />
    <link:loc xlink:type="locator" xlink:href="f_01.03-rend.xml#dnb-crd_c17859" xlink:label="loc_dnb-crd_c17859" />
    <label:label xlink:type="resource" xlink:label="label_dnb-crd_c17859" xml:lang="en" xlink:role="http://www.eurofiling.info/xbrl/role/rc-code">170</label:label>
    <gen:arc xlink:type="arc" xlink:arcrole="http://xbrl.org/arcrole/2008/element-label" xlink:from="loc_dnb-crd_c17859" xlink:to="label_dnb-crd_c17859" />
    <link:loc xlink:type="locator" xlink:href="f_01.03-rend.xml#dnb-crd_c17860" xlink:label="loc_dnb-crd_c17860" />
    <label:label xlink:type="resource" xlink:label="label_dnb-crd_c17860" xml:lang="en" xlink:role="http://www.eurofiling.info/xbrl/role/rc-code">180</label:label>
    <gen:arc xlink:type="arc" xlink:arcrole="http://xbrl.org/arcrole/2008/element-label" xlink:from="loc_dnb-crd_c17860" xlink:to="label_dnb-crd_c17860" />
    <link:loc xlink:type="locator" xlink:href="f_01.03-rend.xml#dnb-crd_c17861" xlink:label="loc_dnb-crd_c17861" />
    <label:label xlink:type="resource" xlink:label="label_dnb-crd_c17861" xml:lang="en" xlink:role="http://www.eurofiling.info/xbrl/role/rc-code">190</label:label>
    <gen:arc xlink:type="arc" xlink:arcrole="http://xbrl.org/arcrole/2008/element-label" xlink:from="loc_dnb-crd_c17861" xlink:to="label_dnb-crd_c17861" />
    <link:loc xlink:type="locator" xlink:href="f_01.03-rend.xml#dnb-crd_c17862" xlink:label="loc_dnb-crd_c17862" />
    <label:label xlink:type="resource" xlink:label="label_dnb-crd_c17862" xml:lang="en" xlink:role="http://www.eurofiling.info/xbrl/role/rc-code">200</label:label>
    <gen:arc xlink:type="arc" xlink:arcrole="http://xbrl.org/arcrole/2008/element-label" xlink:from="loc_dnb-crd_c17862" xlink:to="label_dnb-crd_c17862" />
    <link:loc xlink:type="locator" xlink:href="f_01.03-rend.xml#dnb-crd_c17863" xlink:label="loc_dnb-crd_c17863" />
    <label:label xlink:type="resource" xlink:label="label_dnb-crd_c17863" xml:lang="en" xlink:role="http://www.eurofiling.info/xbrl/role/rc-code">201</label:label>
    <gen:arc xlink:type="arc" xlink:arcrole="http://xbrl.org/arcrole/2008/element-label" xlink:from="loc_dnb-crd_c17863" xlink:to="label_dnb-crd_c17863" />
    <link:loc xlink:type="locator" xlink:href="f_01.03-rend.xml#dnb-crd_c17864" xlink:label="loc_dnb-crd_c17864" />
    <label:label xlink:type="resource" xlink:label="label_dnb-crd_c17864" xml:lang="en" xlink:role="http://www.eurofiling.info/xbrl/role/rc-code">202</label:label>
    <gen:arc xlink:type="arc" xlink:arcrole="http://xbrl.org/arcrole/2008/element-label" xlink:from="loc_dnb-crd_c17864" xlink:to="label_dnb-crd_c17864" />
    <link:loc xlink:type="locator" xlink:href="f_01.03-rend.xml#dnb-crd_c17865" xlink:label="loc_dnb-crd_c17865" />
    <label:label xlink:type="resource" xlink:label="label_dnb-crd_c17865" xml:lang="en" xlink:role="http://www.eurofiling.info/xbrl/role/rc-code">203</label:label>
    <gen:arc xlink:type="arc" xlink:arcrole="http://xbrl.org/arcrole/2008/element-label" xlink:from="loc_dnb-crd_c17865" xlink:to="label_dnb-crd_c17865" />
    <link:loc xlink:type="locator" xlink:href="f_01.03-rend.xml#dnb-crd_c17866" xlink:label="loc_dnb-crd_c17866" />
    <label:label xlink:type="resource" xlink:label="label_dnb-crd_c17866" xml:lang="en" xlink:role="http://www.eurofiling.info/xbrl/role/rc-code">204</label:label>
    <gen:arc xlink:type="arc" xlink:arcrole="http://xbrl.org/arcrole/2008/element-label" xlink:from="loc_dnb-crd_c17866" xlink:to="label_dnb-crd_c17866" />
    <link:loc xlink:type="locator" xlink:href="f_01.03-rend.xml#dnb-crd_c17867" xlink:label="loc_dnb-crd_c17867" />
    <label:label xlink:type="resource" xlink:label="label_dnb-crd_c17867" xml:lang="en" xlink:role="http://www.eurofiling.info/xbrl/role/rc-code">205</label:label>
    <gen:arc xlink:type="arc" xlink:arcrole="http://xbrl.org/arcrole/2008/element-label" xlink:from="loc_dnb-crd_c17867" xlink:to="label_dnb-crd_c17867" />
    <link:loc xlink:type="locator" xlink:href="f_01.03-rend.xml#dnb-crd_c17868" xlink:label="loc_dnb-crd_c17868" />
    <label:label xlink:type="resource" xlink:label="label_dnb-crd_c17868" xml:lang="en" xlink:role="http://www.eurofiling.info/xbrl/role/rc-code">206</label:label>
    <gen:arc xlink:type="arc" xlink:arcrole="http://xbrl.org/arcrole/2008/element-label" xlink:from="loc_dnb-crd_c17868" xlink:to="label_dnb-crd_c17868" />
    <link:loc xlink:type="locator" xlink:href="f_01.03-rend.xml#dnb-crd_c17869" xlink:label="loc_dnb-crd_c17869" />
    <label:label xlink:type="resource" xlink:label="label_dnb-crd_c17869" xml:lang="en" xlink:role="http://www.eurofiling.info/xbrl/role/rc-code">207</label:label>
    <gen:arc xlink:type="arc" xlink:arcrole="http://xbrl.org/arcrole/2008/element-label" xlink:from="loc_dnb-crd_c17869" xlink:to="label_dnb-crd_c17869" />
    <link:loc xlink:type="locator" xlink:href="f_01.03-rend.xml#dnb-crd_c17870" xlink:label="loc_dnb-crd_c17870" />
    <label:label xlink:type="resource" xlink:label="label_dnb-crd_c17870" xml:lang="en" xlink:role="http://www.eurofiling.info/xbrl/role/rc-code">208</label:label>
    <gen:arc xlink:type="arc" xlink:arcrole="http://xbrl.org/arcrole/2008/element-label" xlink:from="loc_dnb-crd_c17870" xlink:to="label_dnb-crd_c17870" />
    <link:loc xlink:type="locator" xlink:href="f_01.03-rend.xml#dnb-crd_c17871" xlink:label="loc_dnb-crd_c17871" />
    <label:label xlink:type="resource" xlink:label="label_dnb-crd_c17871" xml:lang="en" xlink:role="http://www.eurofiling.info/xbrl/role/rc-code">209</label:label>
    <gen:arc xlink:type="arc" xlink:arcrole="http://xbrl.org/arcrole/2008/element-label" xlink:from="loc_dnb-crd_c17871" xlink:to="label_dnb-crd_c17871" />
    <link:loc xlink:type="locator" xlink:href="f_01.03-rend.xml#dnb-crd_c17872" xlink:label="loc_dnb-crd_c17872" />
    <label:label xlink:type="resource" xlink:label="label_dnb-crd_c17872" xml:lang="en" xlink:role="http://www.eurofiling.info/xbrl/role/rc-code">210</label:label>
    <gen:arc xlink:type="arc" xlink:arcrole="http://xbrl.org/arcrole/2008/element-label" xlink:from="loc_dnb-crd_c17872" xlink:to="label_dnb-crd_c17872" />
    <link:loc xlink:type="locator" xlink:href="f_01.03-rend.xml#dnb-crd_c17873" xlink:label="loc_dnb-crd_c17873" />
    <label:label xlink:type="resource" xlink:label="label_dnb-crd_c17873" xml:lang="en" xlink:role="http://www.eurofiling.info/xbrl/role/rc-code">215</label:label>
    <gen:arc xlink:type="arc" xlink:arcrole="http://xbrl.org/arcrole/2008/element-label" xlink:from="loc_dnb-crd_c17873" xlink:to="label_dnb-crd_c17873" />
    <link:loc xlink:type="locator" xlink:href="f_01.03-rend.xml#dnb-crd_c17874" xlink:label="loc_dnb-crd_c17874" />
    <label:label xlink:type="resource" xlink:label="label_dnb-crd_c17874" xml:lang="en" xlink:role="http://www.eurofiling.info/xbrl/role/rc-code">220</label:label>
    <gen:arc xlink:type="arc" xlink:arcrole="http://xbrl.org/arcrole/2008/element-label" xlink:from="loc_dnb-crd_c17874" xlink:to="label_dnb-crd_c17874" />
    <link:loc xlink:type="locator" xlink:href="f_01.03-rend.xml#dnb-crd_c17875" xlink:label="loc_dnb-crd_c17875" />
    <label:label xlink:type="resource" xlink:label="label_dnb-crd_c17875" xml:lang="en" xlink:role="http://www.eurofiling.info/xbrl/role/rc-code">230</label:label>
    <gen:arc xlink:type="arc" xlink:arcrole="http://xbrl.org/arcrole/2008/element-label" xlink:from="loc_dnb-crd_c17875" xlink:to="label_dnb-crd_c17875" />
    <link:loc xlink:type="locator" xlink:href="f_01.03-rend.xml#dnb-crd_c17891" xlink:label="loc_dnb-crd_c17891" />
    <label:label xlink:type="resource" xlink:label="label_dnb-crd_c17891" xml:lang="en" xlink:role="http://www.eurofiling.info/xbrl/role/rc-code">231</label:label>
    <gen:arc xlink:type="arc" xlink:arcrole="http://xbrl.org/arcrole/2008/element-label" xlink:from="loc_dnb-crd_c17891" xlink:to="label_dnb-crd_c17891" />
    <link:loc xlink:type="locator" xlink:href="f_01.03-rend.xml#dnb-crd_c17876" xlink:label="loc_dnb-crd_c17876" />
    <label:label xlink:type="resource" xlink:label="label_dnb-crd_c17876" xml:lang="en" xlink:role="http://www.eurofiling.info/xbrl/role/rc-code">235</label:label>
    <gen:arc xlink:type="arc" xlink:arcrole="http://xbrl.org/arcrole/2008/element-label" xlink:from="loc_dnb-crd_c17876" xlink:to="label_dnb-crd_c17876" />
    <link:loc xlink:type="locator" xlink:href="f_01.03-rend.xml#dnb-crd_c17877" xlink:label="loc_dnb-crd_c17877" />
    <label:label xlink:type="resource" xlink:label="label_dnb-crd_c17877" xml:lang="en" xlink:role="http://www.eurofiling.info/xbrl/role/rc-code">240</label:label>
    <gen:arc xlink:type="arc" xlink:arcrole="http://xbrl.org/arcrole/2008/element-label" xlink:from="loc_dnb-crd_c17877" xlink:to="label_dnb-crd_c17877" />
    <link:loc xlink:type="locator" xlink:href="f_01.03-rend.xml#dnb-crd_c17878" xlink:label="loc_dnb-crd_c17878" />
    <label:label xlink:type="resource" xlink:label="label_dnb-crd_c17878" xml:lang="en" xlink:role="http://www.eurofiling.info/xbrl/role/rc-code">250</label:label>
    <gen:arc xlink:type="arc" xlink:arcrole="http://xbrl.org/arcrole/2008/element-label" xlink:from="loc_dnb-crd_c17878" xlink:to="label_dnb-crd_c17878" />
    <link:loc xlink:type="locator" xlink:href="f_01.03-rend.xml#dnb-crd_c17889" xlink:label="loc_dnb-crd_c17889" />
    <label:label xlink:type="resource" xlink:label="label_dnb-crd_c17889" xml:lang="en" xlink:role="http://www.eurofiling.info/xbrl/role/rc-code">250.1</label:label>
    <gen:arc xlink:type="arc" xlink:arcrole="http://xbrl.org/arcrole/2008/element-label" xlink:from="loc_dnb-crd_c17889" xlink:to="label_dnb-crd_c17889" />
    <link:loc xlink:type="locator" xlink:href="f_01.03-rend.xml#dnb-crd_c17890" xlink:label="loc_dnb-crd_c17890" />
    <label:label xlink:type="resource" xlink:label="label_dnb-crd_c17890" xml:lang="en" xlink:role="http://www.eurofiling.info/xbrl/role/rc-code">250.2</label:label>
    <gen:arc xlink:type="arc" xlink:arcrole="http://xbrl.org/arcrole/2008/element-label" xlink:from="loc_dnb-crd_c17890" xlink:to="label_dnb-crd_c17890" />
    <link:loc xlink:type="locator" xlink:href="f_01.03-rend.xml#dnb-crd_c17879" xlink:label="loc_dnb-crd_c17879" />
    <label:label xlink:type="resource" xlink:label="label_dnb-crd_c17879" xml:lang="en" xlink:role="http://www.eurofiling.info/xbrl/role/rc-code">260</label:label>
    <gen:arc xlink:type="arc" xlink:arcrole="http://xbrl.org/arcrole/2008/element-label" xlink:from="loc_dnb-crd_c17879" xlink:to="label_dnb-crd_c17879" />
    <link:loc xlink:type="locator" xlink:href="f_01.03-rend.xml#dnb-crd_c17880" xlink:label="loc_dnb-crd_c17880" />
    <label:label xlink:type="resource" xlink:label="label_dnb-crd_c17880" xml:lang="en" xlink:role="http://www.eurofiling.info/xbrl/role/rc-code">270</label:label>
    <gen:arc xlink:type="arc" xlink:arcrole="http://xbrl.org/arcrole/2008/element-label" xlink:from="loc_dnb-crd_c17880" xlink:to="label_dnb-crd_c17880" />
    <link:loc xlink:type="locator" xlink:href="f_01.03-rend.xml#dnb-crd_c17881" xlink:label="loc_dnb-crd_c17881" />
    <label:label xlink:type="resource" xlink:label="label_dnb-crd_c17881" xml:lang="en" xlink:role="http://www.eurofiling.info/xbrl/role/rc-code">280</label:label>
    <gen:arc xlink:type="arc" xlink:arcrole="http://xbrl.org/arcrole/2008/element-label" xlink:from="loc_dnb-crd_c17881" xlink:to="label_dnb-crd_c17881" />
    <link:loc xlink:type="locator" xlink:href="f_01.03-rend.xml#dnb-crd_c17882" xlink:label="loc_dnb-crd_c17882" />
    <label:label xlink:type="resource" xlink:label="label_dnb-crd_c17882" xml:lang="en" xlink:role="http://www.eurofiling.info/xbrl/role/rc-code">290</label:label>
    <gen:arc xlink:type="arc" xlink:arcrole="http://xbrl.org/arcrole/2008/element-label" xlink:from="loc_dnb-crd_c17882" xlink:to="label_dnb-crd_c17882" />
    <link:loc xlink:type="locator" xlink:href="f_01.03-rend.xml#dnb-crd_c17883" xlink:label="loc_dnb-crd_c17883" />
    <label:label xlink:type="resource" xlink:label="label_dnb-crd_c17883" xml:lang="en" xlink:role="http://www.eurofiling.info/xbrl/role/rc-code">300</label:label>
    <gen:arc xlink:type="arc" xlink:arcrole="http://xbrl.org/arcrole/2008/element-label" xlink:from="loc_dnb-crd_c17883" xlink:to="label_dnb-crd_c17883" />
    <link:loc xlink:type="locator" xlink:href="f_01.03-rend.xml#dnb-crd_c17884" xlink:label="loc_dnb-crd_c17884" />
    <label:label xlink:type="resource" xlink:label="label_dnb-crd_c17884" xml:lang="en" xlink:role="http://www.eurofiling.info/xbrl/role/rc-code">310</label:label>
    <gen:arc xlink:type="arc" xlink:arcrole="http://xbrl.org/arcrole/2008/element-label" xlink:from="loc_dnb-crd_c17884" xlink:to="label_dnb-crd_c17884" />
    <label:label xlink:type="resource" xlink:label="label_dnb-crd_tF_01.03_1" xml:lang="en" xlink:role="http://www.eurofiling.info/xbrl/role/filing-indicator-code">F_01.03</label:label>
    <gen:arc xlink:type="arc" xlink:arcrole="http://xbrl.org/arcrole/2008/element-label" xlink:from="loc_dnb-crd_tF_01.03" xlink:to="label_dnb-crd_tF_01.03_1" />
  </gen:link>
</link:linkbase>