﻿<?xml version="1.0" encoding="utf-8"?>
<!--© DNB-->
<link:linkbase xmlns:xsi="http://www.w3.org/2001/XMLSchema-instance" xmlns:xlink="http://www.w3.org/1999/xlink" xmlns:link="http://www.xbrl.org/2003/linkbase" xsi:schemaLocation="http://www.xbrl.org/2003/linkbase http://www.xbrl.org/2003/xbrl-linkbase-2003-12-31.xsd">
  <link:labelLink xlink:type="extended" xlink:role="http://www.xbrl.org/2003/role/link">
    <link:loc xlink:type="locator" xlink:href="tab.xsd#dnb-crd_tgFINREP_part_3" xlink:label="loc_dnb-crd_tgFINREP_part_3" />
    <link:label xlink:type="resource" xlink:label="label_dnb-crd_tgFINREP_part_3" xml:lang="en" xlink:role="http://www.xbrl.org/2003/role/label">FINREP part 3</link:label>
    <link:labelArc xlink:type="arc" xlink:arcrole="http://www.xbrl.org/2003/arcrole/concept-label" xlink:from="loc_dnb-crd_tgFINREP_part_3" xlink:to="label_dnb-crd_tgFINREP_part_3" />
    <link:loc xlink:type="locator" xlink:href="tab.xsd#dnb-crd_tgF_31.01" xlink:label="loc_dnb-crd_tgF_31.01" />
    <link:label xlink:type="resource" xlink:label="label_dnb-crd_tgF_31.01" xml:lang="en" xlink:role="http://www.xbrl.org/2003/role/label">Related parties: amounts payable to and amounts receivable from</link:label>
    <link:labelArc xlink:type="arc" xlink:arcrole="http://www.xbrl.org/2003/arcrole/concept-label" xlink:from="loc_dnb-crd_tgF_31.01" xlink:to="label_dnb-crd_tgF_31.01" />
    <link:loc xlink:type="locator" xlink:href="tab.xsd#dnb-crd_tgF_31.02" xlink:label="loc_dnb-crd_tgF_31.02" />
    <link:label xlink:type="resource" xlink:label="label_dnb-crd_tgF_31.02" xml:lang="en" xlink:role="http://www.xbrl.org/2003/role/label">Related parties: expenses and income generated by transactions with</link:label>
    <link:labelArc xlink:type="arc" xlink:arcrole="http://www.xbrl.org/2003/arcrole/concept-label" xlink:from="loc_dnb-crd_tgF_31.02" xlink:to="label_dnb-crd_tgF_31.02" />
    <link:loc xlink:type="locator" xlink:href="tab.xsd#dnb-crd_tgFINREP_part_1" xlink:label="loc_dnb-crd_tgFINREP_part_1" />
    <link:label xlink:type="resource" xlink:label="label_dnb-crd_tgFINREP_part_1" xml:lang="en" xlink:role="http://www.xbrl.org/2003/role/label">FINREP part 1</link:label>
    <link:labelArc xlink:type="arc" xlink:arcrole="http://www.xbrl.org/2003/arcrole/concept-label" xlink:from="loc_dnb-crd_tgFINREP_part_1" xlink:to="label_dnb-crd_tgFINREP_part_1" />
    <link:loc xlink:type="locator" xlink:href="tab.xsd#dnb-crd_tgF_01.01" xlink:label="loc_dnb-crd_tgF_01.01" />
    <link:label xlink:type="resource" xlink:label="label_dnb-crd_tgF_01.01" xml:lang="en" xlink:role="http://www.xbrl.org/2003/role/label">Balance Sheet Statement [Statement of Financial Position]: Assets</link:label>
    <link:labelArc xlink:type="arc" xlink:arcrole="http://www.xbrl.org/2003/arcrole/concept-label" xlink:from="loc_dnb-crd_tgF_01.01" xlink:to="label_dnb-crd_tgF_01.01" />
    <link:loc xlink:type="locator" xlink:href="tab.xsd#dnb-crd_tgF_01.02" xlink:label="loc_dnb-crd_tgF_01.02" />
    <link:label xlink:type="resource" xlink:label="label_dnb-crd_tgF_01.02" xml:lang="en" xlink:role="http://www.xbrl.org/2003/role/label">Balance Sheet Statement [Statement of Financial Position]: Liabilities</link:label>
    <link:labelArc xlink:type="arc" xlink:arcrole="http://www.xbrl.org/2003/arcrole/concept-label" xlink:from="loc_dnb-crd_tgF_01.02" xlink:to="label_dnb-crd_tgF_01.02" />
    <link:loc xlink:type="locator" xlink:href="tab.xsd#dnb-crd_tgF_01.03" xlink:label="loc_dnb-crd_tgF_01.03" />
    <link:label xlink:type="resource" xlink:label="label_dnb-crd_tgF_01.03" xml:lang="en" xlink:role="http://www.xbrl.org/2003/role/label">Balance Sheet Statement [Statement of Financial Position]: Equity</link:label>
    <link:labelArc xlink:type="arc" xlink:arcrole="http://www.xbrl.org/2003/arcrole/concept-label" xlink:from="loc_dnb-crd_tgF_01.03" xlink:to="label_dnb-crd_tgF_01.03" />
    <link:loc xlink:type="locator" xlink:href="tab.xsd#dnb-crd_tgF_01.09" xlink:label="loc_dnb-crd_tgF_01.09" />
    <link:label xlink:type="resource" xlink:label="label_dnb-crd_tgF_01.09" xml:lang="en" xlink:role="http://www.xbrl.org/2003/role/label">Details other assets / other liabilities</link:label>
    <link:labelArc xlink:type="arc" xlink:arcrole="http://www.xbrl.org/2003/arcrole/concept-label" xlink:from="loc_dnb-crd_tgF_01.09" xlink:to="label_dnb-crd_tgF_01.09" />
    <link:loc xlink:type="locator" xlink:href="tab.xsd#dnb-crd_tgFINREP_part_2" xlink:label="loc_dnb-crd_tgFINREP_part_2" />
    <link:label xlink:type="resource" xlink:label="label_dnb-crd_tgFINREP_part_2" xml:lang="en" xlink:role="http://www.xbrl.org/2003/role/label">FINREP part 2</link:label>
    <link:labelArc xlink:type="arc" xlink:arcrole="http://www.xbrl.org/2003/arcrole/concept-label" xlink:from="loc_dnb-crd_tgFINREP_part_2" xlink:to="label_dnb-crd_tgFINREP_part_2" />
    <link:loc xlink:type="locator" xlink:href="tab.xsd#dnb-crd_tgF_22.01" xlink:label="loc_dnb-crd_tgF_22.01" />
    <link:label xlink:type="resource" xlink:label="label_dnb-crd_tgF_22.01" xml:lang="en" xlink:role="http://www.xbrl.org/2003/role/label">Fee and commission income and expenses by activity</link:label>
    <link:labelArc xlink:type="arc" xlink:arcrole="http://www.xbrl.org/2003/arcrole/concept-label" xlink:from="loc_dnb-crd_tgF_22.01" xlink:to="label_dnb-crd_tgF_22.01" />
    <link:loc xlink:type="locator" xlink:href="tab.xsd#dnb-crd_tgF_02.00" xlink:label="loc_dnb-crd_tgF_02.00" />
    <link:label xlink:type="resource" xlink:label="label_dnb-crd_tgF_02.00" xml:lang="en" xlink:role="http://www.xbrl.org/2003/role/label">Statement of profit or loss</link:label>
    <link:labelArc xlink:type="arc" xlink:arcrole="http://www.xbrl.org/2003/arcrole/concept-label" xlink:from="loc_dnb-crd_tgF_02.00" xlink:to="label_dnb-crd_tgF_02.00" />
    <link:loc xlink:type="locator" xlink:href="tab.xsd#dnb-crd_tgF_09.01" xlink:label="loc_dnb-crd_tgF_09.01" />
    <link:label xlink:type="resource" xlink:label="label_dnb-crd_tgF_09.01" xml:lang="en" xlink:role="http://www.xbrl.org/2003/role/label">Off-balance sheet items subject to credit risk: Loan commitments, financial guarantees and other commitments given</link:label>
    <link:labelArc xlink:type="arc" xlink:arcrole="http://www.xbrl.org/2003/arcrole/concept-label" xlink:from="loc_dnb-crd_tgF_09.01" xlink:to="label_dnb-crd_tgF_09.01" />
    <link:loc xlink:type="locator" xlink:href="tab.xsd#dnb-crd_tgF_09.02" xlink:label="loc_dnb-crd_tgF_09.02" />
    <link:label xlink:type="resource" xlink:label="label_dnb-crd_tgF_09.02" xml:lang="en" xlink:role="http://www.xbrl.org/2003/role/label">Loan commitments, financial guarantees and other commitments received</link:label>
    <link:labelArc xlink:type="arc" xlink:arcrole="http://www.xbrl.org/2003/arcrole/concept-label" xlink:from="loc_dnb-crd_tgF_09.02" xlink:to="label_dnb-crd_tgF_09.02" />
    <link:loc xlink:type="locator" xlink:href="tab.xsd#dnb-crd_tgGeneral_Information_-_FINREP" xlink:label="loc_dnb-crd_tgGeneral_Information_-_FINREP" />
    <link:label xlink:type="resource" xlink:label="label_dnb-crd_tgGeneral_Information_-_FINREP" xml:lang="en" xlink:role="http://www.xbrl.org/2003/role/label">General Information - FINREP</link:label>
    <link:labelArc xlink:type="arc" xlink:arcrole="http://www.xbrl.org/2003/arcrole/concept-label" xlink:from="loc_dnb-crd_tgGeneral_Information_-_FINREP" xlink:to="label_dnb-crd_tgGeneral_Information_-_FINREP" />
    <link:loc xlink:type="locator" xlink:href="tab.xsd#dnb-crd_tgF_00.01" xlink:label="loc_dnb-crd_tgF_00.01" />
    <link:label xlink:type="resource" xlink:label="label_dnb-crd_tgF_00.01" xml:lang="en" xlink:role="http://www.xbrl.org/2003/role/label">Nature of Report - FINREP</link:label>
    <link:labelArc xlink:type="arc" xlink:arcrole="http://www.xbrl.org/2003/arcrole/concept-label" xlink:from="loc_dnb-crd_tgF_00.01" xlink:to="label_dnb-crd_tgF_00.01" />
    <link:loc xlink:type="locator" xlink:href="tab.xsd#dnb-crd_tgF_09.03" xlink:label="loc_dnb-crd_tgF_09.03" />
    <link:label xlink:type="resource" xlink:label="label_dnb-crd_tgF_09.03" xml:lang="en" xlink:role="http://www.xbrl.org/2003/role/label">Off-balance sheet items: Qualitative information</link:label>
    <link:labelArc xlink:type="arc" xlink:arcrole="http://www.xbrl.org/2003/arcrole/concept-label" xlink:from="loc_dnb-crd_tgF_09.03" xlink:to="label_dnb-crd_tgF_09.03" />
    <link:loc xlink:type="locator" xlink:href="tab.xsd#dnb-crd_tgFINREP_part_DNB" xlink:label="loc_dnb-crd_tgFINREP_part_DNB" />
    <link:label xlink:type="resource" xlink:label="label_dnb-crd_tgFINREP_part_DNB" xml:lang="en" xlink:role="http://www.xbrl.org/2003/role/label">FINREP additional templates DNB</link:label>
    <link:labelArc xlink:type="arc" xlink:arcrole="http://www.xbrl.org/2003/arcrole/concept-label" xlink:from="loc_dnb-crd_tgFINREP_part_DNB" xlink:to="label_dnb-crd_tgFINREP_part_DNB" />
    <link:loc xlink:type="locator" xlink:href="tab.xsd#dnb-crd_tgF_71.00" xlink:label="loc_dnb-crd_tgF_71.00" />
    <link:label xlink:type="resource" xlink:label="label_dnb-crd_tgF_71.00" xml:lang="en" xlink:role="http://www.xbrl.org/2003/role/label">Capital requirements: Solvency capital requirements and capital requirements based on fixed overheads</link:label>
    <link:labelArc xlink:type="arc" xlink:arcrole="http://www.xbrl.org/2003/arcrole/concept-label" xlink:from="loc_dnb-crd_tgF_71.00" xlink:to="label_dnb-crd_tgF_71.00" />
    <link:loc xlink:type="locator" xlink:href="tab.xsd#dnb-crd_tgF_00.02" xlink:label="loc_dnb-crd_tgF_00.02" />
    <link:label xlink:type="resource" xlink:label="label_dnb-crd_tgF_00.02" xml:lang="en" xlink:role="http://www.xbrl.org/2003/role/label">Investment Firm - Number of clients / Assets under Management</link:label>
    <link:labelArc xlink:type="arc" xlink:arcrole="http://www.xbrl.org/2003/arcrole/concept-label" xlink:from="loc_dnb-crd_tgF_00.02" xlink:to="label_dnb-crd_tgF_00.02" />
    <link:loc xlink:type="locator" xlink:href="tab.xsd#dnb-crd_tgF_00.03" xlink:label="loc_dnb-crd_tgF_00.03" />
    <link:label xlink:type="resource" xlink:label="label_dnb-crd_tgF_00.03" xml:lang="en" xlink:role="http://www.xbrl.org/2003/role/label">Fund management - Number of participants / Assets under Management</link:label>
    <link:labelArc xlink:type="arc" xlink:arcrole="http://www.xbrl.org/2003/arcrole/concept-label" xlink:from="loc_dnb-crd_tgF_00.03" xlink:to="label_dnb-crd_tgF_00.03" />
    <link:loc xlink:type="locator" xlink:href="tab.xsd#dnb-crd_tgF_72.00" xlink:label="loc_dnb-crd_tgF_72.00" />
    <link:label xlink:type="resource" xlink:label="label_dnb-crd_tgF_72.00" xml:lang="en" xlink:role="http://www.xbrl.org/2003/role/label">Margin / haircut details</link:label>
    <link:labelArc xlink:type="arc" xlink:arcrole="http://www.xbrl.org/2003/arcrole/concept-label" xlink:from="loc_dnb-crd_tgF_72.00" xlink:to="label_dnb-crd_tgF_72.00" />
    <link:loc xlink:type="locator" xlink:href="tab.xsd#dnb-crd_tgF_11.09" xlink:label="loc_dnb-crd_tgF_11.09" />
    <link:label xlink:type="resource" xlink:label="label_dnb-crd_tgF_11.09" xml:lang="en" xlink:role="http://www.xbrl.org/2003/role/label">Managed Funds: Breakdown by fund</link:label>
    <link:labelArc xlink:type="arc" xlink:arcrole="http://www.xbrl.org/2003/arcrole/concept-label" xlink:from="loc_dnb-crd_tgF_11.09" xlink:to="label_dnb-crd_tgF_11.09" />
    <link:loc xlink:type="locator" xlink:href="tab.xsd#dnb-crd_tgF_70.00" xlink:label="loc_dnb-crd_tgF_70.00" />
    <link:label xlink:type="resource" xlink:label="label_dnb-crd_tgF_70.00" xml:lang="en" xlink:role="http://www.xbrl.org/2003/role/label">Own funds based on fixed overheads/Capital requirements based on fixed overheads</link:label>
    <link:labelArc xlink:type="arc" xlink:arcrole="http://www.xbrl.org/2003/arcrole/concept-label" xlink:from="loc_dnb-crd_tgF_70.00" xlink:to="label_dnb-crd_tgF_70.00" />
    <link:loc xlink:type="locator" xlink:href="tab.xsd#dnb-crd_tgCapital_Adequacy" xlink:label="loc_dnb-crd_tgCapital_Adequacy" />
    <link:label xlink:type="resource" xlink:label="label_dnb-crd_tgCapital_Adequacy" xml:lang="en" xlink:role="http://www.xbrl.org/2003/role/label">Capital Adequacy</link:label>
    <link:labelArc xlink:type="arc" xlink:arcrole="http://www.xbrl.org/2003/arcrole/concept-label" xlink:from="loc_dnb-crd_tgCapital_Adequacy" xlink:to="label_dnb-crd_tgCapital_Adequacy" />
    <link:loc xlink:type="locator" xlink:href="tab.xsd#dnb-crd_tgC_01.00" xlink:label="loc_dnb-crd_tgC_01.00" />
    <link:label xlink:type="resource" xlink:label="label_dnb-crd_tgC_01.00" xml:lang="en" xlink:role="http://www.xbrl.org/2003/role/label">(CA 1) Capital Adequacy - Own funds definition</link:label>
    <link:labelArc xlink:type="arc" xlink:arcrole="http://www.xbrl.org/2003/arcrole/concept-label" xlink:from="loc_dnb-crd_tgC_01.00" xlink:to="label_dnb-crd_tgC_01.00" />
    <link:loc xlink:type="locator" xlink:href="tab.xsd#dnb-crd_tgF_73.00" xlink:label="loc_dnb-crd_tgF_73.00" />
    <link:label xlink:type="resource" xlink:label="label_dnb-crd_tgF_73.00" xml:lang="en" xlink:role="http://www.xbrl.org/2003/role/label">Capital requirements: Investment Firm</link:label>
    <link:labelArc xlink:type="arc" xlink:arcrole="http://www.xbrl.org/2003/arcrole/concept-label" xlink:from="loc_dnb-crd_tgF_73.00" xlink:to="label_dnb-crd_tgF_73.00" />
    <link:loc xlink:type="locator" xlink:href="tab.xsd#dnb-crd_tgF_22.09" xlink:label="loc_dnb-crd_tgF_22.09" />
    <link:label xlink:type="resource" xlink:label="label_dnb-crd_tgF_22.09" xml:lang="en" xlink:role="http://www.xbrl.org/2003/role/label">Fee and commission income by activity</link:label>
    <link:labelArc xlink:type="arc" xlink:arcrole="http://www.xbrl.org/2003/arcrole/concept-label" xlink:from="loc_dnb-crd_tgF_22.09" xlink:to="label_dnb-crd_tgF_22.09" />
  </link:labelLink>
</link:linkbase>