﻿<?xml version="1.0" encoding="utf-8"?>
<!--© DNB-->
<link:linkbase xmlns:xsi="http://www.w3.org/2001/XMLSchema-instance" xmlns:xlink="http://www.w3.org/1999/xlink" xmlns:link="http://www.xbrl.org/2003/linkbase" xsi:schemaLocation="http://www.xbrl.org/2003/linkbase http://www.xbrl.org/2003/xbrl-linkbase-2003-12-31.xsd">
  <link:labelLink xlink:type="extended" xlink:role="http://www.xbrl.org/2003/role/link">
    <link:loc xlink:type="locator" xlink:href="mem.xsd#dnb-crd_x1000" xlink:label="loc_dnb-crd_x1000" />
    <link:label xlink:type="resource" xlink:label="label_dnb-crd_x1000" xml:lang="en" xlink:role="http://www.xbrl.org/2003/role/label">Onerous contracts</link:label>
    <link:labelArc xlink:type="arc" xlink:arcrole="http://www.xbrl.org/2003/arcrole/concept-label" xlink:from="loc_dnb-crd_x1000" xlink:to="label_dnb-crd_x1000" />
    <link:loc xlink:type="locator" xlink:href="mem.xsd#dnb-crd_x1001" xlink:label="loc_dnb-crd_x1001" />
    <link:label xlink:type="resource" xlink:label="label_dnb-crd_x1001" xml:lang="en" xlink:role="http://www.xbrl.org/2003/role/label">Loan loss</link:label>
    <link:labelArc xlink:type="arc" xlink:arcrole="http://www.xbrl.org/2003/arcrole/concept-label" xlink:from="loc_dnb-crd_x1001" xlink:to="label_dnb-crd_x1001" />
    <link:loc xlink:type="locator" xlink:href="mem.xsd#dnb-crd_x1002" xlink:label="loc_dnb-crd_x1002" />
    <link:label xlink:type="resource" xlink:label="label_dnb-crd_x1002" xml:lang="en" xlink:role="http://www.xbrl.org/2003/role/label">Investment services and activities</link:label>
    <link:labelArc xlink:type="arc" xlink:arcrole="http://www.xbrl.org/2003/arcrole/concept-label" xlink:from="loc_dnb-crd_x1002" xlink:to="label_dnb-crd_x1002" />
    <link:loc xlink:type="locator" xlink:href="mem.xsd#dnb-crd_x1003" xlink:label="loc_dnb-crd_x1003" />
    <link:label xlink:type="resource" xlink:label="label_dnb-crd_x1003" xml:lang="en" xlink:role="http://www.xbrl.org/2003/role/label">Ancillary service</link:label>
    <link:labelArc xlink:type="arc" xlink:arcrole="http://www.xbrl.org/2003/arcrole/concept-label" xlink:from="loc_dnb-crd_x1003" xlink:to="label_dnb-crd_x1003" />
    <link:loc xlink:type="locator" xlink:href="mem.xsd#dnb-crd_x1004" xlink:label="loc_dnb-crd_x1004" />
    <link:label xlink:type="resource" xlink:label="label_dnb-crd_x1004" xml:lang="en" xlink:role="http://www.xbrl.org/2003/role/label">Rental Commitments</link:label>
    <link:labelArc xlink:type="arc" xlink:arcrole="http://www.xbrl.org/2003/arcrole/concept-label" xlink:from="loc_dnb-crd_x1004" xlink:to="label_dnb-crd_x1004" />
    <link:loc xlink:type="locator" xlink:href="mem.xsd#dnb-crd_x1005" xlink:label="loc_dnb-crd_x1005" />
    <link:label xlink:type="resource" xlink:label="label_dnb-crd_x1005" xml:lang="en" xlink:role="http://www.xbrl.org/2003/role/label">Lease Commitments</link:label>
    <link:labelArc xlink:type="arc" xlink:arcrole="http://www.xbrl.org/2003/arcrole/concept-label" xlink:from="loc_dnb-crd_x1005" xlink:to="label_dnb-crd_x1005" />
    <link:loc xlink:type="locator" xlink:href="mem.xsd#dnb-crd_x1006" xlink:label="loc_dnb-crd_x1006" />
    <link:label xlink:type="resource" xlink:label="label_dnb-crd_x1006" xml:lang="en" xlink:role="http://www.xbrl.org/2003/role/label">Employees', directors' and partners' shares in profits, to the extent that they are fully discretionary</link:label>
    <link:labelArc xlink:type="arc" xlink:arcrole="http://www.xbrl.org/2003/arcrole/concept-label" xlink:from="loc_dnb-crd_x1006" xlink:to="label_dnb-crd_x1006" />
    <link:loc xlink:type="locator" xlink:href="mem.xsd#dnb-crd_x1007" xlink:label="loc_dnb-crd_x1007" />
    <link:label xlink:type="resource" xlink:label="label_dnb-crd_x1007" xml:lang="en" xlink:role="http://www.xbrl.org/2003/role/label">Fees to tied agents as defined by point 25 of Article 4 of Directive 2004/39/EC, where applicable</link:label>
    <link:labelArc xlink:type="arc" xlink:arcrole="http://www.xbrl.org/2003/arcrole/concept-label" xlink:from="loc_dnb-crd_x1007" xlink:to="label_dnb-crd_x1007" />
    <link:loc xlink:type="locator" xlink:href="mem.xsd#dnb-crd_x1008" xlink:label="loc_dnb-crd_x1008" />
    <link:label xlink:type="resource" xlink:label="label_dnb-crd_x1008" xml:lang="en" xlink:role="http://www.xbrl.org/2003/role/label">Fees, brokerage and other charges paid to clearing houses, exchanges and intermediate brokers for the purposes of executing, registering or clearing transactions</link:label>
    <link:labelArc xlink:type="arc" xlink:arcrole="http://www.xbrl.org/2003/arcrole/concept-label" xlink:from="loc_dnb-crd_x1008" xlink:to="label_dnb-crd_x1008" />
    <link:loc xlink:type="locator" xlink:href="mem.xsd#dnb-crd_x1009" xlink:label="loc_dnb-crd_x1009" />
    <link:label xlink:type="resource" xlink:label="label_dnb-crd_x1009" xml:lang="en" xlink:role="http://www.xbrl.org/2003/role/label">Fully discretionary staff bonuses</link:label>
    <link:labelArc xlink:type="arc" xlink:arcrole="http://www.xbrl.org/2003/arcrole/concept-label" xlink:from="loc_dnb-crd_x1009" xlink:to="label_dnb-crd_x1009" />
    <link:loc xlink:type="locator" xlink:href="mem.xsd#dnb-crd_x1010" xlink:label="loc_dnb-crd_x1010" />
    <link:label xlink:type="resource" xlink:label="label_dnb-crd_x1010" xml:lang="en" xlink:role="http://www.xbrl.org/2003/role/label">Interest paid to customers on client money</link:label>
    <link:labelArc xlink:type="arc" xlink:arcrole="http://www.xbrl.org/2003/arcrole/concept-label" xlink:from="loc_dnb-crd_x1010" xlink:to="label_dnb-crd_x1010" />
    <link:loc xlink:type="locator" xlink:href="mem.xsd#dnb-crd_x1011" xlink:label="loc_dnb-crd_x1011" />
    <link:label xlink:type="resource" xlink:label="label_dnb-crd_x1011" xml:lang="en" xlink:role="http://www.xbrl.org/2003/role/label">Non-recurring expenses from non-ordinary activities.</link:label>
    <link:labelArc xlink:type="arc" xlink:arcrole="http://www.xbrl.org/2003/arcrole/concept-label" xlink:from="loc_dnb-crd_x1011" xlink:to="label_dnb-crd_x1011" />
    <link:loc xlink:type="locator" xlink:href="mem.xsd#dnb-crd_x1012" xlink:label="loc_dnb-crd_x1012" />
    <link:label xlink:type="resource" xlink:label="label_dnb-crd_x1012" xml:lang="en" xlink:role="http://www.xbrl.org/2003/role/label">Other appropriations of profits and other variable remuneration, to the extent that they are fully discretionary</link:label>
    <link:labelArc xlink:type="arc" xlink:arcrole="http://www.xbrl.org/2003/arcrole/concept-label" xlink:from="loc_dnb-crd_x1012" xlink:to="label_dnb-crd_x1012" />
    <link:loc xlink:type="locator" xlink:href="mem.xsd#dnb-crd_x1013" xlink:label="loc_dnb-crd_x1013" />
    <link:label xlink:type="resource" xlink:label="label_dnb-crd_x1013" xml:lang="en" xlink:role="http://www.xbrl.org/2003/role/label">Shared commission and fees payable which are directly related to commission and fees receivable, which are included within total revenue, and where the payment of the commission and fees payable is contingent upon the actual receipt of the commission and fees receivable</link:label>
    <link:labelArc xlink:type="arc" xlink:arcrole="http://www.xbrl.org/2003/arcrole/concept-label" xlink:from="loc_dnb-crd_x1013" xlink:to="label_dnb-crd_x1013" />
    <link:loc xlink:type="locator" xlink:href="mem.xsd#dnb-crd_x1014" xlink:label="loc_dnb-crd_x1014" />
    <link:label xlink:type="resource" xlink:label="label_dnb-crd_x1014" xml:lang="en" xlink:role="http://www.xbrl.org/2003/role/label">Total expenses of the previous year after distribution of profits to shareholders</link:label>
    <link:labelArc xlink:type="arc" xlink:arcrole="http://www.xbrl.org/2003/arcrole/concept-label" xlink:from="loc_dnb-crd_x1014" xlink:to="label_dnb-crd_x1014" />
    <link:loc xlink:type="locator" xlink:href="mem.xsd#dnb-crd_x1015" xlink:label="loc_dnb-crd_x1015" />
    <link:label xlink:type="resource" xlink:label="label_dnb-crd_x1015" xml:lang="en" xlink:role="http://www.xbrl.org/2003/role/label">Total substractable expenses from the total expenses</link:label>
    <link:labelArc xlink:type="arc" xlink:arcrole="http://www.xbrl.org/2003/arcrole/concept-label" xlink:from="loc_dnb-crd_x1015" xlink:to="label_dnb-crd_x1015" />
    <link:loc xlink:type="locator" xlink:href="mem.xsd#dnb-crd_x1016" xlink:label="loc_dnb-crd_x1016" />
    <link:label xlink:type="resource" xlink:label="label_dnb-crd_x1016" xml:lang="en" xlink:role="http://www.xbrl.org/2003/role/label">Substractable from total expenses</link:label>
    <link:labelArc xlink:type="arc" xlink:arcrole="http://www.xbrl.org/2003/arcrole/concept-label" xlink:from="loc_dnb-crd_x1016" xlink:to="label_dnb-crd_x1016" />
    <link:loc xlink:type="locator" xlink:href="mem.xsd#dnb-crd_x1017" xlink:label="loc_dnb-crd_x1017" />
    <link:label xlink:type="resource" xlink:label="label_dnb-crd_x1017" xml:lang="en" xlink:role="http://www.xbrl.org/2003/role/label">Assets under management</link:label>
    <link:labelArc xlink:type="arc" xlink:arcrole="http://www.xbrl.org/2003/arcrole/concept-label" xlink:from="loc_dnb-crd_x1017" xlink:to="label_dnb-crd_x1017" />
    <link:loc xlink:type="locator" xlink:href="mem.xsd#dnb-crd_x1018" xlink:label="loc_dnb-crd_x1018" />
    <link:label xlink:type="resource" xlink:label="label_dnb-crd_x1018" xml:lang="en" xlink:role="http://www.xbrl.org/2003/role/label">Number of clients</link:label>
    <link:labelArc xlink:type="arc" xlink:arcrole="http://www.xbrl.org/2003/arcrole/concept-label" xlink:from="loc_dnb-crd_x1018" xlink:to="label_dnb-crd_x1018" />
    <link:loc xlink:type="locator" xlink:href="mem.xsd#dnb-crd_x1019" xlink:label="loc_dnb-crd_x1019" />
    <link:label xlink:type="resource" xlink:label="label_dnb-crd_x1019" xml:lang="en" xlink:role="http://www.xbrl.org/2003/role/label">Number of managed funds</link:label>
    <link:labelArc xlink:type="arc" xlink:arcrole="http://www.xbrl.org/2003/arcrole/concept-label" xlink:from="loc_dnb-crd_x1019" xlink:to="label_dnb-crd_x1019" />
    <link:loc xlink:type="locator" xlink:href="mem.xsd#dnb-crd_x1020" xlink:label="loc_dnb-crd_x1020" />
    <link:label xlink:type="resource" xlink:label="label_dnb-crd_x1020" xml:lang="en" xlink:role="http://www.xbrl.org/2003/role/label">Number of participants</link:label>
    <link:labelArc xlink:type="arc" xlink:arcrole="http://www.xbrl.org/2003/arcrole/concept-label" xlink:from="loc_dnb-crd_x1020" xlink:to="label_dnb-crd_x1020" />
    <link:loc xlink:type="locator" xlink:href="mem.xsd#dnb-crd_x1021" xlink:label="loc_dnb-crd_x1021" />
    <link:label xlink:type="resource" xlink:label="label_dnb-crd_x1021" xml:lang="en" xlink:role="http://www.xbrl.org/2003/role/label">Management style</link:label>
    <link:labelArc xlink:type="arc" xlink:arcrole="http://www.xbrl.org/2003/arcrole/concept-label" xlink:from="loc_dnb-crd_x1021" xlink:to="label_dnb-crd_x1021" />
    <link:loc xlink:type="locator" xlink:href="mem.xsd#dnb-crd_x1022" xlink:label="loc_dnb-crd_x1022" />
    <link:label xlink:type="resource" xlink:label="label_dnb-crd_x1022" xml:lang="en" xlink:role="http://www.xbrl.org/2003/role/label">Type of managed funds</link:label>
    <link:labelArc xlink:type="arc" xlink:arcrole="http://www.xbrl.org/2003/arcrole/concept-label" xlink:from="loc_dnb-crd_x1022" xlink:to="label_dnb-crd_x1022" />
    <link:loc xlink:type="locator" xlink:href="mem.xsd#dnb-crd_x1023" xlink:label="loc_dnb-crd_x1023" />
    <link:label xlink:type="resource" xlink:label="label_dnb-crd_x1023" xml:lang="en" xlink:role="http://www.xbrl.org/2003/role/label">Indemnity insurance</link:label>
    <link:labelArc xlink:type="arc" xlink:arcrole="http://www.xbrl.org/2003/arcrole/concept-label" xlink:from="loc_dnb-crd_x1023" xlink:to="label_dnb-crd_x1023" />
    <link:loc xlink:type="locator" xlink:href="mem.xsd#dnb-crd_x1024" xlink:label="loc_dnb-crd_x1024" />
    <link:label xlink:type="resource" xlink:label="label_dnb-crd_x1024" xml:lang="en" xlink:role="http://www.xbrl.org/2003/role/label">One quarter of fixed overhead</link:label>
    <link:labelArc xlink:type="arc" xlink:arcrole="http://www.xbrl.org/2003/arcrole/concept-label" xlink:from="loc_dnb-crd_x1024" xlink:to="label_dnb-crd_x1024" />
    <link:loc xlink:type="locator" xlink:href="mem.xsd#dnb-crd_x1025" xlink:label="loc_dnb-crd_x1025" />
    <link:label xlink:type="resource" xlink:label="label_dnb-crd_x1025" xml:lang="en" xlink:role="http://www.xbrl.org/2003/role/label">Fixed overhead</link:label>
    <link:labelArc xlink:type="arc" xlink:arcrole="http://www.xbrl.org/2003/arcrole/concept-label" xlink:from="loc_dnb-crd_x1025" xlink:to="label_dnb-crd_x1025" />
    <link:loc xlink:type="locator" xlink:href="mem.xsd#dnb-crd_x1026" xlink:label="loc_dnb-crd_x1026" />
    <link:label xlink:type="resource" xlink:label="label_dnb-crd_x1026" xml:lang="en" xlink:role="http://www.xbrl.org/2003/role/label">Execution and settlement transactions take place under the responsibility of a clearing institution and are guaranteed by that clearing institution</link:label>
    <link:labelArc xlink:type="arc" xlink:arcrole="http://www.xbrl.org/2003/arcrole/concept-label" xlink:from="loc_dnb-crd_x1026" xlink:to="label_dnb-crd_x1026" />
    <link:loc xlink:type="locator" xlink:href="mem.xsd#dnb-crd_x1027" xlink:label="loc_dnb-crd_x1027" />
    <link:label xlink:type="resource" xlink:label="label_dnb-crd_x1027" xml:lang="en" xlink:role="http://www.xbrl.org/2003/role/label">Part of All equity eligable for capital requirements</link:label>
    <link:labelArc xlink:type="arc" xlink:arcrole="http://www.xbrl.org/2003/arcrole/concept-label" xlink:from="loc_dnb-crd_x1027" xlink:to="label_dnb-crd_x1027" />
    <link:loc xlink:type="locator" xlink:href="mem.xsd#dnb-crd_x1028" xlink:label="loc_dnb-crd_x1028" />
    <link:label xlink:type="resource" xlink:label="label_dnb-crd_x1028" xml:lang="en" xlink:role="http://www.xbrl.org/2003/role/label">Net asset value</link:label>
    <link:labelArc xlink:type="arc" xlink:arcrole="http://www.xbrl.org/2003/arcrole/concept-label" xlink:from="loc_dnb-crd_x1028" xlink:to="label_dnb-crd_x1028" />
    <link:loc xlink:type="locator" xlink:href="mem.xsd#dnb-crd_x1029" xlink:label="loc_dnb-crd_x1029" />
    <link:label xlink:type="resource" xlink:label="label_dnb-crd_x1029" xml:lang="en" xlink:role="http://www.xbrl.org/2003/role/label">Investement management activities</link:label>
    <link:labelArc xlink:type="arc" xlink:arcrole="http://www.xbrl.org/2003/arcrole/concept-label" xlink:from="loc_dnb-crd_x1029" xlink:to="label_dnb-crd_x1029" />
    <link:loc xlink:type="locator" xlink:href="mem.xsd#dnb-crd_x1030" xlink:label="loc_dnb-crd_x1030" />
    <link:label xlink:type="resource" xlink:label="label_dnb-crd_x1030" xml:lang="en" xlink:role="http://www.xbrl.org/2003/role/label">Activities other than Investment services and activities, Ancillary services, Investement management activities</link:label>
    <link:labelArc xlink:type="arc" xlink:arcrole="http://www.xbrl.org/2003/arcrole/concept-label" xlink:from="loc_dnb-crd_x1030" xlink:to="label_dnb-crd_x1030" />
    <link:loc xlink:type="locator" xlink:href="mem.xsd#dnb-crd_x1031" xlink:label="loc_dnb-crd_x1031" />
    <link:label xlink:type="resource" xlink:label="label_dnb-crd_x1031" xml:lang="en" xlink:role="http://www.xbrl.org/2003/role/label">Indemnity insurance. Coverage for each individual claim</link:label>
    <link:labelArc xlink:type="arc" xlink:arcrole="http://www.xbrl.org/2003/arcrole/concept-label" xlink:from="loc_dnb-crd_x1031" xlink:to="label_dnb-crd_x1031" />
    <link:loc xlink:type="locator" xlink:href="mem.xsd#dnb-crd_x1032" xlink:label="loc_dnb-crd_x1032" />
    <link:label xlink:type="resource" xlink:label="label_dnb-crd_x1032" xml:lang="en" xlink:role="http://www.xbrl.org/2003/role/label">Indemnity insurance. Aggregate of coverage for claims per year</link:label>
    <link:labelArc xlink:type="arc" xlink:arcrole="http://www.xbrl.org/2003/arcrole/concept-label" xlink:from="loc_dnb-crd_x1032" xlink:to="label_dnb-crd_x1032" />
    <link:loc xlink:type="locator" xlink:href="mem.xsd#dnb-crd_x1033" xlink:label="loc_dnb-crd_x1033" />
    <link:label xlink:type="resource" xlink:label="label_dnb-crd_x1033" xml:lang="en" xlink:role="http://www.xbrl.org/2003/role/label">Indemnity insurance. Excess from coverage for each individual claim</link:label>
    <link:labelArc xlink:type="arc" xlink:arcrole="http://www.xbrl.org/2003/arcrole/concept-label" xlink:from="loc_dnb-crd_x1033" xlink:to="label_dnb-crd_x1033" />
    <link:loc xlink:type="locator" xlink:href="mem.xsd#dnb-crd_x1034" xlink:label="loc_dnb-crd_x1034" />
    <link:label xlink:type="resource" xlink:label="label_dnb-crd_x1034" xml:lang="en" xlink:role="http://www.xbrl.org/2003/role/label">Indemnity insurance. Excess from aggregate of coverage for claims per year</link:label>
    <link:labelArc xlink:type="arc" xlink:arcrole="http://www.xbrl.org/2003/arcrole/concept-label" xlink:from="loc_dnb-crd_x1034" xlink:to="label_dnb-crd_x1034" />
    <link:loc xlink:type="locator" xlink:href="mem.xsd#dnb-crd_x1035" xlink:label="loc_dnb-crd_x1035" />
    <link:label xlink:type="resource" xlink:label="label_dnb-crd_x1035" xml:lang="en" xlink:role="http://www.xbrl.org/2003/role/label">Payment services licence type</link:label>
    <link:labelArc xlink:type="arc" xlink:arcrole="http://www.xbrl.org/2003/arcrole/concept-label" xlink:from="loc_dnb-crd_x1035" xlink:to="label_dnb-crd_x1035" />
    <link:loc xlink:type="locator" xlink:href="mem.xsd#dnb-crd_x1036" xlink:label="loc_dnb-crd_x1036" />
    <link:label xlink:type="resource" xlink:label="label_dnb-crd_x1036" xml:lang="en" xlink:role="http://www.xbrl.org/2003/role/label">Safeguarding method</link:label>
    <link:labelArc xlink:type="arc" xlink:arcrole="http://www.xbrl.org/2003/arcrole/concept-label" xlink:from="loc_dnb-crd_x1036" xlink:to="label_dnb-crd_x1036" />
    <link:loc xlink:type="locator" xlink:href="mem.xsd#dnb-crd_x1037" xlink:label="loc_dnb-crd_x1037" />
    <link:label xlink:type="resource" xlink:label="label_dnb-crd_x1037" xml:lang="en" xlink:role="http://www.xbrl.org/2003/role/label">Governance</link:label>
    <link:labelArc xlink:type="arc" xlink:arcrole="http://www.xbrl.org/2003/arcrole/concept-label" xlink:from="loc_dnb-crd_x1037" xlink:to="label_dnb-crd_x1037" />
    <link:loc xlink:type="locator" xlink:href="mem.xsd#dnb-crd_x1038" xlink:label="loc_dnb-crd_x1038" />
    <link:label xlink:type="resource" xlink:label="label_dnb-crd_x1038" xml:lang="en" xlink:role="http://www.xbrl.org/2003/role/label">Base for supervisory fee</link:label>
    <link:labelArc xlink:type="arc" xlink:arcrole="http://www.xbrl.org/2003/arcrole/concept-label" xlink:from="loc_dnb-crd_x1038" xlink:to="label_dnb-crd_x1038" />
    <link:loc xlink:type="locator" xlink:href="mem.xsd#dnb-crd_x1039" xlink:label="loc_dnb-crd_x1039" />
    <link:label xlink:type="resource" xlink:label="label_dnb-crd_x1039" xml:lang="en" xlink:role="http://www.xbrl.org/2003/role/label">Applicable own fund requirement method</link:label>
    <link:labelArc xlink:type="arc" xlink:arcrole="http://www.xbrl.org/2003/arcrole/concept-label" xlink:from="loc_dnb-crd_x1039" xlink:to="label_dnb-crd_x1039" />
    <link:loc xlink:type="locator" xlink:href="mem.xsd#dnb-crd_x1040" xlink:label="loc_dnb-crd_x1040" />
    <link:label xlink:type="resource" xlink:label="label_dnb-crd_x1040" xml:lang="en" xlink:role="http://www.xbrl.org/2003/role/label">Payment volume</link:label>
    <link:labelArc xlink:type="arc" xlink:arcrole="http://www.xbrl.org/2003/arcrole/concept-label" xlink:from="loc_dnb-crd_x1040" xlink:to="label_dnb-crd_x1040" />
    <link:loc xlink:type="locator" xlink:href="mem.xsd#dnb-crd_x1041" xlink:label="loc_dnb-crd_x1041" />
    <link:label xlink:type="resource" xlink:label="label_dnb-crd_x1041" xml:lang="en" xlink:role="http://www.xbrl.org/2003/role/label">Payment services licensed</link:label>
    <link:labelArc xlink:type="arc" xlink:arcrole="http://www.xbrl.org/2003/arcrole/concept-label" xlink:from="loc_dnb-crd_x1041" xlink:to="label_dnb-crd_x1041" />
    <link:loc xlink:type="locator" xlink:href="mem.xsd#dnb-crd_x1042" xlink:label="loc_dnb-crd_x1042" />
    <link:label xlink:type="resource" xlink:label="label_dnb-crd_x1042" xml:lang="en" xlink:role="http://www.xbrl.org/2003/role/label">Average outstanding electronic money</link:label>
    <link:labelArc xlink:type="arc" xlink:arcrole="http://www.xbrl.org/2003/arcrole/concept-label" xlink:from="loc_dnb-crd_x1042" xlink:to="label_dnb-crd_x1042" />
    <link:loc xlink:type="locator" xlink:href="mem.xsd#dnb-crd_x1043" xlink:label="loc_dnb-crd_x1043" />
    <link:label xlink:type="resource" xlink:label="label_dnb-crd_x1043" xml:lang="en" xlink:role="http://www.xbrl.org/2003/role/label">Slices of payment volume</link:label>
    <link:labelArc xlink:type="arc" xlink:arcrole="http://www.xbrl.org/2003/arcrole/concept-label" xlink:from="loc_dnb-crd_x1043" xlink:to="label_dnb-crd_x1043" />
    <link:loc xlink:type="locator" xlink:href="mem.xsd#dnb-crd_x1044" xlink:label="loc_dnb-crd_x1044" />
    <link:label xlink:type="resource" xlink:label="label_dnb-crd_x1044" xml:lang="en" xlink:role="http://www.xbrl.org/2003/role/label">Scaling Factor</link:label>
    <link:labelArc xlink:type="arc" xlink:arcrole="http://www.xbrl.org/2003/arcrole/concept-label" xlink:from="loc_dnb-crd_x1044" xlink:to="label_dnb-crd_x1044" />
    <link:loc xlink:type="locator" xlink:href="mem.xsd#dnb-crd_x1045" xlink:label="loc_dnb-crd_x1045" />
    <link:label xlink:type="resource" xlink:label="label_dnb-crd_x1045" xml:lang="en" xlink:role="http://www.xbrl.org/2003/role/label">Relevant Indicator</link:label>
    <link:labelArc xlink:type="arc" xlink:arcrole="http://www.xbrl.org/2003/arcrole/concept-label" xlink:from="loc_dnb-crd_x1045" xlink:to="label_dnb-crd_x1045" />
    <link:loc xlink:type="locator" xlink:href="mem.xsd#dnb-crd_x1046" xlink:label="loc_dnb-crd_x1046" />
    <link:label xlink:type="resource" xlink:label="label_dnb-crd_x1046" xml:lang="en" xlink:role="http://www.xbrl.org/2003/role/label">Value used for relevant indicator</link:label>
    <link:labelArc xlink:type="arc" xlink:arcrole="http://www.xbrl.org/2003/arcrole/concept-label" xlink:from="loc_dnb-crd_x1046" xlink:to="label_dnb-crd_x1046" />
    <link:loc xlink:type="locator" xlink:href="mem.xsd#dnb-crd_x1047" xlink:label="loc_dnb-crd_x1047" />
    <link:label xlink:type="resource" xlink:label="label_dnb-crd_x1047" xml:lang="en" xlink:role="http://www.xbrl.org/2003/role/label">Multiplication factor</link:label>
    <link:labelArc xlink:type="arc" xlink:arcrole="http://www.xbrl.org/2003/arcrole/concept-label" xlink:from="loc_dnb-crd_x1047" xlink:to="label_dnb-crd_x1047" />
    <link:loc xlink:type="locator" xlink:href="mem.xsd#dnb-crd_x1048" xlink:label="loc_dnb-crd_x1048" />
    <link:label xlink:type="resource" xlink:label="label_dnb-crd_x1048" xml:lang="en" xlink:role="http://www.xbrl.org/2003/role/label"> Interest income</link:label>
    <link:labelArc xlink:type="arc" xlink:arcrole="http://www.xbrl.org/2003/arcrole/concept-label" xlink:from="loc_dnb-crd_x1048" xlink:to="label_dnb-crd_x1048" />
    <link:loc xlink:type="locator" xlink:href="mem.xsd#dnb-crd_x1049" xlink:label="loc_dnb-crd_x1049" />
    <link:label xlink:type="resource" xlink:label="label_dnb-crd_x1049" xml:lang="en" xlink:role="http://www.xbrl.org/2003/role/label">Interest expenses</link:label>
    <link:labelArc xlink:type="arc" xlink:arcrole="http://www.xbrl.org/2003/arcrole/concept-label" xlink:from="loc_dnb-crd_x1049" xlink:to="label_dnb-crd_x1049" />
    <link:loc xlink:type="locator" xlink:href="mem.xsd#dnb-crd_x1050" xlink:label="loc_dnb-crd_x1050" />
    <link:label xlink:type="resource" xlink:label="label_dnb-crd_x1050" xml:lang="en" xlink:role="http://www.xbrl.org/2003/role/label">Commissions and fees received</link:label>
    <link:labelArc xlink:type="arc" xlink:arcrole="http://www.xbrl.org/2003/arcrole/concept-label" xlink:from="loc_dnb-crd_x1050" xlink:to="label_dnb-crd_x1050" />
    <link:loc xlink:type="locator" xlink:href="mem.xsd#dnb-crd_x1051" xlink:label="loc_dnb-crd_x1051" />
    <link:label xlink:type="resource" xlink:label="label_dnb-crd_x1051" xml:lang="en" xlink:role="http://www.xbrl.org/2003/role/label">Other operating income</link:label>
    <link:labelArc xlink:type="arc" xlink:arcrole="http://www.xbrl.org/2003/arcrole/concept-label" xlink:from="loc_dnb-crd_x1051" xlink:to="label_dnb-crd_x1051" />
    <link:loc xlink:type="locator" xlink:href="mem.xsd#dnb-crd_x1052" xlink:label="loc_dnb-crd_x1052" />
    <link:label xlink:type="resource" xlink:label="label_dnb-crd_x1052" xml:lang="en" xlink:role="http://www.xbrl.org/2003/role/label">Income from extraordinary or irregular items shall not be used in the calculation of the relevant indicator</link:label>
    <link:labelArc xlink:type="arc" xlink:arcrole="http://www.xbrl.org/2003/arcrole/concept-label" xlink:from="loc_dnb-crd_x1052" xlink:to="label_dnb-crd_x1052" />
    <link:loc xlink:type="locator" xlink:href="mem.xsd#dnb-crd_x1053" xlink:label="loc_dnb-crd_x1053" />
    <link:label xlink:type="resource" xlink:label="label_dnb-crd_x1053" xml:lang="en" xlink:role="http://www.xbrl.org/2003/role/label">Expenses of the outsourcing of services</link:label>
    <link:labelArc xlink:type="arc" xlink:arcrole="http://www.xbrl.org/2003/arcrole/concept-label" xlink:from="loc_dnb-crd_x1053" xlink:to="label_dnb-crd_x1053" />
    <link:loc xlink:type="locator" xlink:href="mem.xsd#dnb-crd_x1054" xlink:label="loc_dnb-crd_x1054" />
    <link:label xlink:type="resource" xlink:label="label_dnb-crd_x1054" xml:lang="en" xlink:role="http://www.xbrl.org/2003/role/label">Type of indicator</link:label>
    <link:labelArc xlink:type="arc" xlink:arcrole="http://www.xbrl.org/2003/arcrole/concept-label" xlink:from="loc_dnb-crd_x1054" xlink:to="label_dnb-crd_x1054" />
    <link:loc xlink:type="locator" xlink:href="mem.xsd#dnb-crd_x1055" xlink:label="loc_dnb-crd_x1055" />
    <link:label xlink:type="resource" xlink:label="label_dnb-crd_x1055" xml:lang="en" xlink:role="http://www.xbrl.org/2003/role/label">Indicator definition</link:label>
    <link:labelArc xlink:type="arc" xlink:arcrole="http://www.xbrl.org/2003/arcrole/concept-label" xlink:from="loc_dnb-crd_x1055" xlink:to="label_dnb-crd_x1055" />
    <link:loc xlink:type="locator" xlink:href="mem.xsd#dnb-crd_x1056" xlink:label="loc_dnb-crd_x1056" />
    <link:label xlink:type="resource" xlink:label="label_dnb-crd_x1056" xml:lang="en" xlink:role="http://www.xbrl.org/2003/role/label">Recovery process trigger</link:label>
    <link:labelArc xlink:type="arc" xlink:arcrole="http://www.xbrl.org/2003/arcrole/concept-label" xlink:from="loc_dnb-crd_x1056" xlink:to="label_dnb-crd_x1056" />
    <link:loc xlink:type="locator" xlink:href="mem.xsd#dnb-crd_x1057" xlink:label="loc_dnb-crd_x1057" />
    <link:label xlink:type="resource" xlink:label="label_dnb-crd_x1057" xml:lang="en" xlink:role="http://www.xbrl.org/2003/role/label">Exit process trigger</link:label>
    <link:labelArc xlink:type="arc" xlink:arcrole="http://www.xbrl.org/2003/arcrole/concept-label" xlink:from="loc_dnb-crd_x1057" xlink:to="label_dnb-crd_x1057" />
    <link:loc xlink:type="locator" xlink:href="mem.xsd#dnb-crd_x1058" xlink:label="loc_dnb-crd_x1058" />
    <link:label xlink:type="resource" xlink:label="label_dnb-crd_x1058" xml:lang="en" xlink:role="http://www.xbrl.org/2003/role/label">Indicator value</link:label>
    <link:labelArc xlink:type="arc" xlink:arcrole="http://www.xbrl.org/2003/arcrole/concept-label" xlink:from="loc_dnb-crd_x1058" xlink:to="label_dnb-crd_x1058" />
    <link:loc xlink:type="locator" xlink:href="mem.xsd#dnb-crd_x1059" xlink:label="loc_dnb-crd_x1059" />
    <link:label xlink:type="resource" xlink:label="label_dnb-crd_x1059" xml:lang="en" xlink:role="http://www.xbrl.org/2003/role/label">Trigger is hit</link:label>
    <link:labelArc xlink:type="arc" xlink:arcrole="http://www.xbrl.org/2003/arcrole/concept-label" xlink:from="loc_dnb-crd_x1059" xlink:to="label_dnb-crd_x1059" />
    <link:loc xlink:type="locator" xlink:href="mem.xsd#dnb-crd_x1060" xlink:label="loc_dnb-crd_x1060" />
    <link:label xlink:type="resource" xlink:label="label_dnb-crd_x1060" xml:lang="en" xlink:role="http://www.xbrl.org/2003/role/label">10% of fixed overhead</link:label>
    <link:labelArc xlink:type="arc" xlink:arcrole="http://www.xbrl.org/2003/arcrole/concept-label" xlink:from="loc_dnb-crd_x1060" xlink:to="label_dnb-crd_x1060" />
    <link:loc xlink:type="locator" xlink:href="mem.xsd#dnb-crd_x1061" xlink:label="loc_dnb-crd_x1061" />
    <link:label xlink:type="resource" xlink:label="label_dnb-crd_x1061" xml:lang="en" xlink:role="http://www.xbrl.org/2003/role/label">Variable expenses on outsourced services that do vary as a result of volume or sales revenue</link:label>
    <link:labelArc xlink:type="arc" xlink:arcrole="http://www.xbrl.org/2003/arcrole/concept-label" xlink:from="loc_dnb-crd_x1061" xlink:to="label_dnb-crd_x1061" />
    <link:loc xlink:type="locator" xlink:href="mem.xsd#dnb-crd_x1062" xlink:label="loc_dnb-crd_x1062" />
    <link:label xlink:type="resource" xlink:label="label_dnb-crd_x1062" xml:lang="en" xlink:role="http://www.xbrl.org/2003/role/label">Impairments</link:label>
    <link:labelArc xlink:type="arc" xlink:arcrole="http://www.xbrl.org/2003/arcrole/concept-label" xlink:from="loc_dnb-crd_x1062" xlink:to="label_dnb-crd_x1062" />
    <link:loc xlink:type="locator" xlink:href="mem.xsd#dnb-crd_x1063" xlink:label="loc_dnb-crd_x1063" />
    <link:label xlink:type="resource" xlink:label="label_dnb-crd_x1063" xml:lang="en" xlink:role="http://www.xbrl.org/2003/role/label">Other variable expenses that do vary as a result of output volume or sales revenue</link:label>
    <link:labelArc xlink:type="arc" xlink:arcrole="http://www.xbrl.org/2003/arcrole/concept-label" xlink:from="loc_dnb-crd_x1063" xlink:to="label_dnb-crd_x1063" />
    <link:loc xlink:type="locator" xlink:href="mem.xsd#dnb-crd_x1064" xlink:label="loc_dnb-crd_x1064" />
    <link:label xlink:type="resource" xlink:label="label_dnb-crd_x1064" xml:lang="en" xlink:role="http://www.xbrl.org/2003/role/label">Other by DNB approved variable expenses</link:label>
    <link:labelArc xlink:type="arc" xlink:arcrole="http://www.xbrl.org/2003/arcrole/concept-label" xlink:from="loc_dnb-crd_x1064" xlink:to="label_dnb-crd_x1064" />
    <link:loc xlink:type="locator" xlink:href="mem.xsd#dnb-crd_x1065" xlink:label="loc_dnb-crd_x1065" />
    <link:label xlink:type="resource" xlink:label="label_dnb-crd_x1065" xml:lang="en" xlink:role="http://www.xbrl.org/2003/role/label">Assets under management reinvested in other funds managed by this manager</link:label>
    <link:labelArc xlink:type="arc" xlink:arcrole="http://www.xbrl.org/2003/arcrole/concept-label" xlink:from="loc_dnb-crd_x1065" xlink:to="label_dnb-crd_x1065" />
  </link:labelLink>
</link:linkbase>