﻿<?xml version="1.0" encoding="utf-8"?>
<!--© DNB-->
<link:linkbase xmlns:xsi="http://www.w3.org/2001/XMLSchema-instance" xmlns:xlink="http://www.w3.org/1999/xlink" xmlns:link="http://www.xbrl.org/2003/linkbase" xsi:schemaLocation="http://www.xbrl.org/2003/linkbase http://www.xbrl.org/2003/xbrl-linkbase-2003-12-31.xsd">
  <link:labelLink xlink:type="extended" xlink:role="http://www.xbrl.org/2003/role/link">
    <link:loc xlink:type="locator" xlink:href="dim.xsd#dnb-crd_FFT" xlink:label="loc_dnb-crd_FFT" />
    <link:label xlink:type="resource" xlink:label="label_dnb-crd_FFT" xml:lang="en" xlink:role="http://www.xbrl.org/2003/role/label">Fund type</link:label>
    <link:labelArc xlink:type="arc" xlink:arcrole="http://www.xbrl.org/2003/arcrole/concept-label" xlink:from="loc_dnb-crd_FFT" xlink:to="label_dnb-crd_FFT" />
    <link:loc xlink:type="locator" xlink:href="dim.xsd#dnb-crd_OTP" xlink:label="loc_dnb-crd_OTP" />
    <link:label xlink:type="resource" xlink:label="label_dnb-crd_OTP" xml:lang="en" xlink:role="http://www.xbrl.org/2003/role/label">Other provisions</link:label>
    <link:labelArc xlink:type="arc" xlink:arcrole="http://www.xbrl.org/2003/arcrole/concept-label" xlink:from="loc_dnb-crd_OTP" xlink:to="label_dnb-crd_OTP" />
    <link:loc xlink:type="locator" xlink:href="dim.xsd#dnb-crd_DRF" xlink:label="loc_dnb-crd_DRF" />
    <link:label xlink:type="resource" xlink:label="label_dnb-crd_DRF" xml:lang="en" xlink:role="http://www.xbrl.org/2003/role/label">Detail reference</link:label>
    <link:labelArc xlink:type="arc" xlink:arcrole="http://www.xbrl.org/2003/arcrole/concept-label" xlink:from="loc_dnb-crd_DRF" xlink:to="label_dnb-crd_DRF" />
    <link:loc xlink:type="locator" xlink:href="dim.xsd#dnb-crd_TYC" xlink:label="loc_dnb-crd_TYC" />
    <link:label xlink:type="resource" xlink:label="label_dnb-crd_TYC" xml:lang="en" xlink:role="http://www.xbrl.org/2003/role/label">Type of commitment</link:label>
    <link:labelArc xlink:type="arc" xlink:arcrole="http://www.xbrl.org/2003/arcrole/concept-label" xlink:from="loc_dnb-crd_TYC" xlink:to="label_dnb-crd_TYC" />
    <link:loc xlink:type="locator" xlink:href="dim.xsd#dnb-crd_OBP" xlink:label="loc_dnb-crd_OBP" />
    <link:label xlink:type="resource" xlink:label="label_dnb-crd_OBP" xml:lang="en" xlink:role="http://www.xbrl.org/2003/role/label">Off-balance sheet properties</link:label>
    <link:labelArc xlink:type="arc" xlink:arcrole="http://www.xbrl.org/2003/arcrole/concept-label" xlink:from="loc_dnb-crd_OBP" xlink:to="label_dnb-crd_OBP" />
    <link:loc xlink:type="locator" xlink:href="dim.xsd#dnb-crd_TFM" xlink:label="loc_dnb-crd_TFM" />
    <link:label xlink:type="resource" xlink:label="label_dnb-crd_TFM" xml:lang="en" xlink:role="http://www.xbrl.org/2003/role/label">Type of fund manager</link:label>
    <link:labelArc xlink:type="arc" xlink:arcrole="http://www.xbrl.org/2003/arcrole/concept-label" xlink:from="loc_dnb-crd_TFM" xlink:to="label_dnb-crd_TFM" />
    <link:loc xlink:type="locator" xlink:href="dim.xsd#dnb-crd_CRT" xlink:label="loc_dnb-crd_CRT" />
    <link:label xlink:type="resource" xlink:label="label_dnb-crd_CRT" xml:lang="en" xlink:role="http://www.xbrl.org/2003/role/label">Capital Requirement Type</link:label>
    <link:labelArc xlink:type="arc" xlink:arcrole="http://www.xbrl.org/2003/arcrole/concept-label" xlink:from="loc_dnb-crd_CRT" xlink:to="label_dnb-crd_CRT" />
    <link:loc xlink:type="locator" xlink:href="dim.xsd#dnb-crd_TFN" xlink:label="loc_dnb-crd_TFN" />
    <link:label xlink:type="resource" xlink:label="label_dnb-crd_TFN" xml:lang="en" xlink:role="http://www.xbrl.org/2003/role/label">Type of fund</link:label>
    <link:labelArc xlink:type="arc" xlink:arcrole="http://www.xbrl.org/2003/arcrole/concept-label" xlink:from="loc_dnb-crd_TFN" xlink:to="label_dnb-crd_TFN" />
    <link:loc xlink:type="locator" xlink:href="dim.xsd#dnb-crd_XPC" xlink:label="loc_dnb-crd_XPC" />
    <link:label xlink:type="resource" xlink:label="label_dnb-crd_XPC" xml:lang="en" xlink:role="http://www.xbrl.org/2003/role/label">Expense class</link:label>
    <link:labelArc xlink:type="arc" xlink:arcrole="http://www.xbrl.org/2003/arcrole/concept-label" xlink:from="loc_dnb-crd_XPC" xlink:to="label_dnb-crd_XPC" />
    <link:loc xlink:type="locator" xlink:href="dim.xsd#dnb-crd_SVT" xlink:label="loc_dnb-crd_SVT" />
    <link:label xlink:type="resource" xlink:label="label_dnb-crd_SVT" xml:lang="en" xlink:role="http://www.xbrl.org/2003/role/label">Service type</link:label>
    <link:labelArc xlink:type="arc" xlink:arcrole="http://www.xbrl.org/2003/arcrole/concept-label" xlink:from="loc_dnb-crd_SVT" xlink:to="label_dnb-crd_SVT" />
    <link:loc xlink:type="locator" xlink:href="dim.xsd#dnb-crd_CRS" xlink:label="loc_dnb-crd_CRS" />
    <link:label xlink:type="resource" xlink:label="label_dnb-crd_CRS" xml:lang="en" xlink:role="http://www.xbrl.org/2003/role/label">Capital requirement subgroup</link:label>
    <link:labelArc xlink:type="arc" xlink:arcrole="http://www.xbrl.org/2003/arcrole/concept-label" xlink:from="loc_dnb-crd_CRS" xlink:to="label_dnb-crd_CRS" />
    <link:loc xlink:type="locator" xlink:href="dim.xsd#dnb-crd_NOF" xlink:label="loc_dnb-crd_NOF" />
    <link:label xlink:type="resource" xlink:label="label_dnb-crd_NOF" xml:lang="en" xlink:role="http://www.xbrl.org/2003/role/label">Name of Fund</link:label>
    <link:labelArc xlink:type="arc" xlink:arcrole="http://www.xbrl.org/2003/arcrole/concept-label" xlink:from="loc_dnb-crd_NOF" xlink:to="label_dnb-crd_NOF" />
    <link:loc xlink:type="locator" xlink:href="dim.xsd#dnb-crd_RFD" xlink:label="loc_dnb-crd_RFD" />
    <link:label xlink:type="resource" xlink:label="label_dnb-crd_RFD" xml:lang="en" xlink:role="http://www.xbrl.org/2003/role/label">Reference date</link:label>
    <link:labelArc xlink:type="arc" xlink:arcrole="http://www.xbrl.org/2003/arcrole/concept-label" xlink:from="loc_dnb-crd_RFD" xlink:to="label_dnb-crd_RFD" />
    <link:loc xlink:type="locator" xlink:href="dim.xsd#dnb-crd_RTY" xlink:label="loc_dnb-crd_RTY" />
    <link:label xlink:type="resource" xlink:label="label_dnb-crd_RTY" xml:lang="en" xlink:role="http://www.xbrl.org/2003/role/label">Reserve type</link:label>
    <link:labelArc xlink:type="arc" xlink:arcrole="http://www.xbrl.org/2003/arcrole/concept-label" xlink:from="loc_dnb-crd_RTY" xlink:to="label_dnb-crd_RTY" />
    <link:loc xlink:type="locator" xlink:href="dim.xsd#dnb-crd_PSL" xlink:label="loc_dnb-crd_PSL" />
    <link:label xlink:type="resource" xlink:label="label_dnb-crd_PSL" xml:lang="en" xlink:role="http://www.xbrl.org/2003/role/label">Payment service licence type</link:label>
    <link:labelArc xlink:type="arc" xlink:arcrole="http://www.xbrl.org/2003/arcrole/concept-label" xlink:from="loc_dnb-crd_PSL" xlink:to="label_dnb-crd_PSL" />
    <link:loc xlink:type="locator" xlink:href="dim.xsd#dnb-crd_SGM" xlink:label="loc_dnb-crd_SGM" />
    <link:label xlink:type="resource" xlink:label="label_dnb-crd_SGM" xml:lang="en" xlink:role="http://www.xbrl.org/2003/role/label">Safeguarding method</link:label>
    <link:labelArc xlink:type="arc" xlink:arcrole="http://www.xbrl.org/2003/arcrole/concept-label" xlink:from="loc_dnb-crd_SGM" xlink:to="label_dnb-crd_SGM" />
    <link:loc xlink:type="locator" xlink:href="dim.xsd#dnb-crd_DOI" xlink:label="loc_dnb-crd_DOI" />
    <link:label xlink:type="resource" xlink:label="label_dnb-crd_DOI" xml:lang="en" xlink:role="http://www.xbrl.org/2003/role/label"> Duties and responsibilities outsourced by the institution</link:label>
    <link:labelArc xlink:type="arc" xlink:arcrole="http://www.xbrl.org/2003/arcrole/concept-label" xlink:from="loc_dnb-crd_DOI" xlink:to="label_dnb-crd_DOI" />
    <link:loc xlink:type="locator" xlink:href="dim.xsd#dnb-crd_EFT" xlink:label="loc_dnb-crd_EFT" />
    <link:label xlink:type="resource" xlink:label="label_dnb-crd_EFT" xml:lang="en" xlink:role="http://www.xbrl.org/2003/role/label">Employment function type</link:label>
    <link:labelArc xlink:type="arc" xlink:arcrole="http://www.xbrl.org/2003/arcrole/concept-label" xlink:from="loc_dnb-crd_EFT" xlink:to="label_dnb-crd_EFT" />
    <link:loc xlink:type="locator" xlink:href="dim.xsd#dnb-crd_TYS" xlink:label="loc_dnb-crd_TYS" />
    <link:label xlink:type="resource" xlink:label="label_dnb-crd_TYS" xml:lang="en" xlink:role="http://www.xbrl.org/2003/role/label">Type of service</link:label>
    <link:labelArc xlink:type="arc" xlink:arcrole="http://www.xbrl.org/2003/arcrole/concept-label" xlink:from="loc_dnb-crd_TYS" xlink:to="label_dnb-crd_TYS" />
    <link:loc xlink:type="locator" xlink:href="dim.xsd#dnb-crd_PVG" xlink:label="loc_dnb-crd_PVG" />
    <link:label xlink:type="resource" xlink:label="label_dnb-crd_PVG" xml:lang="en" xlink:role="http://www.xbrl.org/2003/role/label">Payment volume geographical area</link:label>
    <link:labelArc xlink:type="arc" xlink:arcrole="http://www.xbrl.org/2003/arcrole/concept-label" xlink:from="loc_dnb-crd_PVG" xlink:to="label_dnb-crd_PVG" />
    <link:label xlink:type="resource" xlink:label="label_dnb-crd_PVG_1" xml:lang="en" xlink:role="http://www.xbrl.org/2003/role/verboseLabel">Geographical area for the payment volumes handled bij the payment service providers</link:label>
    <link:labelArc xlink:type="arc" xlink:arcrole="http://www.xbrl.org/2003/arcrole/concept-label" xlink:from="loc_dnb-crd_PVG" xlink:to="label_dnb-crd_PVG_1" />
    <link:loc xlink:type="locator" xlink:href="dim.xsd#dnb-crd_APC" xlink:label="loc_dnb-crd_APC" />
    <link:label xlink:type="resource" xlink:label="label_dnb-crd_APC" xml:lang="en" xlink:role="http://www.xbrl.org/2003/role/label">Allocation percentage</link:label>
    <link:labelArc xlink:type="arc" xlink:arcrole="http://www.xbrl.org/2003/arcrole/concept-label" xlink:from="loc_dnb-crd_APC" xlink:to="label_dnb-crd_APC" />
    <link:loc xlink:type="locator" xlink:href="dim.xsd#dnb-crd_SPV" xlink:label="loc_dnb-crd_SPV" />
    <link:label xlink:type="resource" xlink:label="label_dnb-crd_SPV" xml:lang="en" xlink:role="http://www.xbrl.org/2003/role/label">Slice of payment volume</link:label>
    <link:labelArc xlink:type="arc" xlink:arcrole="http://www.xbrl.org/2003/arcrole/concept-label" xlink:from="loc_dnb-crd_SPV" xlink:to="label_dnb-crd_SPV" />
    <link:loc xlink:type="locator" xlink:href="dim.xsd#dnb-crd_SRI" xlink:label="loc_dnb-crd_SRI" />
    <link:label xlink:type="resource" xlink:label="label_dnb-crd_SRI" xml:lang="en" xlink:role="http://www.xbrl.org/2003/role/label">Slice of relevant indicator</link:label>
    <link:labelArc xlink:type="arc" xlink:arcrole="http://www.xbrl.org/2003/arcrole/concept-label" xlink:from="loc_dnb-crd_SRI" xlink:to="label_dnb-crd_SRI" />
    <link:loc xlink:type="locator" xlink:href="dim.xsd#dnb-crd_INR" xlink:label="loc_dnb-crd_INR" />
    <link:label xlink:type="resource" xlink:label="label_dnb-crd_INR" xml:lang="en" xlink:role="http://www.xbrl.org/2003/role/label">Indicator row</link:label>
    <link:labelArc xlink:type="arc" xlink:arcrole="http://www.xbrl.org/2003/arcrole/concept-label" xlink:from="loc_dnb-crd_INR" xlink:to="label_dnb-crd_INR" />
    <link:loc xlink:type="locator" xlink:href="dim.xsd#dnb-crd_LPS" xlink:label="loc_dnb-crd_LPS" />
    <link:label xlink:type="resource" xlink:label="label_dnb-crd_LPS" xml:lang="en" xlink:role="http://www.xbrl.org/2003/role/label">Licence for payment service</link:label>
    <link:labelArc xlink:type="arc" xlink:arcrole="http://www.xbrl.org/2003/arcrole/concept-label" xlink:from="loc_dnb-crd_LPS" xlink:to="label_dnb-crd_LPS" />
  </link:labelLink>
</link:linkbase>