﻿<?xml version="1.0" encoding="utf-8"?>
<!--© DNB-->
<link:linkbase xmlns:xsi="http://www.w3.org/2001/XMLSchema-instance" xmlns:xlink="http://www.w3.org/1999/xlink" xmlns:link="http://www.xbrl.org/2003/linkbase" xmlns:xbrldt="http://xbrl.org/2005/xbrldt" xsi:schemaLocation="http://www.xbrl.org/2003/linkbase http://www.xbrl.org/2003/xbrl-linkbase-2003-12-31.xsd http://xbrl.org/2005/xbrldt http://www.xbrl.org/2005/xbrldt-2005.xsd">
  <link:arcroleRef arcroleURI="http://xbrl.org/int/dim/arcrole/dimension-default" xlink:type="simple" xlink:href="http://www.xbrl.org/2005/xbrldt-2005.xsd#dimension-default" />
  <link:arcroleRef arcroleURI="http://xbrl.org/int/dim/arcrole/dimension-domain" xlink:type="simple" xlink:href="http://www.xbrl.org/2005/xbrldt-2005.xsd#dimension-domain" />
  <link:definitionLink xlink:type="extended" xlink:role="http://www.xbrl.org/2003/role/link">
    <link:loc xlink:type="locator" xlink:href="../dom/exp.xsd#dnb-crd_FT" xlink:label="loc_dnb-crd_FT" />
    <link:loc xlink:type="locator" xlink:href="dim.xsd#dnb-crd_FFT" xlink:label="loc_dnb-crd_FFT" />
    <link:definitionArc xlink:type="arc" xlink:arcrole="http://xbrl.org/int/dim/arcrole/dimension-domain" xlink:from="loc_dnb-crd_FFT" xlink:to="loc_dnb-crd_FT" xbrldt:usable="false" />
    <link:loc xlink:type="locator" xlink:href="../dom/ft/mem.xsd#dnb-crd_x0" xlink:label="loc_dnb-crd_FT_x0" />
    <link:definitionArc xlink:type="arc" xlink:arcrole="http://xbrl.org/int/dim/arcrole/dimension-default" xlink:from="loc_dnb-crd_FFT" xlink:to="loc_dnb-crd_FT_x0" />
    <link:loc xlink:type="locator" xlink:href="http://www.eba.europa.eu/eu/fr/xbrl/crr/dict/dom/exp.xsd#eba_MC" xlink:label="loc_dnbeba_MC" />
    <link:loc xlink:type="locator" xlink:href="dim.xsd#dnb-crd_OTP" xlink:label="loc_dnb-crd_OTP" />
    <link:definitionArc xlink:type="arc" xlink:arcrole="http://xbrl.org/int/dim/arcrole/dimension-domain" xlink:from="loc_dnb-crd_OTP" xlink:to="loc_dnbeba_MC" xbrldt:usable="false" />
    <link:loc xlink:type="locator" xlink:href="http://www.eba.europa.eu/eu/fr/xbrl/crr/dict/dom/mc/mem.xsd#eba_x0" xlink:label="loc_dnbeba_MC_x0" />
    <link:definitionArc xlink:type="arc" xlink:arcrole="http://xbrl.org/int/dim/arcrole/dimension-default" xlink:from="loc_dnb-crd_OTP" xlink:to="loc_dnbeba_MC_x0" />
    <link:loc xlink:type="locator" xlink:href="../dom/exp.xsd#dnb-crd_DR" xlink:label="loc_dnb-crd_DR" />
    <link:loc xlink:type="locator" xlink:href="dim.xsd#dnb-crd_DRF" xlink:label="loc_dnb-crd_DRF" />
    <link:definitionArc xlink:type="arc" xlink:arcrole="http://xbrl.org/int/dim/arcrole/dimension-domain" xlink:from="loc_dnb-crd_DRF" xlink:to="loc_dnb-crd_DR" xbrldt:usable="false" />
    <link:loc xlink:type="locator" xlink:href="../dom/dr/mem.xsd#dnb-crd_x0" xlink:label="loc_dnb-crd_DR_x0" />
    <link:definitionArc xlink:type="arc" xlink:arcrole="http://xbrl.org/int/dim/arcrole/dimension-default" xlink:from="loc_dnb-crd_DRF" xlink:to="loc_dnb-crd_DR_x0" />
    <link:loc xlink:type="locator" xlink:href="dim.xsd#dnb-crd_TYC" xlink:label="loc_dnb-crd_TYC" />
    <link:definitionArc xlink:type="arc" xlink:arcrole="http://xbrl.org/int/dim/arcrole/dimension-domain" xlink:from="loc_dnb-crd_TYC" xlink:to="loc_dnbeba_MC" xbrldt:usable="false" />
    <link:definitionArc xlink:type="arc" xlink:arcrole="http://xbrl.org/int/dim/arcrole/dimension-default" xlink:from="loc_dnb-crd_TYC" xlink:to="loc_dnbeba_MC_x0" />
    <link:loc xlink:type="locator" xlink:href="../dom/exp.xsd#dnb-crd_OB" xlink:label="loc_dnb-crd_OB" />
    <link:loc xlink:type="locator" xlink:href="dim.xsd#dnb-crd_OBP" xlink:label="loc_dnb-crd_OBP" />
    <link:definitionArc xlink:type="arc" xlink:arcrole="http://xbrl.org/int/dim/arcrole/dimension-domain" xlink:from="loc_dnb-crd_OBP" xlink:to="loc_dnb-crd_OB" xbrldt:usable="false" />
    <link:loc xlink:type="locator" xlink:href="../dom/ob/mem.xsd#dnb-crd_x0" xlink:label="loc_dnb-crd_OB_x0" />
    <link:definitionArc xlink:type="arc" xlink:arcrole="http://xbrl.org/int/dim/arcrole/dimension-default" xlink:from="loc_dnb-crd_OBP" xlink:to="loc_dnb-crd_OB_x0" />
    <link:loc xlink:type="locator" xlink:href="../dom/exp.xsd#dnb-crd_TM" xlink:label="loc_dnb-crd_TM" />
    <link:loc xlink:type="locator" xlink:href="dim.xsd#dnb-crd_TFM" xlink:label="loc_dnb-crd_TFM" />
    <link:definitionArc xlink:type="arc" xlink:arcrole="http://xbrl.org/int/dim/arcrole/dimension-domain" xlink:from="loc_dnb-crd_TFM" xlink:to="loc_dnb-crd_TM" xbrldt:usable="false" />
    <link:loc xlink:type="locator" xlink:href="../dom/exp.xsd#dnb-crd_CR" xlink:label="loc_dnb-crd_CR" />
    <link:loc xlink:type="locator" xlink:href="dim.xsd#dnb-crd_CRT" xlink:label="loc_dnb-crd_CRT" />
    <link:definitionArc xlink:type="arc" xlink:arcrole="http://xbrl.org/int/dim/arcrole/dimension-domain" xlink:from="loc_dnb-crd_CRT" xlink:to="loc_dnb-crd_CR" xbrldt:usable="false" />
    <link:loc xlink:type="locator" xlink:href="../dom/cr/mem.xsd#dnb-crd_x0" xlink:label="loc_dnb-crd_CR_x0" />
    <link:definitionArc xlink:type="arc" xlink:arcrole="http://xbrl.org/int/dim/arcrole/dimension-default" xlink:from="loc_dnb-crd_CRT" xlink:to="loc_dnb-crd_CR_x0" />
    <link:loc xlink:type="locator" xlink:href="../dom/exp.xsd#dnb-crd_TF" xlink:label="loc_dnb-crd_TF" />
    <link:loc xlink:type="locator" xlink:href="dim.xsd#dnb-crd_TFN" xlink:label="loc_dnb-crd_TFN" />
    <link:definitionArc xlink:type="arc" xlink:arcrole="http://xbrl.org/int/dim/arcrole/dimension-domain" xlink:from="loc_dnb-crd_TFN" xlink:to="loc_dnb-crd_TF" xbrldt:usable="false" />
    <link:loc xlink:type="locator" xlink:href="../dom/tf/mem.xsd#dnb-crd_x0" xlink:label="loc_dnb-crd_TF_x0" />
    <link:definitionArc xlink:type="arc" xlink:arcrole="http://xbrl.org/int/dim/arcrole/dimension-default" xlink:from="loc_dnb-crd_TFN" xlink:to="loc_dnb-crd_TF_x0" />
    <link:loc xlink:type="locator" xlink:href="dim.xsd#dnb-crd_XPC" xlink:label="loc_dnb-crd_XPC" />
    <link:definitionArc xlink:type="arc" xlink:arcrole="http://xbrl.org/int/dim/arcrole/dimension-domain" xlink:from="loc_dnb-crd_XPC" xlink:to="loc_dnbeba_MC" xbrldt:usable="false" />
    <link:definitionArc xlink:type="arc" xlink:arcrole="http://xbrl.org/int/dim/arcrole/dimension-default" xlink:from="loc_dnb-crd_XPC" xlink:to="loc_dnbeba_MC_x0" />
    <link:loc xlink:type="locator" xlink:href="http://www.eba.europa.eu/eu/fr/xbrl/crr/dict/dom/exp.xsd#eba_BT" xlink:label="loc_dnbeba_BT" />
    <link:loc xlink:type="locator" xlink:href="dim.xsd#dnb-crd_SVT" xlink:label="loc_dnb-crd_SVT" />
    <link:definitionArc xlink:type="arc" xlink:arcrole="http://xbrl.org/int/dim/arcrole/dimension-domain" xlink:from="loc_dnb-crd_SVT" xlink:to="loc_dnbeba_BT" xbrldt:usable="false" />
    <link:loc xlink:type="locator" xlink:href="http://www.eba.europa.eu/eu/fr/xbrl/crr/dict/dom/bt/mem.xsd#eba_x0" xlink:label="loc_dnbeba_BT_x0" />
    <link:definitionArc xlink:type="arc" xlink:arcrole="http://xbrl.org/int/dim/arcrole/dimension-default" xlink:from="loc_dnb-crd_SVT" xlink:to="loc_dnbeba_BT_x0" />
    <link:loc xlink:type="locator" xlink:href="dim.xsd#dnb-crd_CRS" xlink:label="loc_dnb-crd_CRS" />
    <link:definitionArc xlink:type="arc" xlink:arcrole="http://xbrl.org/int/dim/arcrole/dimension-domain" xlink:from="loc_dnb-crd_CRS" xlink:to="loc_dnb-crd_CR" xbrldt:usable="false" />
    <link:definitionArc xlink:type="arc" xlink:arcrole="http://xbrl.org/int/dim/arcrole/dimension-default" xlink:from="loc_dnb-crd_CRS" xlink:to="loc_dnb-crd_CR_x0" />
    <link:loc xlink:type="locator" xlink:href="../dom/exp.xsd#dnb-crd_VT" xlink:label="loc_dnb-crd_VT" />
    <link:loc xlink:type="locator" xlink:href="dim.xsd#dnb-crd_RTY" xlink:label="loc_dnb-crd_RTY" />
    <link:definitionArc xlink:type="arc" xlink:arcrole="http://xbrl.org/int/dim/arcrole/dimension-domain" xlink:from="loc_dnb-crd_RTY" xlink:to="loc_dnb-crd_VT" xbrldt:usable="false" />
    <link:loc xlink:type="locator" xlink:href="../dom/vt/mem.xsd#dnb-crd_x0" xlink:label="loc_dnb-crd_VT_x0" />
    <link:definitionArc xlink:type="arc" xlink:arcrole="http://xbrl.org/int/dim/arcrole/dimension-default" xlink:from="loc_dnb-crd_RTY" xlink:to="loc_dnb-crd_VT_x0" />
    <link:loc xlink:type="locator" xlink:href="../dom/exp.xsd#dnb-crd_PS" xlink:label="loc_dnb-crd_PS" />
    <link:loc xlink:type="locator" xlink:href="dim.xsd#dnb-crd_PSL" xlink:label="loc_dnb-crd_PSL" />
    <link:definitionArc xlink:type="arc" xlink:arcrole="http://xbrl.org/int/dim/arcrole/dimension-domain" xlink:from="loc_dnb-crd_PSL" xlink:to="loc_dnb-crd_PS" xbrldt:usable="false" />
    <link:loc xlink:type="locator" xlink:href="../dom/exp.xsd#dnb-crd_SM" xlink:label="loc_dnb-crd_SM" />
    <link:loc xlink:type="locator" xlink:href="dim.xsd#dnb-crd_SGM" xlink:label="loc_dnb-crd_SGM" />
    <link:definitionArc xlink:type="arc" xlink:arcrole="http://xbrl.org/int/dim/arcrole/dimension-domain" xlink:from="loc_dnb-crd_SGM" xlink:to="loc_dnb-crd_SM" xbrldt:usable="false" />
    <link:loc xlink:type="locator" xlink:href="../dom/exp.xsd#dnb-crd_DO" xlink:label="loc_dnb-crd_DO" />
    <link:loc xlink:type="locator" xlink:href="dim.xsd#dnb-crd_DOI" xlink:label="loc_dnb-crd_DOI" />
    <link:definitionArc xlink:type="arc" xlink:arcrole="http://xbrl.org/int/dim/arcrole/dimension-domain" xlink:from="loc_dnb-crd_DOI" xlink:to="loc_dnb-crd_DO" xbrldt:usable="false" />
    <link:loc xlink:type="locator" xlink:href="../dom/exp.xsd#dnb-crd_EM" xlink:label="loc_dnb-crd_EM" />
    <link:loc xlink:type="locator" xlink:href="dim.xsd#dnb-crd_EFT" xlink:label="loc_dnb-crd_EFT" />
    <link:definitionArc xlink:type="arc" xlink:arcrole="http://xbrl.org/int/dim/arcrole/dimension-domain" xlink:from="loc_dnb-crd_EFT" xlink:to="loc_dnb-crd_EM" xbrldt:usable="false" />
    <link:loc xlink:type="locator" xlink:href="../dom/em/mem.xsd#dnb-crd_x0" xlink:label="loc_dnb-crd_EM_x0" />
    <link:definitionArc xlink:type="arc" xlink:arcrole="http://xbrl.org/int/dim/arcrole/dimension-default" xlink:from="loc_dnb-crd_EFT" xlink:to="loc_dnb-crd_EM_x0" />
    <link:loc xlink:type="locator" xlink:href="../dom/exp.xsd#dnb-crd_TS" xlink:label="loc_dnb-crd_TS" />
    <link:loc xlink:type="locator" xlink:href="dim.xsd#dnb-crd_TYS" xlink:label="loc_dnb-crd_TYS" />
    <link:definitionArc xlink:type="arc" xlink:arcrole="http://xbrl.org/int/dim/arcrole/dimension-domain" xlink:from="loc_dnb-crd_TYS" xlink:to="loc_dnb-crd_TS" xbrldt:usable="false" />
    <link:loc xlink:type="locator" xlink:href="../dom/ts/mem.xsd#dnb-crd_x0" xlink:label="loc_dnb-crd_TS_x0" />
    <link:definitionArc xlink:type="arc" xlink:arcrole="http://xbrl.org/int/dim/arcrole/dimension-default" xlink:from="loc_dnb-crd_TYS" xlink:to="loc_dnb-crd_TS_x0" />
    <link:loc xlink:type="locator" xlink:href="http://www.eba.europa.eu/eu/fr/xbrl/crr/dict/dom/exp.xsd#eba_GA" xlink:label="loc_dnbeba_GA" />
    <link:loc xlink:type="locator" xlink:href="dim.xsd#dnb-crd_PVG" xlink:label="loc_dnb-crd_PVG" />
    <link:definitionArc xlink:type="arc" xlink:arcrole="http://xbrl.org/int/dim/arcrole/dimension-domain" xlink:from="loc_dnb-crd_PVG" xlink:to="loc_dnbeba_GA" xbrldt:usable="false" />
    <link:loc xlink:type="locator" xlink:href="http://www.eba.europa.eu/eu/fr/xbrl/crr/dict/dom/ga/mem.xsd#eba_x0" xlink:label="loc_dnbeba_GA_x0" />
    <link:definitionArc xlink:type="arc" xlink:arcrole="http://xbrl.org/int/dim/arcrole/dimension-default" xlink:from="loc_dnb-crd_PVG" xlink:to="loc_dnbeba_GA_x0" />
    <link:loc xlink:type="locator" xlink:href="http://www.eba.europa.eu/eu/fr/xbrl/crr/dict/dom/exp.xsd#eba_PC" xlink:label="loc_dnbeba_PC" />
    <link:loc xlink:type="locator" xlink:href="dim.xsd#dnb-crd_APC" xlink:label="loc_dnb-crd_APC" />
    <link:definitionArc xlink:type="arc" xlink:arcrole="http://xbrl.org/int/dim/arcrole/dimension-domain" xlink:from="loc_dnb-crd_APC" xlink:to="loc_dnbeba_PC" xbrldt:usable="false" />
    <link:loc xlink:type="locator" xlink:href="http://www.eba.europa.eu/eu/fr/xbrl/crr/dict/dom/pc/mem.xsd#eba_x0" xlink:label="loc_dnbeba_PC_x0" />
    <link:definitionArc xlink:type="arc" xlink:arcrole="http://xbrl.org/int/dim/arcrole/dimension-default" xlink:from="loc_dnb-crd_APC" xlink:to="loc_dnbeba_PC_x0" />
    <link:loc xlink:type="locator" xlink:href="../dom/exp.xsd#dnb-crd_SL" xlink:label="loc_dnb-crd_SL" />
    <link:loc xlink:type="locator" xlink:href="dim.xsd#dnb-crd_SPV" xlink:label="loc_dnb-crd_SPV" />
    <link:definitionArc xlink:type="arc" xlink:arcrole="http://xbrl.org/int/dim/arcrole/dimension-domain" xlink:from="loc_dnb-crd_SPV" xlink:to="loc_dnb-crd_SL" xbrldt:usable="false" />
    <link:loc xlink:type="locator" xlink:href="../dom/sl/mem.xsd#dnb-crd_x0" xlink:label="loc_dnb-crd_SL_x0" />
    <link:definitionArc xlink:type="arc" xlink:arcrole="http://xbrl.org/int/dim/arcrole/dimension-default" xlink:from="loc_dnb-crd_SPV" xlink:to="loc_dnb-crd_SL_x0" />
    <link:loc xlink:type="locator" xlink:href="dim.xsd#dnb-crd_SRI" xlink:label="loc_dnb-crd_SRI" />
    <link:definitionArc xlink:type="arc" xlink:arcrole="http://xbrl.org/int/dim/arcrole/dimension-domain" xlink:from="loc_dnb-crd_SRI" xlink:to="loc_dnb-crd_SL" xbrldt:usable="false" />
    <link:definitionArc xlink:type="arc" xlink:arcrole="http://xbrl.org/int/dim/arcrole/dimension-default" xlink:from="loc_dnb-crd_SRI" xlink:to="loc_dnb-crd_SL_x0" />
    <link:loc xlink:type="locator" xlink:href="dim.xsd#dnb-crd_LPS" xlink:label="loc_dnb-crd_LPS" />
    <link:definitionArc xlink:type="arc" xlink:arcrole="http://xbrl.org/int/dim/arcrole/dimension-domain" xlink:from="loc_dnb-crd_LPS" xlink:to="loc_dnbeba_BT" xbrldt:usable="false" />
    <link:definitionArc xlink:type="arc" xlink:arcrole="http://xbrl.org/int/dim/arcrole/dimension-default" xlink:from="loc_dnb-crd_LPS" xlink:to="loc_dnbeba_BT_x0" />
  </link:definitionLink>
</link:linkbase>