﻿<?xml version="1.0" encoding="utf-8"?>
<!--© DNB-->
<link:linkbase xmlns:xsi="http://www.w3.org/2001/XMLSchema-instance" xmlns:xlink="http://www.w3.org/1999/xlink" xmlns:link="http://www.xbrl.org/2003/linkbase" xmlns:gen="http://xbrl.org/2008/generic" xmlns:label="http://xbrl.org/2008/label" xsi:schemaLocation="http://www.xbrl.org/2003/linkbase http://www.xbrl.org/2003/xbrl-linkbase-2003-12-31.xsd http://xbrl.org/2008/generic http://www.xbrl.org/2008/generic-link.xsd http://xbrl.org/2008/label http://www.xbrl.org/2008/generic-label.xsd">
  <link:arcroleRef arcroleURI="http://xbrl.org/arcrole/2008/element-label" xlink:type="simple" xlink:href="http://www.xbrl.org/2008/generic-label.xsd#element-label" />
  <link:roleRef roleURI="http://www.xbrl.org/2008/role/label" xlink:type="simple" xlink:href="http://www.xbrl.org/2008/generic-label.xsd#standard-label" />
  <link:roleRef roleURI="http://www.xbrl.org/2008/role/verboseLabel" xlink:type="simple" xlink:href="http://www.xbrl.org/2008/generic-label.xsd#verbose-label" />
  <gen:link xlink:type="extended" xlink:role="http://www.xbrl.org/2003/role/link">
    <link:loc xlink:type="locator" xlink:href="f_73.00-rend.xml#dnb-crd_tF_73.00" xlink:label="loc_dnb-crd_tF_73.00" />
    <label:label xlink:type="resource" xlink:label="label_dnb-crd_tF_73.00" xml:lang="nl" xlink:role="http://www.xbrl.org/2008/role/label">F 73.00</label:label>
    <gen:arc xlink:type="arc" xlink:arcrole="http://xbrl.org/arcrole/2008/element-label" xlink:from="loc_dnb-crd_tF_73.00" xlink:to="label_dnb-crd_tF_73.00" />
    <label:label xlink:type="resource" xlink:label="label_dnb-crd_tF_73.00_1" xml:lang="nl" xlink:role="http://www.xbrl.org/2008/role/verboseLabel">F 73.00 Kapitaalseisen: Beleggingsonderneming</label:label>
    <gen:arc xlink:type="arc" xlink:arcrole="http://xbrl.org/arcrole/2008/element-label" xlink:from="loc_dnb-crd_tF_73.00" xlink:to="label_dnb-crd_tF_73.00_1" />
    <link:loc xlink:type="locator" xlink:href="f_73.00-rend.xml#dnb-crd_a1" xlink:label="loc_dnb-crd_a1" />
    <label:label xlink:type="resource" xlink:label="label_dnb-crd_a1" xml:lang="nl" xlink:role="http://www.xbrl.org/2008/role/label">Kolommen</label:label>
    <gen:arc xlink:type="arc" xlink:arcrole="http://xbrl.org/arcrole/2008/element-label" xlink:from="loc_dnb-crd_a1" xlink:to="label_dnb-crd_a1" />
    <link:loc xlink:type="locator" xlink:href="f_73.00-rend.xml#dnb-crd_c15" xlink:label="loc_dnb-crd_c15" />
    <label:label xlink:type="resource" xlink:label="label_dnb-crd_c15" xml:lang="nl" xlink:role="http://www.xbrl.org/2008/role/label">Bedrag</label:label>
    <gen:arc xlink:type="arc" xlink:arcrole="http://xbrl.org/arcrole/2008/element-label" xlink:from="loc_dnb-crd_c15" xlink:to="label_dnb-crd_c15" />
    <link:loc xlink:type="locator" xlink:href="f_73.00-rend.xml#dnb-crd_a2" xlink:label="loc_dnb-crd_a2" />
    <label:label xlink:type="resource" xlink:label="label_dnb-crd_a2" xml:lang="nl" xlink:role="http://www.xbrl.org/2008/role/label">Rijen</label:label>
    <gen:arc xlink:type="arc" xlink:arcrole="http://xbrl.org/arcrole/2008/element-label" xlink:from="loc_dnb-crd_a2" xlink:to="label_dnb-crd_a2" />
    <link:loc xlink:type="locator" xlink:href="f_73.00-rend.xml#dnb-crd_c4" xlink:label="loc_dnb-crd_c4" />
    <label:label xlink:type="resource" xlink:label="label_dnb-crd_c4" xml:lang="nl" xlink:role="http://www.xbrl.org/2008/role/label">Minimum vereist eigen vermogen</label:label>
    <gen:arc xlink:type="arc" xlink:arcrole="http://xbrl.org/arcrole/2008/element-label" xlink:from="loc_dnb-crd_c4" xlink:to="label_dnb-crd_c4" />
    <link:loc xlink:type="locator" xlink:href="f_73.00-rend.xml#dnb-crd_c5" xlink:label="loc_dnb-crd_c5" />
    <label:label xlink:type="resource" xlink:label="label_dnb-crd_c5" xml:lang="nl" xlink:role="http://www.xbrl.org/2008/role/label">Aanwezig eigen vermogen</label:label>
    <gen:arc xlink:type="arc" xlink:arcrole="http://xbrl.org/arcrole/2008/element-label" xlink:from="loc_dnb-crd_c5" xlink:to="label_dnb-crd_c5" />
    <link:loc xlink:type="locator" xlink:href="f_73.00-rend.xml#dnb-crd_c10" xlink:label="loc_dnb-crd_c10" />
    <label:label xlink:type="resource" xlink:label="label_dnb-crd_c10" xml:lang="nl" xlink:role="http://www.xbrl.org/2008/role/label">Minimum vereist eigen vermogen</label:label>
    <gen:arc xlink:type="arc" xlink:arcrole="http://xbrl.org/arcrole/2008/element-label" xlink:from="loc_dnb-crd_c10" xlink:to="label_dnb-crd_c10" />
    <link:loc xlink:type="locator" xlink:href="f_73.00-rend.xml#dnb-crd_c6" xlink:label="loc_dnb-crd_c6" />
    <label:label xlink:type="resource" xlink:label="label_dnb-crd_c6" xml:lang="nl" xlink:role="http://www.xbrl.org/2008/role/label">Pilaar 1 kapitaalseis</label:label>
    <gen:arc xlink:type="arc" xlink:arcrole="http://xbrl.org/arcrole/2008/element-label" xlink:from="loc_dnb-crd_c6" xlink:to="label_dnb-crd_c6" />
    <link:loc xlink:type="locator" xlink:href="f_73.00-rend.xml#dnb-crd_c8" xlink:label="loc_dnb-crd_c8" />
    <label:label xlink:type="resource" xlink:label="label_dnb-crd_c8" xml:lang="nl" xlink:role="http://www.xbrl.org/2008/role/label">Kapitaalseis op basis van de vastekosteneis</label:label>
    <gen:arc xlink:type="arc" xlink:arcrole="http://xbrl.org/arcrole/2008/element-label" xlink:from="loc_dnb-crd_c8" xlink:to="label_dnb-crd_c8" />
    <link:loc xlink:type="locator" xlink:href="f_73.00-rend.xml#dnb-crd_c12" xlink:label="loc_dnb-crd_c12" />
    <label:label xlink:type="resource" xlink:label="label_dnb-crd_c12" xml:lang="nl" xlink:role="http://www.xbrl.org/2008/role/label">Kredietrisico</label:label>
    <gen:arc xlink:type="arc" xlink:arcrole="http://xbrl.org/arcrole/2008/element-label" xlink:from="loc_dnb-crd_c12" xlink:to="label_dnb-crd_c12" />
    <link:loc xlink:type="locator" xlink:href="f_73.00-rend.xml#dnb-crd_c13" xlink:label="loc_dnb-crd_c13" />
    <label:label xlink:type="resource" xlink:label="label_dnb-crd_c13" xml:lang="nl" xlink:role="http://www.xbrl.org/2008/role/label">Marktrisico</label:label>
    <gen:arc xlink:type="arc" xlink:arcrole="http://xbrl.org/arcrole/2008/element-label" xlink:from="loc_dnb-crd_c13" xlink:to="label_dnb-crd_c13" />
    <link:loc xlink:type="locator" xlink:href="f_73.00-rend.xml#dnb-crd_c14" xlink:label="loc_dnb-crd_c14" />
    <label:label xlink:type="resource" xlink:label="label_dnb-crd_c14" xml:lang="nl" xlink:role="http://www.xbrl.org/2008/role/label">Operationeel risico</label:label>
    <gen:arc xlink:type="arc" xlink:arcrole="http://xbrl.org/arcrole/2008/element-label" xlink:from="loc_dnb-crd_c14" xlink:to="label_dnb-crd_c14" />
    <link:loc xlink:type="locator" xlink:href="f_73.00-rend.xml#dnb-crd_c11" xlink:label="loc_dnb-crd_c11" />
    <label:label xlink:type="resource" xlink:label="label_dnb-crd_c11" xml:lang="nl" xlink:role="http://www.xbrl.org/2008/role/label">Pilaar 2 kapitaalseis (ICAAP)</label:label>
    <gen:arc xlink:type="arc" xlink:arcrole="http://xbrl.org/arcrole/2008/element-label" xlink:from="loc_dnb-crd_c11" xlink:to="label_dnb-crd_c11" />
  </gen:link>
</link:linkbase>