﻿<?xml version="1.0" encoding="utf-8"?>
<!--© DNB-->
<link:linkbase xmlns:xsi="http://www.w3.org/2001/XMLSchema-instance" xmlns:xlink="http://www.w3.org/1999/xlink" xmlns:link="http://www.xbrl.org/2003/linkbase" xmlns:gen="http://xbrl.org/2008/generic" xmlns:label="http://xbrl.org/2008/label" xmlns:formula="http://xbrl.org/2008/formula" xmlns:df="http://xbrl.org/2008/filter/dimension" xmlns:table="http://xbrl.org/2014/table" xmlns:model="http://www.eurofiling.info/xbrl/ext/model" xmlns:dnbeba_dim="http://www.eba.europa.eu/xbrl/crr/dict/dim" xmlns:dnbeba_BA="http://www.eba.europa.eu/xbrl/crr/dict/dom/BA" xmlns:dnbeba_MC="http://www.eba.europa.eu/xbrl/crr/dict/dom/MC" xmlns:dnbeba_OF="http://www.eba.europa.eu/xbrl/crr/dict/dom/OF" xmlns:dnbeba_met="http://www.eba.europa.eu/xbrl/crr/dict/met" xmlns:dnbeba_BT="http://www.eba.europa.eu/xbrl/crr/dict/dom/BT" xmlns:dnbeba_CT="http://www.eba.europa.eu/xbrl/crr/dict/dom/CT" xmlns:dnbeba_PU="http://www.eba.europa.eu/xbrl/crr/dict/dom/PU" xmlns:dnbeba_PL="http://www.eba.europa.eu/xbrl/crr/dict/dom/PL" xmlns:dnbeba_RP="http://www.eba.europa.eu/xbrl/crr/dict/dom/RP" xmlns:dnbeba_AP="http://www.eba.europa.eu/xbrl/crr/dict/dom/AP" xmlns:dnbeba_TR="http://www.eba.europa.eu/xbrl/crr/dict/dom/TR" xsi:schemaLocation="http://www.xbrl.org/2003/linkbase http://www.xbrl.org/2003/xbrl-linkbase-2003-12-31.xsd http://xbrl.org/2008/generic http://www.xbrl.org/2008/generic-link.xsd http://xbrl.org/2008/label http://www.xbrl.org/2008/generic-label.xsd http://xbrl.org/2008/formula http://www.xbrl.org/2008/formula.xsd http://xbrl.org/2008/filter/dimension http://www.xbrl.org/2008/dimension-filter.xsd http://xbrl.org/2014/table http://www.xbrl.org/2014/table.xsd http://www.eurofiling.info/xbrl/ext/model http://www.eurofiling.info/eu/fr/xbrl/ext/model.xsd">
  <link:arcroleRef arcroleURI="http://xbrl.org/arcrole/2014/breakdown-tree" xlink:type="simple" xlink:href="http://www.xbrl.org/2014/table.xsd#breakdown-tree" />
  <link:arcroleRef arcroleURI="http://xbrl.org/arcrole/2014/definition-node-subtree" xlink:type="simple" xlink:href="http://www.xbrl.org/2014/table.xsd#definition-node-subtree" />
  <link:arcroleRef arcroleURI="http://xbrl.org/arcrole/2014/table-breakdown" xlink:type="simple" xlink:href="http://www.xbrl.org/2014/table.xsd#table-breakdown" />
  <link:roleRef roleURI="http://www.dnb.nl/xbrl/xtn/role/fws/FINREP-BO/wft-3-72/2017-11-01/tab/C_01.00" xlink:type="simple" xlink:href="c_01.00.xsd#role" />
  <gen:link xlink:type="extended" xlink:role="http://www.dnb.nl/xbrl/xtn/role/fws/FINREP-BO/wft-3-72/2017-11-01/tab/C_01.00">
    <table:table xlink:type="resource" xlink:label="dnb-crd_tC_01.00" id="dnb-crd_tC_01.00" />
    <table:breakdown xlink:type="resource" xlink:label="dnb-crd_a1" parentChildOrder="parent-first" id="dnb-crd_a1" />
    <table:ruleNode xlink:type="resource" xlink:label="dnb-crd_a1.root" abstract="true" merge="true" id="dnb-crd_a1.root" />
    <table:breakdownTreeArc xlink:type="arc" xlink:arcrole="http://xbrl.org/arcrole/2014/breakdown-tree" xlink:from="dnb-crd_a1" xlink:to="dnb-crd_a1.root" order="0" />
    <table:ruleNode xlink:type="resource" xlink:label="dnb-crd_c33845" id="dnb-crd_c33845" />
    <table:definitionNodeSubtreeArc xlink:type="arc" xlink:arcrole="http://xbrl.org/arcrole/2014/definition-node-subtree" xlink:from="dnb-crd_a1.root" xlink:to="dnb-crd_c33845" order="1" />
    <table:tableBreakdownArc xlink:type="arc" xlink:arcrole="http://xbrl.org/arcrole/2014/table-breakdown" xlink:from="dnb-crd_tC_01.00" xlink:to="dnb-crd_a1" axis="x" order="1" />
    <table:breakdown xlink:type="resource" xlink:label="dnb-crd_a2" parentChildOrder="parent-first" id="dnb-crd_a2" />
    <table:ruleNode xlink:type="resource" xlink:label="dnb-crd_a2.root" abstract="true" merge="true" id="dnb-crd_a2.root">
      <formula:explicitDimension dimension="dnbeba_dim:BAS">
        <formula:member>
          <formula:qname>dnbeba_BA:x11</formula:qname>
        </formula:member>
      </formula:explicitDimension>
      <formula:explicitDimension dimension="dnbeba_dim:MCY">
        <formula:member>
          <formula:qname>dnbeba_MC:x275</formula:qname>
        </formula:member>
      </formula:explicitDimension>
      <formula:explicitDimension dimension="dnbeba_dim:OFS">
        <formula:member>
          <formula:qname>dnbeba_OF:x10</formula:qname>
        </formula:member>
      </formula:explicitDimension>
    </table:ruleNode>
    <table:breakdownTreeArc xlink:type="arc" xlink:arcrole="http://xbrl.org/arcrole/2014/breakdown-tree" xlink:from="dnb-crd_a2" xlink:to="dnb-crd_a2.root" order="0" />
    <table:ruleNode xlink:type="resource" xlink:label="dnb-crd_c33846" id="dnb-crd_c33846">
      <formula:concept>
        <formula:qname>dnbeba_met:mi81</formula:qname>
      </formula:concept>
    </table:ruleNode>
    <table:ruleNode xlink:type="resource" xlink:label="dnb-crd_c33847" id="dnb-crd_c33847">
      <formula:concept>
        <formula:qname>dnbeba_met:mi81</formula:qname>
      </formula:concept>
      <formula:explicitDimension dimension="dnbeba_dim:OFS">
        <formula:member>
          <formula:qname>dnbeba_OF:x8</formula:qname>
        </formula:member>
      </formula:explicitDimension>
    </table:ruleNode>
    <table:ruleNode xlink:type="resource" xlink:label="dnb-crd_c33848" id="dnb-crd_c33848">
      <formula:concept>
        <formula:qname>dnbeba_met:mi81</formula:qname>
      </formula:concept>
      <formula:explicitDimension dimension="dnbeba_dim:OFS">
        <formula:member>
          <formula:qname>dnbeba_OF:x2</formula:qname>
        </formula:member>
      </formula:explicitDimension>
    </table:ruleNode>
    <table:ruleNode xlink:type="resource" xlink:label="dnb-crd_c33849" id="dnb-crd_c33849">
      <formula:concept>
        <formula:qname>dnbeba_met:mi76</formula:qname>
      </formula:concept>
      <formula:explicitDimension dimension="dnbeba_dim:MCY">
        <formula:member>
          <formula:qname>dnbeba_MC:x133</formula:qname>
        </formula:member>
      </formula:explicitDimension>
      <formula:explicitDimension dimension="dnbeba_dim:OFS">
        <formula:member>
          <formula:qname>dnbeba_OF:x2</formula:qname>
        </formula:member>
      </formula:explicitDimension>
      <formula:explicitDimension dimension="dnbeba_dim:CNO">
        <formula:member>
          <formula:qname>dnbeba_BT:x4</formula:qname>
        </formula:member>
      </formula:explicitDimension>
    </table:ruleNode>
    <table:ruleNode xlink:type="resource" xlink:label="dnb-crd_c33850" id="dnb-crd_c33850">
      <formula:concept>
        <formula:qname>dnbeba_met:mi53</formula:qname>
      </formula:concept>
      <formula:explicitDimension dimension="dnbeba_dim:MCY">
        <formula:member>
          <formula:qname>dnbeba_MC:x134</formula:qname>
        </formula:member>
      </formula:explicitDimension>
      <formula:explicitDimension dimension="dnbeba_dim:OFS">
        <formula:member>
          <formula:qname>dnbeba_OF:x2</formula:qname>
        </formula:member>
      </formula:explicitDimension>
    </table:ruleNode>
    <table:ruleNode xlink:type="resource" xlink:label="dnb-crd_c33851" id="dnb-crd_c33851">
      <formula:concept>
        <formula:qname>dnbeba_met:mi53</formula:qname>
      </formula:concept>
      <formula:explicitDimension dimension="dnbeba_dim:CPY">
        <formula:member>
          <formula:qname>dnbeba_CT:x541</formula:qname>
        </formula:member>
      </formula:explicitDimension>
      <formula:explicitDimension dimension="dnbeba_dim:PUR">
        <formula:member>
          <formula:qname>dnbeba_PU:x29</formula:qname>
        </formula:member>
      </formula:explicitDimension>
    </table:ruleNode>
    <table:definitionNodeSubtreeArc xlink:type="arc" xlink:arcrole="http://xbrl.org/arcrole/2014/definition-node-subtree" xlink:from="dnb-crd_c33850" xlink:to="dnb-crd_c33851" order="1" />
    <table:definitionNodeSubtreeArc xlink:type="arc" xlink:arcrole="http://xbrl.org/arcrole/2014/definition-node-subtree" xlink:from="dnb-crd_c33849" xlink:to="dnb-crd_c33850" order="1" />
    <table:ruleNode xlink:type="resource" xlink:label="dnb-crd_c33852" id="dnb-crd_c33852">
      <formula:concept>
        <formula:qname>dnbeba_met:mi53</formula:qname>
      </formula:concept>
      <formula:explicitDimension dimension="dnbeba_dim:MCY">
        <formula:member>
          <formula:qname>dnbeba_MC:x134</formula:qname>
        </formula:member>
      </formula:explicitDimension>
      <formula:explicitDimension dimension="dnbeba_dim:OFS">
        <formula:member>
          <formula:qname>dnbeba_OF:x6</formula:qname>
        </formula:member>
      </formula:explicitDimension>
    </table:ruleNode>
    <table:definitionNodeSubtreeArc xlink:type="arc" xlink:arcrole="http://xbrl.org/arcrole/2014/definition-node-subtree" xlink:from="dnb-crd_c33849" xlink:to="dnb-crd_c33852" order="2" />
    <table:ruleNode xlink:type="resource" xlink:label="dnb-crd_c33853" id="dnb-crd_c33853">
      <formula:concept>
        <formula:qname>dnbeba_met:mi53</formula:qname>
      </formula:concept>
      <formula:explicitDimension dimension="dnbeba_dim:MCY">
        <formula:member>
          <formula:qname>dnbeba_MC:x322</formula:qname>
        </formula:member>
      </formula:explicitDimension>
      <formula:explicitDimension dimension="dnbeba_dim:OFS">
        <formula:member>
          <formula:qname>dnbeba_OF:x2</formula:qname>
        </formula:member>
      </formula:explicitDimension>
    </table:ruleNode>
    <table:definitionNodeSubtreeArc xlink:type="arc" xlink:arcrole="http://xbrl.org/arcrole/2014/definition-node-subtree" xlink:from="dnb-crd_c33849" xlink:to="dnb-crd_c33853" order="3" />
    <table:ruleNode xlink:type="resource" xlink:label="dnb-crd_c33854" id="dnb-crd_c33854">
      <formula:concept>
        <formula:qname>dnbeba_met:mi76</formula:qname>
      </formula:concept>
      <formula:explicitDimension dimension="dnbeba_dim:MCY">
        <formula:member>
          <formula:qname>dnbeba_MC:x367</formula:qname>
        </formula:member>
      </formula:explicitDimension>
      <formula:explicitDimension dimension="dnbeba_dim:OFS">
        <formula:member>
          <formula:qname>dnbeba_OF:x2</formula:qname>
        </formula:member>
      </formula:explicitDimension>
      <formula:explicitDimension dimension="dnbeba_dim:MCU">
        <formula:member>
          <formula:qname>dnbeba_MC:x273</formula:qname>
        </formula:member>
      </formula:explicitDimension>
    </table:ruleNode>
    <table:ruleNode xlink:type="resource" xlink:label="dnb-crd_c33855" id="dnb-crd_c33855">
      <formula:concept>
        <formula:qname>dnbeba_met:mi53</formula:qname>
      </formula:concept>
      <formula:explicitDimension dimension="dnbeba_dim:MCY">
        <formula:member>
          <formula:qname>dnbeba_MC:x365</formula:qname>
        </formula:member>
      </formula:explicitDimension>
    </table:ruleNode>
    <table:definitionNodeSubtreeArc xlink:type="arc" xlink:arcrole="http://xbrl.org/arcrole/2014/definition-node-subtree" xlink:from="dnb-crd_c33854" xlink:to="dnb-crd_c33855" order="1" />
    <table:ruleNode xlink:type="resource" xlink:label="dnb-crd_c33856" id="dnb-crd_c33856">
      <formula:concept>
        <formula:qname>dnbeba_met:mi76</formula:qname>
      </formula:concept>
      <formula:explicitDimension dimension="dnbeba_dim:MCY">
        <formula:member>
          <formula:qname>dnbeba_MC:x188</formula:qname>
        </formula:member>
      </formula:explicitDimension>
    </table:ruleNode>
    <table:definitionNodeSubtreeArc xlink:type="arc" xlink:arcrole="http://xbrl.org/arcrole/2014/definition-node-subtree" xlink:from="dnb-crd_c33854" xlink:to="dnb-crd_c33856" order="2" />
    <table:ruleNode xlink:type="resource" xlink:label="dnb-crd_c33857" id="dnb-crd_c33857">
      <formula:concept>
        <formula:qname>dnbeba_met:mi76</formula:qname>
      </formula:concept>
      <formula:explicitDimension dimension="dnbeba_dim:MCY">
        <formula:member>
          <formula:qname>dnbeba_MC:x325</formula:qname>
        </formula:member>
      </formula:explicitDimension>
    </table:ruleNode>
    <table:definitionNodeSubtreeArc xlink:type="arc" xlink:arcrole="http://xbrl.org/arcrole/2014/definition-node-subtree" xlink:from="dnb-crd_c33854" xlink:to="dnb-crd_c33857" order="3" />
    <table:definitionNodeSubtreeArc xlink:type="arc" xlink:arcrole="http://xbrl.org/arcrole/2014/definition-node-subtree" xlink:from="dnb-crd_c33849" xlink:to="dnb-crd_c33854" order="4" />
    <table:ruleNode xlink:type="resource" xlink:label="dnb-crd_c33858" id="dnb-crd_c33858">
      <formula:concept>
        <formula:qname>dnbeba_met:mi76</formula:qname>
      </formula:concept>
      <formula:explicitDimension dimension="dnbeba_dim:MCY">
        <formula:member>
          <formula:qname>dnbeba_MC:x374</formula:qname>
        </formula:member>
      </formula:explicitDimension>
      <formula:explicitDimension dimension="dnbeba_dim:OFS">
        <formula:member>
          <formula:qname>dnbeba_OF:x2</formula:qname>
        </formula:member>
      </formula:explicitDimension>
      <formula:explicitDimension dimension="dnbeba_dim:MCU">
        <formula:member>
          <formula:qname>dnbeba_MC:x273</formula:qname>
        </formula:member>
      </formula:explicitDimension>
    </table:ruleNode>
    <table:definitionNodeSubtreeArc xlink:type="arc" xlink:arcrole="http://xbrl.org/arcrole/2014/definition-node-subtree" xlink:from="dnb-crd_c33849" xlink:to="dnb-crd_c33858" order="5" />
    <table:definitionNodeSubtreeArc xlink:type="arc" xlink:arcrole="http://xbrl.org/arcrole/2014/definition-node-subtree" xlink:from="dnb-crd_c33848" xlink:to="dnb-crd_c33849" order="1" />
    <table:ruleNode xlink:type="resource" xlink:label="dnb-crd_c33859" id="dnb-crd_c33859">
      <formula:concept>
        <formula:qname>dnbeba_met:mi76</formula:qname>
      </formula:concept>
      <formula:explicitDimension dimension="dnbeba_dim:MCY">
        <formula:member>
          <formula:qname>dnbeba_MC:x363</formula:qname>
        </formula:member>
      </formula:explicitDimension>
      <formula:explicitDimension dimension="dnbeba_dim:OFS">
        <formula:member>
          <formula:qname>dnbeba_OF:x2</formula:qname>
        </formula:member>
      </formula:explicitDimension>
      <formula:explicitDimension dimension="dnbeba_dim:CNO">
        <formula:member>
          <formula:qname>dnbeba_BT:x4</formula:qname>
        </formula:member>
      </formula:explicitDimension>
    </table:ruleNode>
    <table:ruleNode xlink:type="resource" xlink:label="dnb-crd_c33860" id="dnb-crd_c33860">
      <formula:concept>
        <formula:qname>dnbeba_met:mi53</formula:qname>
      </formula:concept>
      <formula:explicitDimension dimension="dnbeba_dim:MCY">
        <formula:member>
          <formula:qname>dnbeba_MC:x301</formula:qname>
        </formula:member>
      </formula:explicitDimension>
    </table:ruleNode>
    <table:definitionNodeSubtreeArc xlink:type="arc" xlink:arcrole="http://xbrl.org/arcrole/2014/definition-node-subtree" xlink:from="dnb-crd_c33859" xlink:to="dnb-crd_c33860" order="1" />
    <table:ruleNode xlink:type="resource" xlink:label="dnb-crd_c33861" id="dnb-crd_c33861">
      <formula:concept>
        <formula:qname>dnbeba_met:mi76</formula:qname>
      </formula:concept>
      <formula:explicitDimension dimension="dnbeba_dim:MCY">
        <formula:member>
          <formula:qname>dnbeba_MC:x276</formula:qname>
        </formula:member>
      </formula:explicitDimension>
    </table:ruleNode>
    <table:ruleNode xlink:type="resource" xlink:label="dnb-crd_c33862" id="dnb-crd_c33862">
      <formula:concept>
        <formula:qname>dnbeba_met:mi53</formula:qname>
      </formula:concept>
      <formula:explicitDimension dimension="dnbeba_dim:OFS">
        <formula:member>
          <formula:qname>dnbeba_OF:x2</formula:qname>
        </formula:member>
      </formula:explicitDimension>
    </table:ruleNode>
    <table:definitionNodeSubtreeArc xlink:type="arc" xlink:arcrole="http://xbrl.org/arcrole/2014/definition-node-subtree" xlink:from="dnb-crd_c33861" xlink:to="dnb-crd_c33862" order="1" />
    <table:ruleNode xlink:type="resource" xlink:label="dnb-crd_c33863" id="dnb-crd_c33863">
      <formula:concept>
        <formula:qname>dnbeba_met:mi76</formula:qname>
      </formula:concept>
      <formula:explicitDimension dimension="dnbeba_dim:OFS">
        <formula:member>
          <formula:qname>dnbeba_OF:x4</formula:qname>
        </formula:member>
      </formula:explicitDimension>
    </table:ruleNode>
    <table:definitionNodeSubtreeArc xlink:type="arc" xlink:arcrole="http://xbrl.org/arcrole/2014/definition-node-subtree" xlink:from="dnb-crd_c33861" xlink:to="dnb-crd_c33863" order="2" />
    <table:definitionNodeSubtreeArc xlink:type="arc" xlink:arcrole="http://xbrl.org/arcrole/2014/definition-node-subtree" xlink:from="dnb-crd_c33859" xlink:to="dnb-crd_c33861" order="2" />
    <table:definitionNodeSubtreeArc xlink:type="arc" xlink:arcrole="http://xbrl.org/arcrole/2014/definition-node-subtree" xlink:from="dnb-crd_c33848" xlink:to="dnb-crd_c33859" order="2" />
    <table:ruleNode xlink:type="resource" xlink:label="dnb-crd_c33864" id="dnb-crd_c33864">
      <formula:concept>
        <formula:qname>dnbeba_met:mi53</formula:qname>
      </formula:concept>
      <formula:explicitDimension dimension="dnbeba_dim:MCY">
        <formula:member>
          <formula:qname>dnbeba_MC:x9</formula:qname>
        </formula:member>
      </formula:explicitDimension>
      <formula:explicitDimension dimension="dnbeba_dim:OFS">
        <formula:member>
          <formula:qname>dnbeba_OF:x2</formula:qname>
        </formula:member>
      </formula:explicitDimension>
      <formula:explicitDimension dimension="dnbeba_dim:CNO">
        <formula:member>
          <formula:qname>dnbeba_BT:x4</formula:qname>
        </formula:member>
      </formula:explicitDimension>
    </table:ruleNode>
    <table:definitionNodeSubtreeArc xlink:type="arc" xlink:arcrole="http://xbrl.org/arcrole/2014/definition-node-subtree" xlink:from="dnb-crd_c33848" xlink:to="dnb-crd_c33864" order="3" />
    <table:ruleNode xlink:type="resource" xlink:label="dnb-crd_c33865" id="dnb-crd_c33865">
      <formula:concept>
        <formula:qname>dnbeba_met:mi53</formula:qname>
      </formula:concept>
      <formula:explicitDimension dimension="dnbeba_dim:MCY">
        <formula:member>
          <formula:qname>dnbeba_MC:x269</formula:qname>
        </formula:member>
      </formula:explicitDimension>
      <formula:explicitDimension dimension="dnbeba_dim:OFS">
        <formula:member>
          <formula:qname>dnbeba_OF:x2</formula:qname>
        </formula:member>
      </formula:explicitDimension>
      <formula:explicitDimension dimension="dnbeba_dim:CNO">
        <formula:member>
          <formula:qname>dnbeba_BT:x4</formula:qname>
        </formula:member>
      </formula:explicitDimension>
    </table:ruleNode>
    <table:definitionNodeSubtreeArc xlink:type="arc" xlink:arcrole="http://xbrl.org/arcrole/2014/definition-node-subtree" xlink:from="dnb-crd_c33848" xlink:to="dnb-crd_c33865" order="4" />
    <table:ruleNode xlink:type="resource" xlink:label="dnb-crd_c33866" id="dnb-crd_c33866">
      <formula:concept>
        <formula:qname>dnbeba_met:mi53</formula:qname>
      </formula:concept>
      <formula:explicitDimension dimension="dnbeba_dim:MCY">
        <formula:member>
          <formula:qname>dnbeba_MC:x179</formula:qname>
        </formula:member>
      </formula:explicitDimension>
      <formula:explicitDimension dimension="dnbeba_dim:OFS">
        <formula:member>
          <formula:qname>dnbeba_OF:x2</formula:qname>
        </formula:member>
      </formula:explicitDimension>
      <formula:explicitDimension dimension="dnbeba_dim:CNO">
        <formula:member>
          <formula:qname>dnbeba_BT:x4</formula:qname>
        </formula:member>
      </formula:explicitDimension>
    </table:ruleNode>
    <table:definitionNodeSubtreeArc xlink:type="arc" xlink:arcrole="http://xbrl.org/arcrole/2014/definition-node-subtree" xlink:from="dnb-crd_c33848" xlink:to="dnb-crd_c33866" order="5" />
    <table:ruleNode xlink:type="resource" xlink:label="dnb-crd_c33867" id="dnb-crd_c33867">
      <formula:concept>
        <formula:qname>dnbeba_met:mi243</formula:qname>
      </formula:concept>
      <formula:explicitDimension dimension="dnbeba_dim:MCY">
        <formula:member>
          <formula:qname>dnbeba_MC:x369</formula:qname>
        </formula:member>
      </formula:explicitDimension>
      <formula:explicitDimension dimension="dnbeba_dim:CNO">
        <formula:member>
          <formula:qname>dnbeba_BT:x4</formula:qname>
        </formula:member>
      </formula:explicitDimension>
      <formula:explicitDimension dimension="dnbeba_dim:TOF">
        <formula:member>
          <formula:qname>dnbeba_OF:x2</formula:qname>
        </formula:member>
      </formula:explicitDimension>
      <formula:explicitDimension dimension="dnbeba_dim:OFS">
        <formula:member>
          <formula:qname>dnbeba_OF:x0</formula:qname>
        </formula:member>
      </formula:explicitDimension>
    </table:ruleNode>
    <table:definitionNodeSubtreeArc xlink:type="arc" xlink:arcrole="http://xbrl.org/arcrole/2014/definition-node-subtree" xlink:from="dnb-crd_c33848" xlink:to="dnb-crd_c33867" order="6" />
    <table:ruleNode xlink:type="resource" xlink:label="dnb-crd_c33868" id="dnb-crd_c33868">
      <formula:concept>
        <formula:qname>dnbeba_met:mi76</formula:qname>
      </formula:concept>
      <formula:explicitDimension dimension="dnbeba_dim:MCY">
        <formula:member>
          <formula:qname>dnbeba_MC:x138</formula:qname>
        </formula:member>
      </formula:explicitDimension>
      <formula:explicitDimension dimension="dnbeba_dim:OFS">
        <formula:member>
          <formula:qname>dnbeba_OF:x2</formula:qname>
        </formula:member>
      </formula:explicitDimension>
      <formula:explicitDimension dimension="dnbeba_dim:CNO">
        <formula:member>
          <formula:qname>dnbeba_BT:x3</formula:qname>
        </formula:member>
      </formula:explicitDimension>
    </table:ruleNode>
    <table:definitionNodeSubtreeArc xlink:type="arc" xlink:arcrole="http://xbrl.org/arcrole/2014/definition-node-subtree" xlink:from="dnb-crd_c33848" xlink:to="dnb-crd_c33868" order="7" />
    <table:ruleNode xlink:type="resource" xlink:label="dnb-crd_c33869" id="dnb-crd_c33869">
      <formula:concept>
        <formula:qname>dnbeba_met:mi243</formula:qname>
      </formula:concept>
      <formula:explicitDimension dimension="dnbeba_dim:MCY">
        <formula:member>
          <formula:qname>dnbeba_MC:x343</formula:qname>
        </formula:member>
      </formula:explicitDimension>
      <formula:explicitDimension dimension="dnbeba_dim:CNO">
        <formula:member>
          <formula:qname>dnbeba_BT:x3</formula:qname>
        </formula:member>
      </formula:explicitDimension>
      <formula:explicitDimension dimension="dnbeba_dim:TOF">
        <formula:member>
          <formula:qname>dnbeba_OF:x2</formula:qname>
        </formula:member>
      </formula:explicitDimension>
      <formula:explicitDimension dimension="dnbeba_dim:OFS">
        <formula:member>
          <formula:qname>dnbeba_OF:x0</formula:qname>
        </formula:member>
      </formula:explicitDimension>
    </table:ruleNode>
    <table:definitionNodeSubtreeArc xlink:type="arc" xlink:arcrole="http://xbrl.org/arcrole/2014/definition-node-subtree" xlink:from="dnb-crd_c33848" xlink:to="dnb-crd_c33869" order="8" />
    <table:ruleNode xlink:type="resource" xlink:label="dnb-crd_c33870" id="dnb-crd_c33870">
      <formula:concept>
        <formula:qname>dnbeba_met:mi76</formula:qname>
      </formula:concept>
      <formula:explicitDimension dimension="dnbeba_dim:MCY">
        <formula:member>
          <formula:qname>dnbeba_MC:x2</formula:qname>
        </formula:member>
      </formula:explicitDimension>
      <formula:explicitDimension dimension="dnbeba_dim:OFS">
        <formula:member>
          <formula:qname>dnbeba_OF:x2</formula:qname>
        </formula:member>
      </formula:explicitDimension>
    </table:ruleNode>
    <table:ruleNode xlink:type="resource" xlink:label="dnb-crd_c33871" id="dnb-crd_c33871">
      <formula:concept>
        <formula:qname>dnbeba_met:mi76</formula:qname>
      </formula:concept>
      <formula:explicitDimension dimension="dnbeba_dim:MCY">
        <formula:member>
          <formula:qname>dnbeba_MC:x375</formula:qname>
        </formula:member>
      </formula:explicitDimension>
    </table:ruleNode>
    <table:definitionNodeSubtreeArc xlink:type="arc" xlink:arcrole="http://xbrl.org/arcrole/2014/definition-node-subtree" xlink:from="dnb-crd_c33870" xlink:to="dnb-crd_c33871" order="1" />
    <table:ruleNode xlink:type="resource" xlink:label="dnb-crd_c33872" id="dnb-crd_c33872">
      <formula:concept>
        <formula:qname>dnbeba_met:mi53</formula:qname>
      </formula:concept>
      <formula:explicitDimension dimension="dnbeba_dim:MCY">
        <formula:member>
          <formula:qname>dnbeba_MC:x376</formula:qname>
        </formula:member>
      </formula:explicitDimension>
      <formula:explicitDimension dimension="dnbeba_dim:CNO">
        <formula:member>
          <formula:qname>dnbeba_BT:x4</formula:qname>
        </formula:member>
      </formula:explicitDimension>
    </table:ruleNode>
    <table:definitionNodeSubtreeArc xlink:type="arc" xlink:arcrole="http://xbrl.org/arcrole/2014/definition-node-subtree" xlink:from="dnb-crd_c33870" xlink:to="dnb-crd_c33872" order="2" />
    <table:ruleNode xlink:type="resource" xlink:label="dnb-crd_c33873" id="dnb-crd_c33873">
      <formula:concept>
        <formula:qname>dnbeba_met:mi76</formula:qname>
      </formula:concept>
      <formula:explicitDimension dimension="dnbeba_dim:MCY">
        <formula:member>
          <formula:qname>dnbeba_MC:x377</formula:qname>
        </formula:member>
      </formula:explicitDimension>
    </table:ruleNode>
    <table:definitionNodeSubtreeArc xlink:type="arc" xlink:arcrole="http://xbrl.org/arcrole/2014/definition-node-subtree" xlink:from="dnb-crd_c33870" xlink:to="dnb-crd_c33873" order="3" />
    <table:ruleNode xlink:type="resource" xlink:label="dnb-crd_c33874" id="dnb-crd_c33874">
      <formula:concept>
        <formula:qname>dnbeba_met:mi76</formula:qname>
      </formula:concept>
      <formula:explicitDimension dimension="dnbeba_dim:MCY">
        <formula:member>
          <formula:qname>dnbeba_MC:x503</formula:qname>
        </formula:member>
      </formula:explicitDimension>
    </table:ruleNode>
    <table:definitionNodeSubtreeArc xlink:type="arc" xlink:arcrole="http://xbrl.org/arcrole/2014/definition-node-subtree" xlink:from="dnb-crd_c33870" xlink:to="dnb-crd_c33874" order="4" />
    <table:ruleNode xlink:type="resource" xlink:label="dnb-crd_c33875" id="dnb-crd_c33875">
      <formula:concept>
        <formula:qname>dnbeba_met:mi76</formula:qname>
      </formula:concept>
      <formula:explicitDimension dimension="dnbeba_dim:MCY">
        <formula:member>
          <formula:qname>dnbeba_MC:x378</formula:qname>
        </formula:member>
      </formula:explicitDimension>
    </table:ruleNode>
    <table:definitionNodeSubtreeArc xlink:type="arc" xlink:arcrole="http://xbrl.org/arcrole/2014/definition-node-subtree" xlink:from="dnb-crd_c33870" xlink:to="dnb-crd_c33875" order="5" />
    <table:definitionNodeSubtreeArc xlink:type="arc" xlink:arcrole="http://xbrl.org/arcrole/2014/definition-node-subtree" xlink:from="dnb-crd_c33848" xlink:to="dnb-crd_c33870" order="9" />
    <table:ruleNode xlink:type="resource" xlink:label="dnb-crd_c33876" id="dnb-crd_c33876">
      <formula:concept>
        <formula:qname>dnbeba_met:mi76</formula:qname>
      </formula:concept>
      <formula:explicitDimension dimension="dnbeba_dim:MCY">
        <formula:member>
          <formula:qname>dnbeba_MC:x184</formula:qname>
        </formula:member>
      </formula:explicitDimension>
      <formula:explicitDimension dimension="dnbeba_dim:OFS">
        <formula:member>
          <formula:qname>dnbeba_OF:x2</formula:qname>
        </formula:member>
      </formula:explicitDimension>
    </table:ruleNode>
    <table:ruleNode xlink:type="resource" xlink:label="dnb-crd_c33877" id="dnb-crd_c33877">
      <formula:concept>
        <formula:qname>dnbeba_met:mi53</formula:qname>
      </formula:concept>
      <formula:explicitDimension dimension="dnbeba_dim:MCY">
        <formula:member>
          <formula:qname>dnbeba_MC:x184</formula:qname>
        </formula:member>
      </formula:explicitDimension>
    </table:ruleNode>
    <table:definitionNodeSubtreeArc xlink:type="arc" xlink:arcrole="http://xbrl.org/arcrole/2014/definition-node-subtree" xlink:from="dnb-crd_c33876" xlink:to="dnb-crd_c33877" order="1" />
    <table:ruleNode xlink:type="resource" xlink:label="dnb-crd_c33878" id="dnb-crd_c33878">
      <formula:concept>
        <formula:qname>dnbeba_met:mi76</formula:qname>
      </formula:concept>
      <formula:explicitDimension dimension="dnbeba_dim:MCY">
        <formula:member>
          <formula:qname>dnbeba_MC:x130</formula:qname>
        </formula:member>
      </formula:explicitDimension>
      <formula:explicitDimension dimension="dnbeba_dim:INV">
        <formula:member>
          <formula:qname>dnbeba_PL:x50</formula:qname>
        </formula:member>
      </formula:explicitDimension>
    </table:ruleNode>
    <table:definitionNodeSubtreeArc xlink:type="arc" xlink:arcrole="http://xbrl.org/arcrole/2014/definition-node-subtree" xlink:from="dnb-crd_c33876" xlink:to="dnb-crd_c33878" order="2" />
    <table:ruleNode xlink:type="resource" xlink:label="dnb-crd_c33879" id="dnb-crd_c33879">
      <formula:concept>
        <formula:qname>dnbeba_met:mi53</formula:qname>
      </formula:concept>
      <formula:explicitDimension dimension="dnbeba_dim:MCY">
        <formula:member>
          <formula:qname>dnbeba_MC:x81</formula:qname>
        </formula:member>
      </formula:explicitDimension>
      <formula:explicitDimension dimension="dnbeba_dim:MCL">
        <formula:member>
          <formula:qname>dnbeba_MC:x184</formula:qname>
        </formula:member>
      </formula:explicitDimension>
    </table:ruleNode>
    <table:definitionNodeSubtreeArc xlink:type="arc" xlink:arcrole="http://xbrl.org/arcrole/2014/definition-node-subtree" xlink:from="dnb-crd_c33876" xlink:to="dnb-crd_c33879" order="3" />
    <table:definitionNodeSubtreeArc xlink:type="arc" xlink:arcrole="http://xbrl.org/arcrole/2014/definition-node-subtree" xlink:from="dnb-crd_c33848" xlink:to="dnb-crd_c33876" order="10" />
    <table:ruleNode xlink:type="resource" xlink:label="dnb-crd_c33880" id="dnb-crd_c33880">
      <formula:concept>
        <formula:qname>dnbeba_met:mi76</formula:qname>
      </formula:concept>
      <formula:explicitDimension dimension="dnbeba_dim:MCY">
        <formula:member>
          <formula:qname>dnbeba_MC:x211</formula:qname>
        </formula:member>
      </formula:explicitDimension>
      <formula:explicitDimension dimension="dnbeba_dim:OFS">
        <formula:member>
          <formula:qname>dnbeba_OF:x2</formula:qname>
        </formula:member>
      </formula:explicitDimension>
    </table:ruleNode>
    <table:ruleNode xlink:type="resource" xlink:label="dnb-crd_c33881" id="dnb-crd_c33881">
      <formula:concept>
        <formula:qname>dnbeba_met:mi53</formula:qname>
      </formula:concept>
      <formula:explicitDimension dimension="dnbeba_dim:MCY">
        <formula:member>
          <formula:qname>dnbeba_MC:x210</formula:qname>
        </formula:member>
      </formula:explicitDimension>
    </table:ruleNode>
    <table:definitionNodeSubtreeArc xlink:type="arc" xlink:arcrole="http://xbrl.org/arcrole/2014/definition-node-subtree" xlink:from="dnb-crd_c33880" xlink:to="dnb-crd_c33881" order="1" />
    <table:ruleNode xlink:type="resource" xlink:label="dnb-crd_c33882" id="dnb-crd_c33882">
      <formula:concept>
        <formula:qname>dnbeba_met:mi53</formula:qname>
      </formula:concept>
      <formula:explicitDimension dimension="dnbeba_dim:MCY">
        <formula:member>
          <formula:qname>dnbeba_MC:x83</formula:qname>
        </formula:member>
      </formula:explicitDimension>
      <formula:explicitDimension dimension="dnbeba_dim:MCL">
        <formula:member>
          <formula:qname>dnbeba_MC:x210</formula:qname>
        </formula:member>
      </formula:explicitDimension>
    </table:ruleNode>
    <table:definitionNodeSubtreeArc xlink:type="arc" xlink:arcrole="http://xbrl.org/arcrole/2014/definition-node-subtree" xlink:from="dnb-crd_c33880" xlink:to="dnb-crd_c33882" order="2" />
    <table:definitionNodeSubtreeArc xlink:type="arc" xlink:arcrole="http://xbrl.org/arcrole/2014/definition-node-subtree" xlink:from="dnb-crd_c33848" xlink:to="dnb-crd_c33880" order="11" />
    <table:ruleNode xlink:type="resource" xlink:label="dnb-crd_c33883" id="dnb-crd_c33883">
      <formula:concept>
        <formula:qname>dnbeba_met:mi76</formula:qname>
      </formula:concept>
      <formula:explicitDimension dimension="dnbeba_dim:MCY">
        <formula:member>
          <formula:qname>dnbeba_MC:x80</formula:qname>
        </formula:member>
      </formula:explicitDimension>
      <formula:explicitDimension dimension="dnbeba_dim:OFS">
        <formula:member>
          <formula:qname>dnbeba_OF:x2</formula:qname>
        </formula:member>
      </formula:explicitDimension>
    </table:ruleNode>
    <table:definitionNodeSubtreeArc xlink:type="arc" xlink:arcrole="http://xbrl.org/arcrole/2014/definition-node-subtree" xlink:from="dnb-crd_c33848" xlink:to="dnb-crd_c33883" order="12" />
    <table:ruleNode xlink:type="resource" xlink:label="dnb-crd_c33884" id="dnb-crd_c33884">
      <formula:concept>
        <formula:qname>dnbeba_met:mi76</formula:qname>
      </formula:concept>
      <formula:explicitDimension dimension="dnbeba_dim:MCY">
        <formula:member>
          <formula:qname>dnbeba_MC:x217</formula:qname>
        </formula:member>
      </formula:explicitDimension>
      <formula:explicitDimension dimension="dnbeba_dim:OFS">
        <formula:member>
          <formula:qname>dnbeba_OF:x2</formula:qname>
        </formula:member>
      </formula:explicitDimension>
    </table:ruleNode>
    <table:definitionNodeSubtreeArc xlink:type="arc" xlink:arcrole="http://xbrl.org/arcrole/2014/definition-node-subtree" xlink:from="dnb-crd_c33848" xlink:to="dnb-crd_c33884" order="13" />
    <table:ruleNode xlink:type="resource" xlink:label="dnb-crd_c33885" id="dnb-crd_c33885">
      <formula:concept>
        <formula:qname>dnbeba_met:mi76</formula:qname>
      </formula:concept>
      <formula:explicitDimension dimension="dnbeba_dim:MCY">
        <formula:member>
          <formula:qname>dnbeba_MC:x541</formula:qname>
        </formula:member>
      </formula:explicitDimension>
      <formula:explicitDimension dimension="dnbeba_dim:OFS">
        <formula:member>
          <formula:qname>dnbeba_OF:x2</formula:qname>
        </formula:member>
      </formula:explicitDimension>
    </table:ruleNode>
    <table:ruleNode xlink:type="resource" xlink:label="dnb-crd_c33886" id="dnb-crd_c33886">
      <formula:concept>
        <formula:qname>dnbeba_met:mi53</formula:qname>
      </formula:concept>
      <formula:explicitDimension dimension="dnbeba_dim:MCY">
        <formula:member>
          <formula:qname>dnbeba_MC:x540</formula:qname>
        </formula:member>
      </formula:explicitDimension>
    </table:ruleNode>
    <table:definitionNodeSubtreeArc xlink:type="arc" xlink:arcrole="http://xbrl.org/arcrole/2014/definition-node-subtree" xlink:from="dnb-crd_c33885" xlink:to="dnb-crd_c33886" order="1" />
    <table:ruleNode xlink:type="resource" xlink:label="dnb-crd_c33887" id="dnb-crd_c33887">
      <formula:concept>
        <formula:qname>dnbeba_met:mi53</formula:qname>
      </formula:concept>
      <formula:explicitDimension dimension="dnbeba_dim:MCY">
        <formula:member>
          <formula:qname>dnbeba_MC:x82</formula:qname>
        </formula:member>
      </formula:explicitDimension>
    </table:ruleNode>
    <table:definitionNodeSubtreeArc xlink:type="arc" xlink:arcrole="http://xbrl.org/arcrole/2014/definition-node-subtree" xlink:from="dnb-crd_c33885" xlink:to="dnb-crd_c33887" order="2" />
    <table:ruleNode xlink:type="resource" xlink:label="dnb-crd_c33888" id="dnb-crd_c33888">
      <formula:concept>
        <formula:qname>dnbeba_met:mi53</formula:qname>
      </formula:concept>
      <formula:explicitDimension dimension="dnbeba_dim:MCY">
        <formula:member>
          <formula:qname>dnbeba_MC:x88</formula:qname>
        </formula:member>
      </formula:explicitDimension>
    </table:ruleNode>
    <table:definitionNodeSubtreeArc xlink:type="arc" xlink:arcrole="http://xbrl.org/arcrole/2014/definition-node-subtree" xlink:from="dnb-crd_c33885" xlink:to="dnb-crd_c33888" order="3" />
    <table:definitionNodeSubtreeArc xlink:type="arc" xlink:arcrole="http://xbrl.org/arcrole/2014/definition-node-subtree" xlink:from="dnb-crd_c33848" xlink:to="dnb-crd_c33885" order="14" />
    <table:ruleNode xlink:type="resource" xlink:label="dnb-crd_c33889" id="dnb-crd_c33889">
      <formula:concept>
        <formula:qname>dnbeba_met:mi76</formula:qname>
      </formula:concept>
      <formula:explicitDimension dimension="dnbeba_dim:MCY">
        <formula:member>
          <formula:qname>dnbeba_MC:x295</formula:qname>
        </formula:member>
      </formula:explicitDimension>
      <formula:explicitDimension dimension="dnbeba_dim:OFS">
        <formula:member>
          <formula:qname>dnbeba_OF:x2</formula:qname>
        </formula:member>
      </formula:explicitDimension>
      <formula:explicitDimension dimension="dnbeba_dim:MCU">
        <formula:member>
          <formula:qname>dnbeba_MC:x130</formula:qname>
        </formula:member>
      </formula:explicitDimension>
      <formula:explicitDimension dimension="dnbeba_dim:RPR">
        <formula:member>
          <formula:qname>dnbeba_RP:x2</formula:qname>
        </formula:member>
      </formula:explicitDimension>
    </table:ruleNode>
    <table:definitionNodeSubtreeArc xlink:type="arc" xlink:arcrole="http://xbrl.org/arcrole/2014/definition-node-subtree" xlink:from="dnb-crd_c33848" xlink:to="dnb-crd_c33889" order="15" />
    <table:ruleNode xlink:type="resource" xlink:label="dnb-crd_c33890" id="dnb-crd_c33890">
      <formula:concept>
        <formula:qname>dnbeba_met:mi81</formula:qname>
      </formula:concept>
      <formula:explicitDimension dimension="dnbeba_dim:MCY">
        <formula:member>
          <formula:qname>dnbeba_MC:x148</formula:qname>
        </formula:member>
      </formula:explicitDimension>
      <formula:explicitDimension dimension="dnbeba_dim:OFS">
        <formula:member>
          <formula:qname>dnbeba_OF:x2</formula:qname>
        </formula:member>
      </formula:explicitDimension>
    </table:ruleNode>
    <table:definitionNodeSubtreeArc xlink:type="arc" xlink:arcrole="http://xbrl.org/arcrole/2014/definition-node-subtree" xlink:from="dnb-crd_c33848" xlink:to="dnb-crd_c33890" order="16" />
    <table:ruleNode xlink:type="resource" xlink:label="dnb-crd_c33891" id="dnb-crd_c33891">
      <formula:concept>
        <formula:qname>dnbeba_met:mi76</formula:qname>
      </formula:concept>
      <formula:explicitDimension dimension="dnbeba_dim:MCY">
        <formula:member>
          <formula:qname>dnbeba_MC:x75</formula:qname>
        </formula:member>
      </formula:explicitDimension>
      <formula:explicitDimension dimension="dnbeba_dim:OFS">
        <formula:member>
          <formula:qname>dnbeba_OF:x2</formula:qname>
        </formula:member>
      </formula:explicitDimension>
      <formula:explicitDimension dimension="dnbeba_dim:RPR">
        <formula:member>
          <formula:qname>dnbeba_RP:x7</formula:qname>
        </formula:member>
      </formula:explicitDimension>
    </table:ruleNode>
    <table:definitionNodeSubtreeArc xlink:type="arc" xlink:arcrole="http://xbrl.org/arcrole/2014/definition-node-subtree" xlink:from="dnb-crd_c33848" xlink:to="dnb-crd_c33891" order="17" />
    <table:ruleNode xlink:type="resource" xlink:label="dnb-crd_c33892" id="dnb-crd_c33892">
      <formula:concept>
        <formula:qname>dnbeba_met:mi76</formula:qname>
      </formula:concept>
      <formula:explicitDimension dimension="dnbeba_dim:MCY">
        <formula:member>
          <formula:qname>dnbeba_MC:x75</formula:qname>
        </formula:member>
      </formula:explicitDimension>
      <formula:explicitDimension dimension="dnbeba_dim:APR">
        <formula:member>
          <formula:qname>dnbeba_AP:x52</formula:qname>
        </formula:member>
      </formula:explicitDimension>
      <formula:explicitDimension dimension="dnbeba_dim:OFS">
        <formula:member>
          <formula:qname>dnbeba_OF:x2</formula:qname>
        </formula:member>
      </formula:explicitDimension>
    </table:ruleNode>
    <table:definitionNodeSubtreeArc xlink:type="arc" xlink:arcrole="http://xbrl.org/arcrole/2014/definition-node-subtree" xlink:from="dnb-crd_c33848" xlink:to="dnb-crd_c33892" order="18" />
    <table:ruleNode xlink:type="resource" xlink:label="dnb-crd_c33893" id="dnb-crd_c33893">
      <formula:concept>
        <formula:qname>dnbeba_met:mi76</formula:qname>
      </formula:concept>
      <formula:explicitDimension dimension="dnbeba_dim:MCY">
        <formula:member>
          <formula:qname>dnbeba_MC:x75</formula:qname>
        </formula:member>
      </formula:explicitDimension>
      <formula:explicitDimension dimension="dnbeba_dim:OFS">
        <formula:member>
          <formula:qname>dnbeba_OF:x2</formula:qname>
        </formula:member>
      </formula:explicitDimension>
      <formula:explicitDimension dimension="dnbeba_dim:TRI">
        <formula:member>
          <formula:qname>dnbeba_TR:x3</formula:qname>
        </formula:member>
      </formula:explicitDimension>
    </table:ruleNode>
    <table:definitionNodeSubtreeArc xlink:type="arc" xlink:arcrole="http://xbrl.org/arcrole/2014/definition-node-subtree" xlink:from="dnb-crd_c33848" xlink:to="dnb-crd_c33893" order="19" />
    <table:ruleNode xlink:type="resource" xlink:label="dnb-crd_c33894" id="dnb-crd_c33894">
      <formula:concept>
        <formula:qname>dnbeba_met:mi76</formula:qname>
      </formula:concept>
      <formula:explicitDimension dimension="dnbeba_dim:MCY">
        <formula:member>
          <formula:qname>dnbeba_MC:x75</formula:qname>
        </formula:member>
      </formula:explicitDimension>
      <formula:explicitDimension dimension="dnbeba_dim:APR">
        <formula:member>
          <formula:qname>dnbeba_AP:x27</formula:qname>
        </formula:member>
      </formula:explicitDimension>
      <formula:explicitDimension dimension="dnbeba_dim:OFS">
        <formula:member>
          <formula:qname>dnbeba_OF:x2</formula:qname>
        </formula:member>
      </formula:explicitDimension>
    </table:ruleNode>
    <table:definitionNodeSubtreeArc xlink:type="arc" xlink:arcrole="http://xbrl.org/arcrole/2014/definition-node-subtree" xlink:from="dnb-crd_c33848" xlink:to="dnb-crd_c33894" order="20" />
    <table:ruleNode xlink:type="resource" xlink:label="dnb-crd_c33895" id="dnb-crd_c33895">
      <formula:concept>
        <formula:qname>dnbeba_met:mi76</formula:qname>
      </formula:concept>
      <formula:explicitDimension dimension="dnbeba_dim:MCY">
        <formula:member>
          <formula:qname>dnbeba_MC:x75</formula:qname>
        </formula:member>
      </formula:explicitDimension>
      <formula:explicitDimension dimension="dnbeba_dim:APR">
        <formula:member>
          <formula:qname>dnbeba_AP:x33</formula:qname>
        </formula:member>
      </formula:explicitDimension>
      <formula:explicitDimension dimension="dnbeba_dim:OFS">
        <formula:member>
          <formula:qname>dnbeba_OF:x2</formula:qname>
        </formula:member>
      </formula:explicitDimension>
    </table:ruleNode>
    <table:definitionNodeSubtreeArc xlink:type="arc" xlink:arcrole="http://xbrl.org/arcrole/2014/definition-node-subtree" xlink:from="dnb-crd_c33848" xlink:to="dnb-crd_c33895" order="21" />
    <table:ruleNode xlink:type="resource" xlink:label="dnb-crd_c33896" id="dnb-crd_c33896">
      <formula:concept>
        <formula:qname>dnbeba_met:mi76</formula:qname>
      </formula:concept>
      <formula:explicitDimension dimension="dnbeba_dim:MCY">
        <formula:member>
          <formula:qname>dnbeba_MC:x367</formula:qname>
        </formula:member>
      </formula:explicitDimension>
      <formula:explicitDimension dimension="dnbeba_dim:OFS">
        <formula:member>
          <formula:qname>dnbeba_OF:x2</formula:qname>
        </formula:member>
      </formula:explicitDimension>
      <formula:explicitDimension dimension="dnbeba_dim:MCU">
        <formula:member>
          <formula:qname>dnbeba_MC:x130</formula:qname>
        </formula:member>
      </formula:explicitDimension>
      <formula:explicitDimension dimension="dnbeba_dim:RPR">
        <formula:member>
          <formula:qname>dnbeba_RP:x2</formula:qname>
        </formula:member>
      </formula:explicitDimension>
      <formula:explicitDimension dimension="dnbeba_dim:INV">
        <formula:member>
          <formula:qname>dnbeba_PL:x36</formula:qname>
        </formula:member>
      </formula:explicitDimension>
    </table:ruleNode>
    <table:definitionNodeSubtreeArc xlink:type="arc" xlink:arcrole="http://xbrl.org/arcrole/2014/definition-node-subtree" xlink:from="dnb-crd_c33848" xlink:to="dnb-crd_c33896" order="22" />
    <table:ruleNode xlink:type="resource" xlink:label="dnb-crd_c33897" id="dnb-crd_c33897">
      <formula:concept>
        <formula:qname>dnbeba_met:mi76</formula:qname>
      </formula:concept>
      <formula:explicitDimension dimension="dnbeba_dim:MCY">
        <formula:member>
          <formula:qname>dnbeba_MC:x71</formula:qname>
        </formula:member>
      </formula:explicitDimension>
      <formula:explicitDimension dimension="dnbeba_dim:OFS">
        <formula:member>
          <formula:qname>dnbeba_OF:x2</formula:qname>
        </formula:member>
      </formula:explicitDimension>
    </table:ruleNode>
    <table:definitionNodeSubtreeArc xlink:type="arc" xlink:arcrole="http://xbrl.org/arcrole/2014/definition-node-subtree" xlink:from="dnb-crd_c33848" xlink:to="dnb-crd_c33897" order="23" />
    <table:ruleNode xlink:type="resource" xlink:label="dnb-crd_c33898" id="dnb-crd_c33898">
      <formula:concept>
        <formula:qname>dnbeba_met:mi76</formula:qname>
      </formula:concept>
      <formula:explicitDimension dimension="dnbeba_dim:MCY">
        <formula:member>
          <formula:qname>dnbeba_MC:x367</formula:qname>
        </formula:member>
      </formula:explicitDimension>
      <formula:explicitDimension dimension="dnbeba_dim:OFS">
        <formula:member>
          <formula:qname>dnbeba_OF:x2</formula:qname>
        </formula:member>
      </formula:explicitDimension>
      <formula:explicitDimension dimension="dnbeba_dim:MCU">
        <formula:member>
          <formula:qname>dnbeba_MC:x130</formula:qname>
        </formula:member>
      </formula:explicitDimension>
      <formula:explicitDimension dimension="dnbeba_dim:RPR">
        <formula:member>
          <formula:qname>dnbeba_RP:x2</formula:qname>
        </formula:member>
      </formula:explicitDimension>
      <formula:explicitDimension dimension="dnbeba_dim:INV">
        <formula:member>
          <formula:qname>dnbeba_PL:x50</formula:qname>
        </formula:member>
      </formula:explicitDimension>
    </table:ruleNode>
    <table:definitionNodeSubtreeArc xlink:type="arc" xlink:arcrole="http://xbrl.org/arcrole/2014/definition-node-subtree" xlink:from="dnb-crd_c33848" xlink:to="dnb-crd_c33898" order="24" />
    <table:ruleNode xlink:type="resource" xlink:label="dnb-crd_c33899" id="dnb-crd_c33899">
      <formula:concept>
        <formula:qname>dnbeba_met:mi76</formula:qname>
      </formula:concept>
      <formula:explicitDimension dimension="dnbeba_dim:MCY">
        <formula:member>
          <formula:qname>dnbeba_MC:x72</formula:qname>
        </formula:member>
      </formula:explicitDimension>
      <formula:explicitDimension dimension="dnbeba_dim:OFS">
        <formula:member>
          <formula:qname>dnbeba_OF:x2</formula:qname>
        </formula:member>
      </formula:explicitDimension>
    </table:ruleNode>
    <table:definitionNodeSubtreeArc xlink:type="arc" xlink:arcrole="http://xbrl.org/arcrole/2014/definition-node-subtree" xlink:from="dnb-crd_c33848" xlink:to="dnb-crd_c33899" order="25" />
    <table:ruleNode xlink:type="resource" xlink:label="dnb-crd_c33900" id="dnb-crd_c33900">
      <formula:concept>
        <formula:qname>dnbeba_met:mi243</formula:qname>
      </formula:concept>
      <formula:explicitDimension dimension="dnbeba_dim:MCY">
        <formula:member>
          <formula:qname>dnbeba_MC:x344</formula:qname>
        </formula:member>
      </formula:explicitDimension>
      <formula:explicitDimension dimension="dnbeba_dim:TOF">
        <formula:member>
          <formula:qname>dnbeba_OF:x2</formula:qname>
        </formula:member>
      </formula:explicitDimension>
      <formula:explicitDimension dimension="dnbeba_dim:OFS">
        <formula:member>
          <formula:qname>dnbeba_OF:x0</formula:qname>
        </formula:member>
      </formula:explicitDimension>
    </table:ruleNode>
    <table:definitionNodeSubtreeArc xlink:type="arc" xlink:arcrole="http://xbrl.org/arcrole/2014/definition-node-subtree" xlink:from="dnb-crd_c33848" xlink:to="dnb-crd_c33900" order="26" />
    <table:ruleNode xlink:type="resource" xlink:label="dnb-crd_c33901" id="dnb-crd_c33901">
      <formula:concept>
        <formula:qname>dnbeba_met:mi76</formula:qname>
      </formula:concept>
      <formula:explicitDimension dimension="dnbeba_dim:MCY">
        <formula:member>
          <formula:qname>dnbeba_MC:x508</formula:qname>
        </formula:member>
      </formula:explicitDimension>
      <formula:explicitDimension dimension="dnbeba_dim:OFS">
        <formula:member>
          <formula:qname>dnbeba_OF:x2</formula:qname>
        </formula:member>
      </formula:explicitDimension>
    </table:ruleNode>
    <table:definitionNodeSubtreeArc xlink:type="arc" xlink:arcrole="http://xbrl.org/arcrole/2014/definition-node-subtree" xlink:from="dnb-crd_c33848" xlink:to="dnb-crd_c33901" order="27" />
    <table:ruleNode xlink:type="resource" xlink:label="dnb-crd_c33902" id="dnb-crd_c33902">
      <formula:concept>
        <formula:qname>dnbeba_met:mi76</formula:qname>
      </formula:concept>
      <formula:explicitDimension dimension="dnbeba_dim:MCY">
        <formula:member>
          <formula:qname>dnbeba_MC:x404</formula:qname>
        </formula:member>
      </formula:explicitDimension>
      <formula:explicitDimension dimension="dnbeba_dim:OFS">
        <formula:member>
          <formula:qname>dnbeba_OF:x2</formula:qname>
        </formula:member>
      </formula:explicitDimension>
    </table:ruleNode>
    <table:definitionNodeSubtreeArc xlink:type="arc" xlink:arcrole="http://xbrl.org/arcrole/2014/definition-node-subtree" xlink:from="dnb-crd_c33848" xlink:to="dnb-crd_c33902" order="28" />
    <table:definitionNodeSubtreeArc xlink:type="arc" xlink:arcrole="http://xbrl.org/arcrole/2014/definition-node-subtree" xlink:from="dnb-crd_c33847" xlink:to="dnb-crd_c33848" order="1" />
    <table:definitionNodeSubtreeArc xlink:type="arc" xlink:arcrole="http://xbrl.org/arcrole/2014/definition-node-subtree" xlink:from="dnb-crd_c33846" xlink:to="dnb-crd_c33847" order="1" />
    <table:ruleNode xlink:type="resource" xlink:label="dnb-crd_c33903" id="dnb-crd_c33903">
      <formula:concept>
        <formula:qname>dnbeba_met:mi81</formula:qname>
      </formula:concept>
      <formula:explicitDimension dimension="dnbeba_dim:OFS">
        <formula:member>
          <formula:qname>dnbeba_OF:x1</formula:qname>
        </formula:member>
      </formula:explicitDimension>
    </table:ruleNode>
    <table:ruleNode xlink:type="resource" xlink:label="dnb-crd_c33904" id="dnb-crd_c33904">
      <formula:concept>
        <formula:qname>dnbeba_met:mi76</formula:qname>
      </formula:concept>
      <formula:explicitDimension dimension="dnbeba_dim:MCY">
        <formula:member>
          <formula:qname>dnbeba_MC:x133</formula:qname>
        </formula:member>
      </formula:explicitDimension>
      <formula:explicitDimension dimension="dnbeba_dim:OFS">
        <formula:member>
          <formula:qname>dnbeba_OF:x1</formula:qname>
        </formula:member>
      </formula:explicitDimension>
      <formula:explicitDimension dimension="dnbeba_dim:CNO">
        <formula:member>
          <formula:qname>dnbeba_BT:x4</formula:qname>
        </formula:member>
      </formula:explicitDimension>
    </table:ruleNode>
    <table:ruleNode xlink:type="resource" xlink:label="dnb-crd_c33905" id="dnb-crd_c33905">
      <formula:concept>
        <formula:qname>dnbeba_met:mi53</formula:qname>
      </formula:concept>
      <formula:explicitDimension dimension="dnbeba_dim:MCY">
        <formula:member>
          <formula:qname>dnbeba_MC:x134</formula:qname>
        </formula:member>
      </formula:explicitDimension>
      <formula:explicitDimension dimension="dnbeba_dim:OFS">
        <formula:member>
          <formula:qname>dnbeba_OF:x1</formula:qname>
        </formula:member>
      </formula:explicitDimension>
    </table:ruleNode>
    <table:definitionNodeSubtreeArc xlink:type="arc" xlink:arcrole="http://xbrl.org/arcrole/2014/definition-node-subtree" xlink:from="dnb-crd_c33904" xlink:to="dnb-crd_c33905" order="1" />
    <table:ruleNode xlink:type="resource" xlink:label="dnb-crd_c33906" id="dnb-crd_c33906">
      <formula:concept>
        <formula:qname>dnbeba_met:mi53</formula:qname>
      </formula:concept>
      <formula:explicitDimension dimension="dnbeba_dim:MCY">
        <formula:member>
          <formula:qname>dnbeba_MC:x134</formula:qname>
        </formula:member>
      </formula:explicitDimension>
      <formula:explicitDimension dimension="dnbeba_dim:OFS">
        <formula:member>
          <formula:qname>dnbeba_OF:x5</formula:qname>
        </formula:member>
      </formula:explicitDimension>
    </table:ruleNode>
    <table:definitionNodeSubtreeArc xlink:type="arc" xlink:arcrole="http://xbrl.org/arcrole/2014/definition-node-subtree" xlink:from="dnb-crd_c33904" xlink:to="dnb-crd_c33906" order="2" />
    <table:ruleNode xlink:type="resource" xlink:label="dnb-crd_c33907" id="dnb-crd_c33907">
      <formula:concept>
        <formula:qname>dnbeba_met:mi53</formula:qname>
      </formula:concept>
      <formula:explicitDimension dimension="dnbeba_dim:MCY">
        <formula:member>
          <formula:qname>dnbeba_MC:x322</formula:qname>
        </formula:member>
      </formula:explicitDimension>
      <formula:explicitDimension dimension="dnbeba_dim:OFS">
        <formula:member>
          <formula:qname>dnbeba_OF:x1</formula:qname>
        </formula:member>
      </formula:explicitDimension>
    </table:ruleNode>
    <table:definitionNodeSubtreeArc xlink:type="arc" xlink:arcrole="http://xbrl.org/arcrole/2014/definition-node-subtree" xlink:from="dnb-crd_c33904" xlink:to="dnb-crd_c33907" order="3" />
    <table:ruleNode xlink:type="resource" xlink:label="dnb-crd_c33908" id="dnb-crd_c33908">
      <formula:concept>
        <formula:qname>dnbeba_met:mi76</formula:qname>
      </formula:concept>
      <formula:explicitDimension dimension="dnbeba_dim:MCY">
        <formula:member>
          <formula:qname>dnbeba_MC:x367</formula:qname>
        </formula:member>
      </formula:explicitDimension>
      <formula:explicitDimension dimension="dnbeba_dim:OFS">
        <formula:member>
          <formula:qname>dnbeba_OF:x1</formula:qname>
        </formula:member>
      </formula:explicitDimension>
      <formula:explicitDimension dimension="dnbeba_dim:MCU">
        <formula:member>
          <formula:qname>dnbeba_MC:x273</formula:qname>
        </formula:member>
      </formula:explicitDimension>
    </table:ruleNode>
    <table:ruleNode xlink:type="resource" xlink:label="dnb-crd_c33909" id="dnb-crd_c33909">
      <formula:concept>
        <formula:qname>dnbeba_met:mi53</formula:qname>
      </formula:concept>
      <formula:explicitDimension dimension="dnbeba_dim:MCY">
        <formula:member>
          <formula:qname>dnbeba_MC:x365</formula:qname>
        </formula:member>
      </formula:explicitDimension>
    </table:ruleNode>
    <table:definitionNodeSubtreeArc xlink:type="arc" xlink:arcrole="http://xbrl.org/arcrole/2014/definition-node-subtree" xlink:from="dnb-crd_c33908" xlink:to="dnb-crd_c33909" order="1" />
    <table:ruleNode xlink:type="resource" xlink:label="dnb-crd_c33910" id="dnb-crd_c33910">
      <formula:concept>
        <formula:qname>dnbeba_met:mi76</formula:qname>
      </formula:concept>
      <formula:explicitDimension dimension="dnbeba_dim:MCY">
        <formula:member>
          <formula:qname>dnbeba_MC:x188</formula:qname>
        </formula:member>
      </formula:explicitDimension>
    </table:ruleNode>
    <table:definitionNodeSubtreeArc xlink:type="arc" xlink:arcrole="http://xbrl.org/arcrole/2014/definition-node-subtree" xlink:from="dnb-crd_c33908" xlink:to="dnb-crd_c33910" order="2" />
    <table:ruleNode xlink:type="resource" xlink:label="dnb-crd_c33911" id="dnb-crd_c33911">
      <formula:concept>
        <formula:qname>dnbeba_met:mi76</formula:qname>
      </formula:concept>
      <formula:explicitDimension dimension="dnbeba_dim:MCY">
        <formula:member>
          <formula:qname>dnbeba_MC:x325</formula:qname>
        </formula:member>
      </formula:explicitDimension>
    </table:ruleNode>
    <table:definitionNodeSubtreeArc xlink:type="arc" xlink:arcrole="http://xbrl.org/arcrole/2014/definition-node-subtree" xlink:from="dnb-crd_c33908" xlink:to="dnb-crd_c33911" order="3" />
    <table:definitionNodeSubtreeArc xlink:type="arc" xlink:arcrole="http://xbrl.org/arcrole/2014/definition-node-subtree" xlink:from="dnb-crd_c33904" xlink:to="dnb-crd_c33908" order="4" />
    <table:ruleNode xlink:type="resource" xlink:label="dnb-crd_c33912" id="dnb-crd_c33912">
      <formula:concept>
        <formula:qname>dnbeba_met:mi76</formula:qname>
      </formula:concept>
      <formula:explicitDimension dimension="dnbeba_dim:MCY">
        <formula:member>
          <formula:qname>dnbeba_MC:x374</formula:qname>
        </formula:member>
      </formula:explicitDimension>
      <formula:explicitDimension dimension="dnbeba_dim:OFS">
        <formula:member>
          <formula:qname>dnbeba_OF:x1</formula:qname>
        </formula:member>
      </formula:explicitDimension>
      <formula:explicitDimension dimension="dnbeba_dim:MCU">
        <formula:member>
          <formula:qname>dnbeba_MC:x273</formula:qname>
        </formula:member>
      </formula:explicitDimension>
    </table:ruleNode>
    <table:definitionNodeSubtreeArc xlink:type="arc" xlink:arcrole="http://xbrl.org/arcrole/2014/definition-node-subtree" xlink:from="dnb-crd_c33904" xlink:to="dnb-crd_c33912" order="5" />
    <table:definitionNodeSubtreeArc xlink:type="arc" xlink:arcrole="http://xbrl.org/arcrole/2014/definition-node-subtree" xlink:from="dnb-crd_c33903" xlink:to="dnb-crd_c33904" order="1" />
    <table:ruleNode xlink:type="resource" xlink:label="dnb-crd_c33913" id="dnb-crd_c33913">
      <formula:concept>
        <formula:qname>dnbeba_met:mi243</formula:qname>
      </formula:concept>
      <formula:explicitDimension dimension="dnbeba_dim:MCY">
        <formula:member>
          <formula:qname>dnbeba_MC:x369</formula:qname>
        </formula:member>
      </formula:explicitDimension>
      <formula:explicitDimension dimension="dnbeba_dim:CNO">
        <formula:member>
          <formula:qname>dnbeba_BT:x4</formula:qname>
        </formula:member>
      </formula:explicitDimension>
      <formula:explicitDimension dimension="dnbeba_dim:TOF">
        <formula:member>
          <formula:qname>dnbeba_OF:x1</formula:qname>
        </formula:member>
      </formula:explicitDimension>
      <formula:explicitDimension dimension="dnbeba_dim:OFS">
        <formula:member>
          <formula:qname>dnbeba_OF:x0</formula:qname>
        </formula:member>
      </formula:explicitDimension>
    </table:ruleNode>
    <table:definitionNodeSubtreeArc xlink:type="arc" xlink:arcrole="http://xbrl.org/arcrole/2014/definition-node-subtree" xlink:from="dnb-crd_c33903" xlink:to="dnb-crd_c33913" order="2" />
    <table:ruleNode xlink:type="resource" xlink:label="dnb-crd_c33914" id="dnb-crd_c33914">
      <formula:concept>
        <formula:qname>dnbeba_met:mi76</formula:qname>
      </formula:concept>
      <formula:explicitDimension dimension="dnbeba_dim:MCY">
        <formula:member>
          <formula:qname>dnbeba_MC:x137</formula:qname>
        </formula:member>
      </formula:explicitDimension>
      <formula:explicitDimension dimension="dnbeba_dim:OFS">
        <formula:member>
          <formula:qname>dnbeba_OF:x1</formula:qname>
        </formula:member>
      </formula:explicitDimension>
      <formula:explicitDimension dimension="dnbeba_dim:CNO">
        <formula:member>
          <formula:qname>dnbeba_BT:x3</formula:qname>
        </formula:member>
      </formula:explicitDimension>
    </table:ruleNode>
    <table:definitionNodeSubtreeArc xlink:type="arc" xlink:arcrole="http://xbrl.org/arcrole/2014/definition-node-subtree" xlink:from="dnb-crd_c33903" xlink:to="dnb-crd_c33914" order="3" />
    <table:ruleNode xlink:type="resource" xlink:label="dnb-crd_c33915" id="dnb-crd_c33915">
      <formula:concept>
        <formula:qname>dnbeba_met:mi243</formula:qname>
      </formula:concept>
      <formula:explicitDimension dimension="dnbeba_dim:MCY">
        <formula:member>
          <formula:qname>dnbeba_MC:x343</formula:qname>
        </formula:member>
      </formula:explicitDimension>
      <formula:explicitDimension dimension="dnbeba_dim:CNO">
        <formula:member>
          <formula:qname>dnbeba_BT:x3</formula:qname>
        </formula:member>
      </formula:explicitDimension>
      <formula:explicitDimension dimension="dnbeba_dim:TOF">
        <formula:member>
          <formula:qname>dnbeba_OF:x1</formula:qname>
        </formula:member>
      </formula:explicitDimension>
      <formula:explicitDimension dimension="dnbeba_dim:OFS">
        <formula:member>
          <formula:qname>dnbeba_OF:x0</formula:qname>
        </formula:member>
      </formula:explicitDimension>
    </table:ruleNode>
    <table:definitionNodeSubtreeArc xlink:type="arc" xlink:arcrole="http://xbrl.org/arcrole/2014/definition-node-subtree" xlink:from="dnb-crd_c33903" xlink:to="dnb-crd_c33915" order="4" />
    <table:ruleNode xlink:type="resource" xlink:label="dnb-crd_c33916" id="dnb-crd_c33916">
      <formula:concept>
        <formula:qname>dnbeba_met:mi53</formula:qname>
      </formula:concept>
      <formula:explicitDimension dimension="dnbeba_dim:MCY">
        <formula:member>
          <formula:qname>dnbeba_MC:x295</formula:qname>
        </formula:member>
      </formula:explicitDimension>
      <formula:explicitDimension dimension="dnbeba_dim:OFS">
        <formula:member>
          <formula:qname>dnbeba_OF:x1</formula:qname>
        </formula:member>
      </formula:explicitDimension>
      <formula:explicitDimension dimension="dnbeba_dim:MCU">
        <formula:member>
          <formula:qname>dnbeba_MC:x130</formula:qname>
        </formula:member>
      </formula:explicitDimension>
      <formula:explicitDimension dimension="dnbeba_dim:RPR">
        <formula:member>
          <formula:qname>dnbeba_RP:x2</formula:qname>
        </formula:member>
      </formula:explicitDimension>
    </table:ruleNode>
    <table:definitionNodeSubtreeArc xlink:type="arc" xlink:arcrole="http://xbrl.org/arcrole/2014/definition-node-subtree" xlink:from="dnb-crd_c33903" xlink:to="dnb-crd_c33916" order="5" />
    <table:ruleNode xlink:type="resource" xlink:label="dnb-crd_c33917" id="dnb-crd_c33917">
      <formula:concept>
        <formula:qname>dnbeba_met:mi76</formula:qname>
      </formula:concept>
      <formula:explicitDimension dimension="dnbeba_dim:MCY">
        <formula:member>
          <formula:qname>dnbeba_MC:x367</formula:qname>
        </formula:member>
      </formula:explicitDimension>
      <formula:explicitDimension dimension="dnbeba_dim:OFS">
        <formula:member>
          <formula:qname>dnbeba_OF:x1</formula:qname>
        </formula:member>
      </formula:explicitDimension>
      <formula:explicitDimension dimension="dnbeba_dim:MCU">
        <formula:member>
          <formula:qname>dnbeba_MC:x130</formula:qname>
        </formula:member>
      </formula:explicitDimension>
      <formula:explicitDimension dimension="dnbeba_dim:RPR">
        <formula:member>
          <formula:qname>dnbeba_RP:x2</formula:qname>
        </formula:member>
      </formula:explicitDimension>
      <formula:explicitDimension dimension="dnbeba_dim:INV">
        <formula:member>
          <formula:qname>dnbeba_PL:x36</formula:qname>
        </formula:member>
      </formula:explicitDimension>
    </table:ruleNode>
    <table:definitionNodeSubtreeArc xlink:type="arc" xlink:arcrole="http://xbrl.org/arcrole/2014/definition-node-subtree" xlink:from="dnb-crd_c33903" xlink:to="dnb-crd_c33917" order="6" />
    <table:ruleNode xlink:type="resource" xlink:label="dnb-crd_c33918" id="dnb-crd_c33918">
      <formula:concept>
        <formula:qname>dnbeba_met:mi76</formula:qname>
      </formula:concept>
      <formula:explicitDimension dimension="dnbeba_dim:MCY">
        <formula:member>
          <formula:qname>dnbeba_MC:x367</formula:qname>
        </formula:member>
      </formula:explicitDimension>
      <formula:explicitDimension dimension="dnbeba_dim:OFS">
        <formula:member>
          <formula:qname>dnbeba_OF:x1</formula:qname>
        </formula:member>
      </formula:explicitDimension>
      <formula:explicitDimension dimension="dnbeba_dim:MCU">
        <formula:member>
          <formula:qname>dnbeba_MC:x130</formula:qname>
        </formula:member>
      </formula:explicitDimension>
      <formula:explicitDimension dimension="dnbeba_dim:RPR">
        <formula:member>
          <formula:qname>dnbeba_RP:x2</formula:qname>
        </formula:member>
      </formula:explicitDimension>
      <formula:explicitDimension dimension="dnbeba_dim:INV">
        <formula:member>
          <formula:qname>dnbeba_PL:x50</formula:qname>
        </formula:member>
      </formula:explicitDimension>
    </table:ruleNode>
    <table:definitionNodeSubtreeArc xlink:type="arc" xlink:arcrole="http://xbrl.org/arcrole/2014/definition-node-subtree" xlink:from="dnb-crd_c33903" xlink:to="dnb-crd_c33918" order="7" />
    <table:ruleNode xlink:type="resource" xlink:label="dnb-crd_c33919" id="dnb-crd_c33919">
      <formula:concept>
        <formula:qname>dnbeba_met:mi81</formula:qname>
      </formula:concept>
      <formula:explicitDimension dimension="dnbeba_dim:MCY">
        <formula:member>
          <formula:qname>dnbeba_MC:x148</formula:qname>
        </formula:member>
      </formula:explicitDimension>
      <formula:explicitDimension dimension="dnbeba_dim:OFS">
        <formula:member>
          <formula:qname>dnbeba_OF:x1</formula:qname>
        </formula:member>
      </formula:explicitDimension>
    </table:ruleNode>
    <table:definitionNodeSubtreeArc xlink:type="arc" xlink:arcrole="http://xbrl.org/arcrole/2014/definition-node-subtree" xlink:from="dnb-crd_c33903" xlink:to="dnb-crd_c33919" order="8" />
    <table:ruleNode xlink:type="resource" xlink:label="dnb-crd_c33920" id="dnb-crd_c33920">
      <formula:concept>
        <formula:qname>dnbeba_met:mi243</formula:qname>
      </formula:concept>
      <formula:explicitDimension dimension="dnbeba_dim:MCY">
        <formula:member>
          <formula:qname>dnbeba_MC:x344</formula:qname>
        </formula:member>
      </formula:explicitDimension>
      <formula:explicitDimension dimension="dnbeba_dim:TOF">
        <formula:member>
          <formula:qname>dnbeba_OF:x1</formula:qname>
        </formula:member>
      </formula:explicitDimension>
      <formula:explicitDimension dimension="dnbeba_dim:OFS">
        <formula:member>
          <formula:qname>dnbeba_OF:x0</formula:qname>
        </formula:member>
      </formula:explicitDimension>
    </table:ruleNode>
    <table:definitionNodeSubtreeArc xlink:type="arc" xlink:arcrole="http://xbrl.org/arcrole/2014/definition-node-subtree" xlink:from="dnb-crd_c33903" xlink:to="dnb-crd_c33920" order="9" />
    <table:ruleNode xlink:type="resource" xlink:label="dnb-crd_c33921" id="dnb-crd_c33921">
      <formula:concept>
        <formula:qname>dnbeba_met:mi81</formula:qname>
      </formula:concept>
      <formula:explicitDimension dimension="dnbeba_dim:MCY">
        <formula:member>
          <formula:qname>dnbeba_MC:x149</formula:qname>
        </formula:member>
      </formula:explicitDimension>
      <formula:explicitDimension dimension="dnbeba_dim:OFS">
        <formula:member>
          <formula:qname>dnbeba_OF:x1</formula:qname>
        </formula:member>
      </formula:explicitDimension>
    </table:ruleNode>
    <table:definitionNodeSubtreeArc xlink:type="arc" xlink:arcrole="http://xbrl.org/arcrole/2014/definition-node-subtree" xlink:from="dnb-crd_c33903" xlink:to="dnb-crd_c33921" order="10" />
    <table:ruleNode xlink:type="resource" xlink:label="dnb-crd_c33922" id="dnb-crd_c33922">
      <formula:concept>
        <formula:qname>dnbeba_met:mi76</formula:qname>
      </formula:concept>
      <formula:explicitDimension dimension="dnbeba_dim:MCY">
        <formula:member>
          <formula:qname>dnbeba_MC:x508</formula:qname>
        </formula:member>
      </formula:explicitDimension>
      <formula:explicitDimension dimension="dnbeba_dim:OFS">
        <formula:member>
          <formula:qname>dnbeba_OF:x1</formula:qname>
        </formula:member>
      </formula:explicitDimension>
    </table:ruleNode>
    <table:definitionNodeSubtreeArc xlink:type="arc" xlink:arcrole="http://xbrl.org/arcrole/2014/definition-node-subtree" xlink:from="dnb-crd_c33903" xlink:to="dnb-crd_c33922" order="11" />
    <table:ruleNode xlink:type="resource" xlink:label="dnb-crd_c33923" id="dnb-crd_c33923">
      <formula:concept>
        <formula:qname>dnbeba_met:mi76</formula:qname>
      </formula:concept>
      <formula:explicitDimension dimension="dnbeba_dim:MCY">
        <formula:member>
          <formula:qname>dnbeba_MC:x404</formula:qname>
        </formula:member>
      </formula:explicitDimension>
      <formula:explicitDimension dimension="dnbeba_dim:OFS">
        <formula:member>
          <formula:qname>dnbeba_OF:x1</formula:qname>
        </formula:member>
      </formula:explicitDimension>
    </table:ruleNode>
    <table:definitionNodeSubtreeArc xlink:type="arc" xlink:arcrole="http://xbrl.org/arcrole/2014/definition-node-subtree" xlink:from="dnb-crd_c33903" xlink:to="dnb-crd_c33923" order="12" />
    <table:definitionNodeSubtreeArc xlink:type="arc" xlink:arcrole="http://xbrl.org/arcrole/2014/definition-node-subtree" xlink:from="dnb-crd_c33846" xlink:to="dnb-crd_c33903" order="2" />
    <table:ruleNode xlink:type="resource" xlink:label="dnb-crd_c33924" id="dnb-crd_c33924">
      <formula:concept>
        <formula:qname>dnbeba_met:mi81</formula:qname>
      </formula:concept>
      <formula:explicitDimension dimension="dnbeba_dim:OFS">
        <formula:member>
          <formula:qname>dnbeba_OF:x9</formula:qname>
        </formula:member>
      </formula:explicitDimension>
    </table:ruleNode>
    <table:ruleNode xlink:type="resource" xlink:label="dnb-crd_c33925" id="dnb-crd_c33925">
      <formula:concept>
        <formula:qname>dnbeba_met:mi76</formula:qname>
      </formula:concept>
      <formula:explicitDimension dimension="dnbeba_dim:MCY">
        <formula:member>
          <formula:qname>dnbeba_MC:x379</formula:qname>
        </formula:member>
      </formula:explicitDimension>
      <formula:explicitDimension dimension="dnbeba_dim:OFS">
        <formula:member>
          <formula:qname>dnbeba_OF:x9</formula:qname>
        </formula:member>
      </formula:explicitDimension>
    </table:ruleNode>
    <table:ruleNode xlink:type="resource" xlink:label="dnb-crd_c33926" id="dnb-crd_c33926">
      <formula:concept>
        <formula:qname>dnbeba_met:mi53</formula:qname>
      </formula:concept>
      <formula:explicitDimension dimension="dnbeba_dim:MCY">
        <formula:member>
          <formula:qname>dnbeba_MC:x91</formula:qname>
        </formula:member>
      </formula:explicitDimension>
      <formula:explicitDimension dimension="dnbeba_dim:OFS">
        <formula:member>
          <formula:qname>dnbeba_OF:x9</formula:qname>
        </formula:member>
      </formula:explicitDimension>
    </table:ruleNode>
    <table:definitionNodeSubtreeArc xlink:type="arc" xlink:arcrole="http://xbrl.org/arcrole/2014/definition-node-subtree" xlink:from="dnb-crd_c33925" xlink:to="dnb-crd_c33926" order="1" />
    <table:ruleNode xlink:type="resource" xlink:label="dnb-crd_c33927" id="dnb-crd_c33927">
      <formula:concept>
        <formula:qname>dnbeba_met:mi53</formula:qname>
      </formula:concept>
      <formula:explicitDimension dimension="dnbeba_dim:MCY">
        <formula:member>
          <formula:qname>dnbeba_MC:x91</formula:qname>
        </formula:member>
      </formula:explicitDimension>
      <formula:explicitDimension dimension="dnbeba_dim:OFS">
        <formula:member>
          <formula:qname>dnbeba_OF:x7</formula:qname>
        </formula:member>
      </formula:explicitDimension>
    </table:ruleNode>
    <table:definitionNodeSubtreeArc xlink:type="arc" xlink:arcrole="http://xbrl.org/arcrole/2014/definition-node-subtree" xlink:from="dnb-crd_c33925" xlink:to="dnb-crd_c33927" order="2" />
    <table:ruleNode xlink:type="resource" xlink:label="dnb-crd_c33928" id="dnb-crd_c33928">
      <formula:concept>
        <formula:qname>dnbeba_met:mi53</formula:qname>
      </formula:concept>
      <formula:explicitDimension dimension="dnbeba_dim:MCY">
        <formula:member>
          <formula:qname>dnbeba_MC:x322</formula:qname>
        </formula:member>
      </formula:explicitDimension>
      <formula:explicitDimension dimension="dnbeba_dim:OFS">
        <formula:member>
          <formula:qname>dnbeba_OF:x9</formula:qname>
        </formula:member>
      </formula:explicitDimension>
    </table:ruleNode>
    <table:definitionNodeSubtreeArc xlink:type="arc" xlink:arcrole="http://xbrl.org/arcrole/2014/definition-node-subtree" xlink:from="dnb-crd_c33925" xlink:to="dnb-crd_c33928" order="3" />
    <table:ruleNode xlink:type="resource" xlink:label="dnb-crd_c33929" id="dnb-crd_c33929">
      <formula:concept>
        <formula:qname>dnbeba_met:mi76</formula:qname>
      </formula:concept>
      <formula:explicitDimension dimension="dnbeba_dim:MCY">
        <formula:member>
          <formula:qname>dnbeba_MC:x367</formula:qname>
        </formula:member>
      </formula:explicitDimension>
      <formula:explicitDimension dimension="dnbeba_dim:OFS">
        <formula:member>
          <formula:qname>dnbeba_OF:x9</formula:qname>
        </formula:member>
      </formula:explicitDimension>
      <formula:explicitDimension dimension="dnbeba_dim:CNO">
        <formula:member>
          <formula:qname>dnbeba_BT:x4</formula:qname>
        </formula:member>
      </formula:explicitDimension>
      <formula:explicitDimension dimension="dnbeba_dim:MCU">
        <formula:member>
          <formula:qname>dnbeba_MC:x274</formula:qname>
        </formula:member>
      </formula:explicitDimension>
    </table:ruleNode>
    <table:ruleNode xlink:type="resource" xlink:label="dnb-crd_c33930" id="dnb-crd_c33930">
      <formula:concept>
        <formula:qname>dnbeba_met:mi53</formula:qname>
      </formula:concept>
      <formula:explicitDimension dimension="dnbeba_dim:MCY">
        <formula:member>
          <formula:qname>dnbeba_MC:x365</formula:qname>
        </formula:member>
      </formula:explicitDimension>
    </table:ruleNode>
    <table:definitionNodeSubtreeArc xlink:type="arc" xlink:arcrole="http://xbrl.org/arcrole/2014/definition-node-subtree" xlink:from="dnb-crd_c33929" xlink:to="dnb-crd_c33930" order="1" />
    <table:ruleNode xlink:type="resource" xlink:label="dnb-crd_c33931" id="dnb-crd_c33931">
      <formula:concept>
        <formula:qname>dnbeba_met:mi76</formula:qname>
      </formula:concept>
      <formula:explicitDimension dimension="dnbeba_dim:MCY">
        <formula:member>
          <formula:qname>dnbeba_MC:x188</formula:qname>
        </formula:member>
      </formula:explicitDimension>
    </table:ruleNode>
    <table:definitionNodeSubtreeArc xlink:type="arc" xlink:arcrole="http://xbrl.org/arcrole/2014/definition-node-subtree" xlink:from="dnb-crd_c33929" xlink:to="dnb-crd_c33931" order="2" />
    <table:ruleNode xlink:type="resource" xlink:label="dnb-crd_c33932" id="dnb-crd_c33932">
      <formula:concept>
        <formula:qname>dnbeba_met:mi76</formula:qname>
      </formula:concept>
      <formula:explicitDimension dimension="dnbeba_dim:MCY">
        <formula:member>
          <formula:qname>dnbeba_MC:x325</formula:qname>
        </formula:member>
      </formula:explicitDimension>
    </table:ruleNode>
    <table:definitionNodeSubtreeArc xlink:type="arc" xlink:arcrole="http://xbrl.org/arcrole/2014/definition-node-subtree" xlink:from="dnb-crd_c33929" xlink:to="dnb-crd_c33932" order="3" />
    <table:definitionNodeSubtreeArc xlink:type="arc" xlink:arcrole="http://xbrl.org/arcrole/2014/definition-node-subtree" xlink:from="dnb-crd_c33925" xlink:to="dnb-crd_c33929" order="4" />
    <table:ruleNode xlink:type="resource" xlink:label="dnb-crd_c33933" id="dnb-crd_c33933">
      <formula:concept>
        <formula:qname>dnbeba_met:mi76</formula:qname>
      </formula:concept>
      <formula:explicitDimension dimension="dnbeba_dim:MCY">
        <formula:member>
          <formula:qname>dnbeba_MC:x374</formula:qname>
        </formula:member>
      </formula:explicitDimension>
      <formula:explicitDimension dimension="dnbeba_dim:OFS">
        <formula:member>
          <formula:qname>dnbeba_OF:x9</formula:qname>
        </formula:member>
      </formula:explicitDimension>
      <formula:explicitDimension dimension="dnbeba_dim:MCU">
        <formula:member>
          <formula:qname>dnbeba_MC:x274</formula:qname>
        </formula:member>
      </formula:explicitDimension>
    </table:ruleNode>
    <table:definitionNodeSubtreeArc xlink:type="arc" xlink:arcrole="http://xbrl.org/arcrole/2014/definition-node-subtree" xlink:from="dnb-crd_c33925" xlink:to="dnb-crd_c33933" order="5" />
    <table:definitionNodeSubtreeArc xlink:type="arc" xlink:arcrole="http://xbrl.org/arcrole/2014/definition-node-subtree" xlink:from="dnb-crd_c33924" xlink:to="dnb-crd_c33925" order="1" />
    <table:ruleNode xlink:type="resource" xlink:label="dnb-crd_c33934" id="dnb-crd_c33934">
      <formula:concept>
        <formula:qname>dnbeba_met:mi243</formula:qname>
      </formula:concept>
      <formula:explicitDimension dimension="dnbeba_dim:MCY">
        <formula:member>
          <formula:qname>dnbeba_MC:x369</formula:qname>
        </formula:member>
      </formula:explicitDimension>
      <formula:explicitDimension dimension="dnbeba_dim:CNO">
        <formula:member>
          <formula:qname>dnbeba_BT:x4</formula:qname>
        </formula:member>
      </formula:explicitDimension>
      <formula:explicitDimension dimension="dnbeba_dim:TOF">
        <formula:member>
          <formula:qname>dnbeba_OF:x9</formula:qname>
        </formula:member>
      </formula:explicitDimension>
      <formula:explicitDimension dimension="dnbeba_dim:OFS">
        <formula:member>
          <formula:qname>dnbeba_OF:x0</formula:qname>
        </formula:member>
      </formula:explicitDimension>
    </table:ruleNode>
    <table:definitionNodeSubtreeArc xlink:type="arc" xlink:arcrole="http://xbrl.org/arcrole/2014/definition-node-subtree" xlink:from="dnb-crd_c33924" xlink:to="dnb-crd_c33934" order="2" />
    <table:ruleNode xlink:type="resource" xlink:label="dnb-crd_c33935" id="dnb-crd_c33935">
      <formula:concept>
        <formula:qname>dnbeba_met:mi76</formula:qname>
      </formula:concept>
      <formula:explicitDimension dimension="dnbeba_dim:MCY">
        <formula:member>
          <formula:qname>dnbeba_MC:x136</formula:qname>
        </formula:member>
      </formula:explicitDimension>
      <formula:explicitDimension dimension="dnbeba_dim:OFS">
        <formula:member>
          <formula:qname>dnbeba_OF:x9</formula:qname>
        </formula:member>
      </formula:explicitDimension>
      <formula:explicitDimension dimension="dnbeba_dim:CNO">
        <formula:member>
          <formula:qname>dnbeba_BT:x3</formula:qname>
        </formula:member>
      </formula:explicitDimension>
    </table:ruleNode>
    <table:definitionNodeSubtreeArc xlink:type="arc" xlink:arcrole="http://xbrl.org/arcrole/2014/definition-node-subtree" xlink:from="dnb-crd_c33924" xlink:to="dnb-crd_c33935" order="3" />
    <table:ruleNode xlink:type="resource" xlink:label="dnb-crd_c33936" id="dnb-crd_c33936">
      <formula:concept>
        <formula:qname>dnbeba_met:mi243</formula:qname>
      </formula:concept>
      <formula:explicitDimension dimension="dnbeba_dim:MCY">
        <formula:member>
          <formula:qname>dnbeba_MC:x343</formula:qname>
        </formula:member>
      </formula:explicitDimension>
      <formula:explicitDimension dimension="dnbeba_dim:CNO">
        <formula:member>
          <formula:qname>dnbeba_BT:x3</formula:qname>
        </formula:member>
      </formula:explicitDimension>
      <formula:explicitDimension dimension="dnbeba_dim:TOF">
        <formula:member>
          <formula:qname>dnbeba_OF:x9</formula:qname>
        </formula:member>
      </formula:explicitDimension>
      <formula:explicitDimension dimension="dnbeba_dim:OFS">
        <formula:member>
          <formula:qname>dnbeba_OF:x0</formula:qname>
        </formula:member>
      </formula:explicitDimension>
    </table:ruleNode>
    <table:definitionNodeSubtreeArc xlink:type="arc" xlink:arcrole="http://xbrl.org/arcrole/2014/definition-node-subtree" xlink:from="dnb-crd_c33924" xlink:to="dnb-crd_c33936" order="4" />
    <table:ruleNode xlink:type="resource" xlink:label="dnb-crd_c33937" id="dnb-crd_c33937">
      <formula:concept>
        <formula:qname>dnbeba_met:mi76</formula:qname>
      </formula:concept>
      <formula:explicitDimension dimension="dnbeba_dim:MCY">
        <formula:member>
          <formula:qname>dnbeba_MC:x216</formula:qname>
        </formula:member>
      </formula:explicitDimension>
      <formula:explicitDimension dimension="dnbeba_dim:OFS">
        <formula:member>
          <formula:qname>dnbeba_OF:x9</formula:qname>
        </formula:member>
      </formula:explicitDimension>
    </table:ruleNode>
    <table:definitionNodeSubtreeArc xlink:type="arc" xlink:arcrole="http://xbrl.org/arcrole/2014/definition-node-subtree" xlink:from="dnb-crd_c33924" xlink:to="dnb-crd_c33937" order="5" />
    <table:ruleNode xlink:type="resource" xlink:label="dnb-crd_c33938" id="dnb-crd_c33938">
      <formula:concept>
        <formula:qname>dnbeba_met:mi76</formula:qname>
      </formula:concept>
      <formula:explicitDimension dimension="dnbeba_dim:MCY">
        <formula:member>
          <formula:qname>dnbeba_MC:x394</formula:qname>
        </formula:member>
      </formula:explicitDimension>
      <formula:explicitDimension dimension="dnbeba_dim:APR">
        <formula:member>
          <formula:qname>dnbeba_AP:x42</formula:qname>
        </formula:member>
      </formula:explicitDimension>
      <formula:explicitDimension dimension="dnbeba_dim:OFS">
        <formula:member>
          <formula:qname>dnbeba_OF:x9</formula:qname>
        </formula:member>
      </formula:explicitDimension>
      <formula:explicitDimension dimension="dnbeba_dim:TRI">
        <formula:member>
          <formula:qname>dnbeba_TR:x2</formula:qname>
        </formula:member>
      </formula:explicitDimension>
    </table:ruleNode>
    <table:definitionNodeSubtreeArc xlink:type="arc" xlink:arcrole="http://xbrl.org/arcrole/2014/definition-node-subtree" xlink:from="dnb-crd_c33924" xlink:to="dnb-crd_c33938" order="6" />
    <table:ruleNode xlink:type="resource" xlink:label="dnb-crd_c33939" id="dnb-crd_c33939">
      <formula:concept>
        <formula:qname>dnbeba_met:mi53</formula:qname>
      </formula:concept>
      <formula:explicitDimension dimension="dnbeba_dim:MCY">
        <formula:member>
          <formula:qname>dnbeba_MC:x295</formula:qname>
        </formula:member>
      </formula:explicitDimension>
      <formula:explicitDimension dimension="dnbeba_dim:OFS">
        <formula:member>
          <formula:qname>dnbeba_OF:x9</formula:qname>
        </formula:member>
      </formula:explicitDimension>
      <formula:explicitDimension dimension="dnbeba_dim:MCU">
        <formula:member>
          <formula:qname>dnbeba_MC:x131</formula:qname>
        </formula:member>
      </formula:explicitDimension>
      <formula:explicitDimension dimension="dnbeba_dim:RPR">
        <formula:member>
          <formula:qname>dnbeba_RP:x2</formula:qname>
        </formula:member>
      </formula:explicitDimension>
    </table:ruleNode>
    <table:definitionNodeSubtreeArc xlink:type="arc" xlink:arcrole="http://xbrl.org/arcrole/2014/definition-node-subtree" xlink:from="dnb-crd_c33924" xlink:to="dnb-crd_c33939" order="7" />
    <table:ruleNode xlink:type="resource" xlink:label="dnb-crd_c33940" id="dnb-crd_c33940">
      <formula:concept>
        <formula:qname>dnbeba_met:mi76</formula:qname>
      </formula:concept>
      <formula:explicitDimension dimension="dnbeba_dim:MCY">
        <formula:member>
          <formula:qname>dnbeba_MC:x367</formula:qname>
        </formula:member>
      </formula:explicitDimension>
      <formula:explicitDimension dimension="dnbeba_dim:OFS">
        <formula:member>
          <formula:qname>dnbeba_OF:x9</formula:qname>
        </formula:member>
      </formula:explicitDimension>
      <formula:explicitDimension dimension="dnbeba_dim:MCU">
        <formula:member>
          <formula:qname>dnbeba_MC:x131</formula:qname>
        </formula:member>
      </formula:explicitDimension>
      <formula:explicitDimension dimension="dnbeba_dim:RPR">
        <formula:member>
          <formula:qname>dnbeba_RP:x2</formula:qname>
        </formula:member>
      </formula:explicitDimension>
      <formula:explicitDimension dimension="dnbeba_dim:INV">
        <formula:member>
          <formula:qname>dnbeba_PL:x36</formula:qname>
        </formula:member>
      </formula:explicitDimension>
    </table:ruleNode>
    <table:definitionNodeSubtreeArc xlink:type="arc" xlink:arcrole="http://xbrl.org/arcrole/2014/definition-node-subtree" xlink:from="dnb-crd_c33924" xlink:to="dnb-crd_c33940" order="8" />
    <table:ruleNode xlink:type="resource" xlink:label="dnb-crd_c33941" id="dnb-crd_c33941">
      <formula:concept>
        <formula:qname>dnbeba_met:mi76</formula:qname>
      </formula:concept>
      <formula:explicitDimension dimension="dnbeba_dim:MCY">
        <formula:member>
          <formula:qname>dnbeba_MC:x367</formula:qname>
        </formula:member>
      </formula:explicitDimension>
      <formula:explicitDimension dimension="dnbeba_dim:OFS">
        <formula:member>
          <formula:qname>dnbeba_OF:x9</formula:qname>
        </formula:member>
      </formula:explicitDimension>
      <formula:explicitDimension dimension="dnbeba_dim:MCU">
        <formula:member>
          <formula:qname>dnbeba_MC:x131</formula:qname>
        </formula:member>
      </formula:explicitDimension>
      <formula:explicitDimension dimension="dnbeba_dim:RPR">
        <formula:member>
          <formula:qname>dnbeba_RP:x2</formula:qname>
        </formula:member>
      </formula:explicitDimension>
      <formula:explicitDimension dimension="dnbeba_dim:INV">
        <formula:member>
          <formula:qname>dnbeba_PL:x50</formula:qname>
        </formula:member>
      </formula:explicitDimension>
    </table:ruleNode>
    <table:definitionNodeSubtreeArc xlink:type="arc" xlink:arcrole="http://xbrl.org/arcrole/2014/definition-node-subtree" xlink:from="dnb-crd_c33924" xlink:to="dnb-crd_c33941" order="9" />
    <table:ruleNode xlink:type="resource" xlink:label="dnb-crd_c33942" id="dnb-crd_c33942">
      <formula:concept>
        <formula:qname>dnbeba_met:mi243</formula:qname>
      </formula:concept>
      <formula:explicitDimension dimension="dnbeba_dim:MCY">
        <formula:member>
          <formula:qname>dnbeba_MC:x344</formula:qname>
        </formula:member>
      </formula:explicitDimension>
      <formula:explicitDimension dimension="dnbeba_dim:TOF">
        <formula:member>
          <formula:qname>dnbeba_OF:x9</formula:qname>
        </formula:member>
      </formula:explicitDimension>
      <formula:explicitDimension dimension="dnbeba_dim:OFS">
        <formula:member>
          <formula:qname>dnbeba_OF:x0</formula:qname>
        </formula:member>
      </formula:explicitDimension>
    </table:ruleNode>
    <table:definitionNodeSubtreeArc xlink:type="arc" xlink:arcrole="http://xbrl.org/arcrole/2014/definition-node-subtree" xlink:from="dnb-crd_c33924" xlink:to="dnb-crd_c33942" order="10" />
    <table:ruleNode xlink:type="resource" xlink:label="dnb-crd_c33943" id="dnb-crd_c33943">
      <formula:concept>
        <formula:qname>dnbeba_met:mi81</formula:qname>
      </formula:concept>
      <formula:explicitDimension dimension="dnbeba_dim:MCY">
        <formula:member>
          <formula:qname>dnbeba_MC:x149</formula:qname>
        </formula:member>
      </formula:explicitDimension>
      <formula:explicitDimension dimension="dnbeba_dim:OFS">
        <formula:member>
          <formula:qname>dnbeba_OF:x9</formula:qname>
        </formula:member>
      </formula:explicitDimension>
    </table:ruleNode>
    <table:definitionNodeSubtreeArc xlink:type="arc" xlink:arcrole="http://xbrl.org/arcrole/2014/definition-node-subtree" xlink:from="dnb-crd_c33924" xlink:to="dnb-crd_c33943" order="11" />
    <table:ruleNode xlink:type="resource" xlink:label="dnb-crd_c33944" id="dnb-crd_c33944">
      <formula:concept>
        <formula:qname>dnbeba_met:mi76</formula:qname>
      </formula:concept>
      <formula:explicitDimension dimension="dnbeba_dim:MCY">
        <formula:member>
          <formula:qname>dnbeba_MC:x508</formula:qname>
        </formula:member>
      </formula:explicitDimension>
      <formula:explicitDimension dimension="dnbeba_dim:OFS">
        <formula:member>
          <formula:qname>dnbeba_OF:x9</formula:qname>
        </formula:member>
      </formula:explicitDimension>
    </table:ruleNode>
    <table:definitionNodeSubtreeArc xlink:type="arc" xlink:arcrole="http://xbrl.org/arcrole/2014/definition-node-subtree" xlink:from="dnb-crd_c33924" xlink:to="dnb-crd_c33944" order="12" />
    <table:ruleNode xlink:type="resource" xlink:label="dnb-crd_c33945" id="dnb-crd_c33945">
      <formula:concept>
        <formula:qname>dnbeba_met:mi76</formula:qname>
      </formula:concept>
      <formula:explicitDimension dimension="dnbeba_dim:MCY">
        <formula:member>
          <formula:qname>dnbeba_MC:x404</formula:qname>
        </formula:member>
      </formula:explicitDimension>
      <formula:explicitDimension dimension="dnbeba_dim:OFS">
        <formula:member>
          <formula:qname>dnbeba_OF:x9</formula:qname>
        </formula:member>
      </formula:explicitDimension>
    </table:ruleNode>
    <table:definitionNodeSubtreeArc xlink:type="arc" xlink:arcrole="http://xbrl.org/arcrole/2014/definition-node-subtree" xlink:from="dnb-crd_c33924" xlink:to="dnb-crd_c33945" order="13" />
    <table:definitionNodeSubtreeArc xlink:type="arc" xlink:arcrole="http://xbrl.org/arcrole/2014/definition-node-subtree" xlink:from="dnb-crd_c33846" xlink:to="dnb-crd_c33924" order="3" />
    <table:definitionNodeSubtreeArc xlink:type="arc" xlink:arcrole="http://xbrl.org/arcrole/2014/definition-node-subtree" xlink:from="dnb-crd_a2.root" xlink:to="dnb-crd_c33846" order="1" />
    <table:tableBreakdownArc xlink:type="arc" xlink:arcrole="http://xbrl.org/arcrole/2014/table-breakdown" xlink:from="dnb-crd_tC_01.00" xlink:to="dnb-crd_a2" axis="y" order="2" />
  </gen:link>
</link:linkbase>