﻿<?xml version="1.0" encoding="utf-8"?>
<!--© DNB-->
<link:linkbase xmlns:xsi="http://www.w3.org/2001/XMLSchema-instance" xmlns:xlink="http://www.w3.org/1999/xlink" xmlns:link="http://www.xbrl.org/2003/linkbase" xmlns:gen="http://xbrl.org/2008/generic" xmlns:label="http://xbrl.org/2008/label" xsi:schemaLocation="http://www.xbrl.org/2003/linkbase http://www.xbrl.org/2003/xbrl-linkbase-2003-12-31.xsd http://xbrl.org/2008/generic http://www.xbrl.org/2008/generic-link.xsd http://xbrl.org/2008/label http://www.xbrl.org/2008/generic-label.xsd">
  <link:arcroleRef arcroleURI="http://xbrl.org/arcrole/2008/element-label" xlink:type="simple" xlink:href="http://www.xbrl.org/2008/generic-label.xsd#element-label" />
  <link:roleRef roleURI="http://www.eurofiling.info/xbrl/role/filing-indicator-code" xlink:type="simple" xlink:href="http://www.eurofiling.info/eu/fr/xbrl/ext/model.xsd#filing-indicator-code" />
  <link:roleRef roleURI="http://www.eurofiling.info/xbrl/role/rc-code" xlink:type="simple" xlink:href="http://www.eurofiling.info/eu/fr/xbrl/ext/model.xsd#rc-code" />
  <gen:link xlink:type="extended" xlink:role="http://www.xbrl.org/2003/role/link">
    <link:loc xlink:type="locator" xlink:href="c_01.00-rend.xml#dnb-crd_tC_01.00" xlink:label="loc_dnb-crd_tC_01.00" />
    <label:label xlink:type="resource" xlink:label="label_dnb-crd_tC_01.00" xml:lang="en" xlink:role="http://www.eurofiling.info/xbrl/role/rc-code">C 01.00</label:label>
    <gen:arc xlink:type="arc" xlink:arcrole="http://xbrl.org/arcrole/2008/element-label" xlink:from="loc_dnb-crd_tC_01.00" xlink:to="label_dnb-crd_tC_01.00" />
    <link:loc xlink:type="locator" xlink:href="c_01.00-rend.xml#dnb-crd_c33845" xlink:label="loc_dnb-crd_c33845" />
    <label:label xlink:type="resource" xlink:label="label_dnb-crd_c33845" xml:lang="en" xlink:role="http://www.eurofiling.info/xbrl/role/rc-code">010</label:label>
    <gen:arc xlink:type="arc" xlink:arcrole="http://xbrl.org/arcrole/2008/element-label" xlink:from="loc_dnb-crd_c33845" xlink:to="label_dnb-crd_c33845" />
    <link:loc xlink:type="locator" xlink:href="c_01.00-rend.xml#dnb-crd_c33846" xlink:label="loc_dnb-crd_c33846" />
    <label:label xlink:type="resource" xlink:label="label_dnb-crd_c33846" xml:lang="en" xlink:role="http://www.eurofiling.info/xbrl/role/rc-code">010</label:label>
    <gen:arc xlink:type="arc" xlink:arcrole="http://xbrl.org/arcrole/2008/element-label" xlink:from="loc_dnb-crd_c33846" xlink:to="label_dnb-crd_c33846" />
    <link:loc xlink:type="locator" xlink:href="c_01.00-rend.xml#dnb-crd_c33847" xlink:label="loc_dnb-crd_c33847" />
    <label:label xlink:type="resource" xlink:label="label_dnb-crd_c33847" xml:lang="en" xlink:role="http://www.eurofiling.info/xbrl/role/rc-code">015</label:label>
    <gen:arc xlink:type="arc" xlink:arcrole="http://xbrl.org/arcrole/2008/element-label" xlink:from="loc_dnb-crd_c33847" xlink:to="label_dnb-crd_c33847" />
    <link:loc xlink:type="locator" xlink:href="c_01.00-rend.xml#dnb-crd_c33848" xlink:label="loc_dnb-crd_c33848" />
    <label:label xlink:type="resource" xlink:label="label_dnb-crd_c33848" xml:lang="en" xlink:role="http://www.eurofiling.info/xbrl/role/rc-code">020</label:label>
    <gen:arc xlink:type="arc" xlink:arcrole="http://xbrl.org/arcrole/2008/element-label" xlink:from="loc_dnb-crd_c33848" xlink:to="label_dnb-crd_c33848" />
    <link:loc xlink:type="locator" xlink:href="c_01.00-rend.xml#dnb-crd_c33849" xlink:label="loc_dnb-crd_c33849" />
    <label:label xlink:type="resource" xlink:label="label_dnb-crd_c33849" xml:lang="en" xlink:role="http://www.eurofiling.info/xbrl/role/rc-code">030</label:label>
    <gen:arc xlink:type="arc" xlink:arcrole="http://xbrl.org/arcrole/2008/element-label" xlink:from="loc_dnb-crd_c33849" xlink:to="label_dnb-crd_c33849" />
    <link:loc xlink:type="locator" xlink:href="c_01.00-rend.xml#dnb-crd_c33850" xlink:label="loc_dnb-crd_c33850" />
    <label:label xlink:type="resource" xlink:label="label_dnb-crd_c33850" xml:lang="en" xlink:role="http://www.eurofiling.info/xbrl/role/rc-code">040</label:label>
    <gen:arc xlink:type="arc" xlink:arcrole="http://xbrl.org/arcrole/2008/element-label" xlink:from="loc_dnb-crd_c33850" xlink:to="label_dnb-crd_c33850" />
    <link:loc xlink:type="locator" xlink:href="c_01.00-rend.xml#dnb-crd_c33851" xlink:label="loc_dnb-crd_c33851" />
    <label:label xlink:type="resource" xlink:label="label_dnb-crd_c33851" xml:lang="en" xlink:role="http://www.eurofiling.info/xbrl/role/rc-code">045</label:label>
    <gen:arc xlink:type="arc" xlink:arcrole="http://xbrl.org/arcrole/2008/element-label" xlink:from="loc_dnb-crd_c33851" xlink:to="label_dnb-crd_c33851" />
    <link:loc xlink:type="locator" xlink:href="c_01.00-rend.xml#dnb-crd_c33852" xlink:label="loc_dnb-crd_c33852" />
    <label:label xlink:type="resource" xlink:label="label_dnb-crd_c33852" xml:lang="en" xlink:role="http://www.eurofiling.info/xbrl/role/rc-code">050</label:label>
    <gen:arc xlink:type="arc" xlink:arcrole="http://xbrl.org/arcrole/2008/element-label" xlink:from="loc_dnb-crd_c33852" xlink:to="label_dnb-crd_c33852" />
    <link:loc xlink:type="locator" xlink:href="c_01.00-rend.xml#dnb-crd_c33853" xlink:label="loc_dnb-crd_c33853" />
    <label:label xlink:type="resource" xlink:label="label_dnb-crd_c33853" xml:lang="en" xlink:role="http://www.eurofiling.info/xbrl/role/rc-code">060</label:label>
    <gen:arc xlink:type="arc" xlink:arcrole="http://xbrl.org/arcrole/2008/element-label" xlink:from="loc_dnb-crd_c33853" xlink:to="label_dnb-crd_c33853" />
    <link:loc xlink:type="locator" xlink:href="c_01.00-rend.xml#dnb-crd_c33854" xlink:label="loc_dnb-crd_c33854" />
    <label:label xlink:type="resource" xlink:label="label_dnb-crd_c33854" xml:lang="en" xlink:role="http://www.eurofiling.info/xbrl/role/rc-code">070</label:label>
    <gen:arc xlink:type="arc" xlink:arcrole="http://xbrl.org/arcrole/2008/element-label" xlink:from="loc_dnb-crd_c33854" xlink:to="label_dnb-crd_c33854" />
    <link:loc xlink:type="locator" xlink:href="c_01.00-rend.xml#dnb-crd_c33855" xlink:label="loc_dnb-crd_c33855" />
    <label:label xlink:type="resource" xlink:label="label_dnb-crd_c33855" xml:lang="en" xlink:role="http://www.eurofiling.info/xbrl/role/rc-code">080</label:label>
    <gen:arc xlink:type="arc" xlink:arcrole="http://xbrl.org/arcrole/2008/element-label" xlink:from="loc_dnb-crd_c33855" xlink:to="label_dnb-crd_c33855" />
    <link:loc xlink:type="locator" xlink:href="c_01.00-rend.xml#dnb-crd_c33856" xlink:label="loc_dnb-crd_c33856" />
    <label:label xlink:type="resource" xlink:label="label_dnb-crd_c33856" xml:lang="en" xlink:role="http://www.eurofiling.info/xbrl/role/rc-code">090</label:label>
    <gen:arc xlink:type="arc" xlink:arcrole="http://xbrl.org/arcrole/2008/element-label" xlink:from="loc_dnb-crd_c33856" xlink:to="label_dnb-crd_c33856" />
    <link:loc xlink:type="locator" xlink:href="c_01.00-rend.xml#dnb-crd_c33857" xlink:label="loc_dnb-crd_c33857" />
    <label:label xlink:type="resource" xlink:label="label_dnb-crd_c33857" xml:lang="en" xlink:role="http://www.eurofiling.info/xbrl/role/rc-code">091</label:label>
    <gen:arc xlink:type="arc" xlink:arcrole="http://xbrl.org/arcrole/2008/element-label" xlink:from="loc_dnb-crd_c33857" xlink:to="label_dnb-crd_c33857" />
    <link:loc xlink:type="locator" xlink:href="c_01.00-rend.xml#dnb-crd_c33858" xlink:label="loc_dnb-crd_c33858" />
    <label:label xlink:type="resource" xlink:label="label_dnb-crd_c33858" xml:lang="en" xlink:role="http://www.eurofiling.info/xbrl/role/rc-code">092</label:label>
    <gen:arc xlink:type="arc" xlink:arcrole="http://xbrl.org/arcrole/2008/element-label" xlink:from="loc_dnb-crd_c33858" xlink:to="label_dnb-crd_c33858" />
    <link:loc xlink:type="locator" xlink:href="c_01.00-rend.xml#dnb-crd_c33859" xlink:label="loc_dnb-crd_c33859" />
    <label:label xlink:type="resource" xlink:label="label_dnb-crd_c33859" xml:lang="en" xlink:role="http://www.eurofiling.info/xbrl/role/rc-code">130</label:label>
    <gen:arc xlink:type="arc" xlink:arcrole="http://xbrl.org/arcrole/2008/element-label" xlink:from="loc_dnb-crd_c33859" xlink:to="label_dnb-crd_c33859" />
    <link:loc xlink:type="locator" xlink:href="c_01.00-rend.xml#dnb-crd_c33860" xlink:label="loc_dnb-crd_c33860" />
    <label:label xlink:type="resource" xlink:label="label_dnb-crd_c33860" xml:lang="en" xlink:role="http://www.eurofiling.info/xbrl/role/rc-code">140</label:label>
    <gen:arc xlink:type="arc" xlink:arcrole="http://xbrl.org/arcrole/2008/element-label" xlink:from="loc_dnb-crd_c33860" xlink:to="label_dnb-crd_c33860" />
    <link:loc xlink:type="locator" xlink:href="c_01.00-rend.xml#dnb-crd_c33861" xlink:label="loc_dnb-crd_c33861" />
    <label:label xlink:type="resource" xlink:label="label_dnb-crd_c33861" xml:lang="en" xlink:role="http://www.eurofiling.info/xbrl/role/rc-code">150</label:label>
    <gen:arc xlink:type="arc" xlink:arcrole="http://xbrl.org/arcrole/2008/element-label" xlink:from="loc_dnb-crd_c33861" xlink:to="label_dnb-crd_c33861" />
    <link:loc xlink:type="locator" xlink:href="c_01.00-rend.xml#dnb-crd_c33862" xlink:label="loc_dnb-crd_c33862" />
    <label:label xlink:type="resource" xlink:label="label_dnb-crd_c33862" xml:lang="en" xlink:role="http://www.eurofiling.info/xbrl/role/rc-code">160</label:label>
    <gen:arc xlink:type="arc" xlink:arcrole="http://xbrl.org/arcrole/2008/element-label" xlink:from="loc_dnb-crd_c33862" xlink:to="label_dnb-crd_c33862" />
    <link:loc xlink:type="locator" xlink:href="c_01.00-rend.xml#dnb-crd_c33863" xlink:label="loc_dnb-crd_c33863" />
    <label:label xlink:type="resource" xlink:label="label_dnb-crd_c33863" xml:lang="en" xlink:role="http://www.eurofiling.info/xbrl/role/rc-code">170</label:label>
    <gen:arc xlink:type="arc" xlink:arcrole="http://xbrl.org/arcrole/2008/element-label" xlink:from="loc_dnb-crd_c33863" xlink:to="label_dnb-crd_c33863" />
    <link:loc xlink:type="locator" xlink:href="c_01.00-rend.xml#dnb-crd_c33864" xlink:label="loc_dnb-crd_c33864" />
    <label:label xlink:type="resource" xlink:label="label_dnb-crd_c33864" xml:lang="en" xlink:role="http://www.eurofiling.info/xbrl/role/rc-code">180</label:label>
    <gen:arc xlink:type="arc" xlink:arcrole="http://xbrl.org/arcrole/2008/element-label" xlink:from="loc_dnb-crd_c33864" xlink:to="label_dnb-crd_c33864" />
    <link:loc xlink:type="locator" xlink:href="c_01.00-rend.xml#dnb-crd_c33865" xlink:label="loc_dnb-crd_c33865" />
    <label:label xlink:type="resource" xlink:label="label_dnb-crd_c33865" xml:lang="en" xlink:role="http://www.eurofiling.info/xbrl/role/rc-code">200</label:label>
    <gen:arc xlink:type="arc" xlink:arcrole="http://xbrl.org/arcrole/2008/element-label" xlink:from="loc_dnb-crd_c33865" xlink:to="label_dnb-crd_c33865" />
    <link:loc xlink:type="locator" xlink:href="c_01.00-rend.xml#dnb-crd_c33866" xlink:label="loc_dnb-crd_c33866" />
    <label:label xlink:type="resource" xlink:label="label_dnb-crd_c33866" xml:lang="en" xlink:role="http://www.eurofiling.info/xbrl/role/rc-code">210</label:label>
    <gen:arc xlink:type="arc" xlink:arcrole="http://xbrl.org/arcrole/2008/element-label" xlink:from="loc_dnb-crd_c33866" xlink:to="label_dnb-crd_c33866" />
    <link:loc xlink:type="locator" xlink:href="c_01.00-rend.xml#dnb-crd_c33867" xlink:label="loc_dnb-crd_c33867" />
    <label:label xlink:type="resource" xlink:label="label_dnb-crd_c33867" xml:lang="en" xlink:role="http://www.eurofiling.info/xbrl/role/rc-code">220</label:label>
    <gen:arc xlink:type="arc" xlink:arcrole="http://xbrl.org/arcrole/2008/element-label" xlink:from="loc_dnb-crd_c33867" xlink:to="label_dnb-crd_c33867" />
    <link:loc xlink:type="locator" xlink:href="c_01.00-rend.xml#dnb-crd_c33868" xlink:label="loc_dnb-crd_c33868" />
    <label:label xlink:type="resource" xlink:label="label_dnb-crd_c33868" xml:lang="en" xlink:role="http://www.eurofiling.info/xbrl/role/rc-code">230</label:label>
    <gen:arc xlink:type="arc" xlink:arcrole="http://xbrl.org/arcrole/2008/element-label" xlink:from="loc_dnb-crd_c33868" xlink:to="label_dnb-crd_c33868" />
    <link:loc xlink:type="locator" xlink:href="c_01.00-rend.xml#dnb-crd_c33869" xlink:label="loc_dnb-crd_c33869" />
    <label:label xlink:type="resource" xlink:label="label_dnb-crd_c33869" xml:lang="en" xlink:role="http://www.eurofiling.info/xbrl/role/rc-code">240</label:label>
    <gen:arc xlink:type="arc" xlink:arcrole="http://xbrl.org/arcrole/2008/element-label" xlink:from="loc_dnb-crd_c33869" xlink:to="label_dnb-crd_c33869" />
    <link:loc xlink:type="locator" xlink:href="c_01.00-rend.xml#dnb-crd_c33870" xlink:label="loc_dnb-crd_c33870" />
    <label:label xlink:type="resource" xlink:label="label_dnb-crd_c33870" xml:lang="en" xlink:role="http://www.eurofiling.info/xbrl/role/rc-code">250</label:label>
    <gen:arc xlink:type="arc" xlink:arcrole="http://xbrl.org/arcrole/2008/element-label" xlink:from="loc_dnb-crd_c33870" xlink:to="label_dnb-crd_c33870" />
    <link:loc xlink:type="locator" xlink:href="c_01.00-rend.xml#dnb-crd_c33871" xlink:label="loc_dnb-crd_c33871" />
    <label:label xlink:type="resource" xlink:label="label_dnb-crd_c33871" xml:lang="en" xlink:role="http://www.eurofiling.info/xbrl/role/rc-code">260</label:label>
    <gen:arc xlink:type="arc" xlink:arcrole="http://xbrl.org/arcrole/2008/element-label" xlink:from="loc_dnb-crd_c33871" xlink:to="label_dnb-crd_c33871" />
    <link:loc xlink:type="locator" xlink:href="c_01.00-rend.xml#dnb-crd_c33872" xlink:label="loc_dnb-crd_c33872" />
    <label:label xlink:type="resource" xlink:label="label_dnb-crd_c33872" xml:lang="en" xlink:role="http://www.eurofiling.info/xbrl/role/rc-code">270</label:label>
    <gen:arc xlink:type="arc" xlink:arcrole="http://xbrl.org/arcrole/2008/element-label" xlink:from="loc_dnb-crd_c33872" xlink:to="label_dnb-crd_c33872" />
    <link:loc xlink:type="locator" xlink:href="c_01.00-rend.xml#dnb-crd_c33873" xlink:label="loc_dnb-crd_c33873" />
    <label:label xlink:type="resource" xlink:label="label_dnb-crd_c33873" xml:lang="en" xlink:role="http://www.eurofiling.info/xbrl/role/rc-code">280</label:label>
    <gen:arc xlink:type="arc" xlink:arcrole="http://xbrl.org/arcrole/2008/element-label" xlink:from="loc_dnb-crd_c33873" xlink:to="label_dnb-crd_c33873" />
    <link:loc xlink:type="locator" xlink:href="c_01.00-rend.xml#dnb-crd_c33874" xlink:label="loc_dnb-crd_c33874" />
    <label:label xlink:type="resource" xlink:label="label_dnb-crd_c33874" xml:lang="en" xlink:role="http://www.eurofiling.info/xbrl/role/rc-code">285</label:label>
    <gen:arc xlink:type="arc" xlink:arcrole="http://xbrl.org/arcrole/2008/element-label" xlink:from="loc_dnb-crd_c33874" xlink:to="label_dnb-crd_c33874" />
    <link:loc xlink:type="locator" xlink:href="c_01.00-rend.xml#dnb-crd_c33875" xlink:label="loc_dnb-crd_c33875" />
    <label:label xlink:type="resource" xlink:label="label_dnb-crd_c33875" xml:lang="en" xlink:role="http://www.eurofiling.info/xbrl/role/rc-code">290</label:label>
    <gen:arc xlink:type="arc" xlink:arcrole="http://xbrl.org/arcrole/2008/element-label" xlink:from="loc_dnb-crd_c33875" xlink:to="label_dnb-crd_c33875" />
    <link:loc xlink:type="locator" xlink:href="c_01.00-rend.xml#dnb-crd_c33876" xlink:label="loc_dnb-crd_c33876" />
    <label:label xlink:type="resource" xlink:label="label_dnb-crd_c33876" xml:lang="en" xlink:role="http://www.eurofiling.info/xbrl/role/rc-code">300</label:label>
    <gen:arc xlink:type="arc" xlink:arcrole="http://xbrl.org/arcrole/2008/element-label" xlink:from="loc_dnb-crd_c33876" xlink:to="label_dnb-crd_c33876" />
    <link:loc xlink:type="locator" xlink:href="c_01.00-rend.xml#dnb-crd_c33877" xlink:label="loc_dnb-crd_c33877" />
    <label:label xlink:type="resource" xlink:label="label_dnb-crd_c33877" xml:lang="en" xlink:role="http://www.eurofiling.info/xbrl/role/rc-code">310</label:label>
    <gen:arc xlink:type="arc" xlink:arcrole="http://xbrl.org/arcrole/2008/element-label" xlink:from="loc_dnb-crd_c33877" xlink:to="label_dnb-crd_c33877" />
    <link:loc xlink:type="locator" xlink:href="c_01.00-rend.xml#dnb-crd_c33878" xlink:label="loc_dnb-crd_c33878" />
    <label:label xlink:type="resource" xlink:label="label_dnb-crd_c33878" xml:lang="en" xlink:role="http://www.eurofiling.info/xbrl/role/rc-code">320</label:label>
    <gen:arc xlink:type="arc" xlink:arcrole="http://xbrl.org/arcrole/2008/element-label" xlink:from="loc_dnb-crd_c33878" xlink:to="label_dnb-crd_c33878" />
    <link:loc xlink:type="locator" xlink:href="c_01.00-rend.xml#dnb-crd_c33879" xlink:label="loc_dnb-crd_c33879" />
    <label:label xlink:type="resource" xlink:label="label_dnb-crd_c33879" xml:lang="en" xlink:role="http://www.eurofiling.info/xbrl/role/rc-code">330</label:label>
    <gen:arc xlink:type="arc" xlink:arcrole="http://xbrl.org/arcrole/2008/element-label" xlink:from="loc_dnb-crd_c33879" xlink:to="label_dnb-crd_c33879" />
    <link:loc xlink:type="locator" xlink:href="c_01.00-rend.xml#dnb-crd_c33880" xlink:label="loc_dnb-crd_c33880" />
    <label:label xlink:type="resource" xlink:label="label_dnb-crd_c33880" xml:lang="en" xlink:role="http://www.eurofiling.info/xbrl/role/rc-code">340</label:label>
    <gen:arc xlink:type="arc" xlink:arcrole="http://xbrl.org/arcrole/2008/element-label" xlink:from="loc_dnb-crd_c33880" xlink:to="label_dnb-crd_c33880" />
    <link:loc xlink:type="locator" xlink:href="c_01.00-rend.xml#dnb-crd_c33881" xlink:label="loc_dnb-crd_c33881" />
    <label:label xlink:type="resource" xlink:label="label_dnb-crd_c33881" xml:lang="en" xlink:role="http://www.eurofiling.info/xbrl/role/rc-code">350</label:label>
    <gen:arc xlink:type="arc" xlink:arcrole="http://xbrl.org/arcrole/2008/element-label" xlink:from="loc_dnb-crd_c33881" xlink:to="label_dnb-crd_c33881" />
    <link:loc xlink:type="locator" xlink:href="c_01.00-rend.xml#dnb-crd_c33882" xlink:label="loc_dnb-crd_c33882" />
    <label:label xlink:type="resource" xlink:label="label_dnb-crd_c33882" xml:lang="en" xlink:role="http://www.eurofiling.info/xbrl/role/rc-code">360</label:label>
    <gen:arc xlink:type="arc" xlink:arcrole="http://xbrl.org/arcrole/2008/element-label" xlink:from="loc_dnb-crd_c33882" xlink:to="label_dnb-crd_c33882" />
    <link:loc xlink:type="locator" xlink:href="c_01.00-rend.xml#dnb-crd_c33883" xlink:label="loc_dnb-crd_c33883" />
    <label:label xlink:type="resource" xlink:label="label_dnb-crd_c33883" xml:lang="en" xlink:role="http://www.eurofiling.info/xbrl/role/rc-code">370</label:label>
    <gen:arc xlink:type="arc" xlink:arcrole="http://xbrl.org/arcrole/2008/element-label" xlink:from="loc_dnb-crd_c33883" xlink:to="label_dnb-crd_c33883" />
    <link:loc xlink:type="locator" xlink:href="c_01.00-rend.xml#dnb-crd_c33884" xlink:label="loc_dnb-crd_c33884" />
    <label:label xlink:type="resource" xlink:label="label_dnb-crd_c33884" xml:lang="en" xlink:role="http://www.eurofiling.info/xbrl/role/rc-code">380</label:label>
    <gen:arc xlink:type="arc" xlink:arcrole="http://xbrl.org/arcrole/2008/element-label" xlink:from="loc_dnb-crd_c33884" xlink:to="label_dnb-crd_c33884" />
    <link:loc xlink:type="locator" xlink:href="c_01.00-rend.xml#dnb-crd_c33885" xlink:label="loc_dnb-crd_c33885" />
    <label:label xlink:type="resource" xlink:label="label_dnb-crd_c33885" xml:lang="en" xlink:role="http://www.eurofiling.info/xbrl/role/rc-code">390</label:label>
    <gen:arc xlink:type="arc" xlink:arcrole="http://xbrl.org/arcrole/2008/element-label" xlink:from="loc_dnb-crd_c33885" xlink:to="label_dnb-crd_c33885" />
    <link:loc xlink:type="locator" xlink:href="c_01.00-rend.xml#dnb-crd_c33886" xlink:label="loc_dnb-crd_c33886" />
    <label:label xlink:type="resource" xlink:label="label_dnb-crd_c33886" xml:lang="en" xlink:role="http://www.eurofiling.info/xbrl/role/rc-code">400</label:label>
    <gen:arc xlink:type="arc" xlink:arcrole="http://xbrl.org/arcrole/2008/element-label" xlink:from="loc_dnb-crd_c33886" xlink:to="label_dnb-crd_c33886" />
    <link:loc xlink:type="locator" xlink:href="c_01.00-rend.xml#dnb-crd_c33887" xlink:label="loc_dnb-crd_c33887" />
    <label:label xlink:type="resource" xlink:label="label_dnb-crd_c33887" xml:lang="en" xlink:role="http://www.eurofiling.info/xbrl/role/rc-code">410</label:label>
    <gen:arc xlink:type="arc" xlink:arcrole="http://xbrl.org/arcrole/2008/element-label" xlink:from="loc_dnb-crd_c33887" xlink:to="label_dnb-crd_c33887" />
    <link:loc xlink:type="locator" xlink:href="c_01.00-rend.xml#dnb-crd_c33888" xlink:label="loc_dnb-crd_c33888" />
    <label:label xlink:type="resource" xlink:label="label_dnb-crd_c33888" xml:lang="en" xlink:role="http://www.eurofiling.info/xbrl/role/rc-code">420</label:label>
    <gen:arc xlink:type="arc" xlink:arcrole="http://xbrl.org/arcrole/2008/element-label" xlink:from="loc_dnb-crd_c33888" xlink:to="label_dnb-crd_c33888" />
    <link:loc xlink:type="locator" xlink:href="c_01.00-rend.xml#dnb-crd_c33889" xlink:label="loc_dnb-crd_c33889" />
    <label:label xlink:type="resource" xlink:label="label_dnb-crd_c33889" xml:lang="en" xlink:role="http://www.eurofiling.info/xbrl/role/rc-code">430</label:label>
    <gen:arc xlink:type="arc" xlink:arcrole="http://xbrl.org/arcrole/2008/element-label" xlink:from="loc_dnb-crd_c33889" xlink:to="label_dnb-crd_c33889" />
    <link:loc xlink:type="locator" xlink:href="c_01.00-rend.xml#dnb-crd_c33890" xlink:label="loc_dnb-crd_c33890" />
    <label:label xlink:type="resource" xlink:label="label_dnb-crd_c33890" xml:lang="en" xlink:role="http://www.eurofiling.info/xbrl/role/rc-code">440</label:label>
    <gen:arc xlink:type="arc" xlink:arcrole="http://xbrl.org/arcrole/2008/element-label" xlink:from="loc_dnb-crd_c33890" xlink:to="label_dnb-crd_c33890" />
    <link:loc xlink:type="locator" xlink:href="c_01.00-rend.xml#dnb-crd_c33891" xlink:label="loc_dnb-crd_c33891" />
    <label:label xlink:type="resource" xlink:label="label_dnb-crd_c33891" xml:lang="en" xlink:role="http://www.eurofiling.info/xbrl/role/rc-code">450</label:label>
    <gen:arc xlink:type="arc" xlink:arcrole="http://xbrl.org/arcrole/2008/element-label" xlink:from="loc_dnb-crd_c33891" xlink:to="label_dnb-crd_c33891" />
    <link:loc xlink:type="locator" xlink:href="c_01.00-rend.xml#dnb-crd_c33892" xlink:label="loc_dnb-crd_c33892" />
    <label:label xlink:type="resource" xlink:label="label_dnb-crd_c33892" xml:lang="en" xlink:role="http://www.eurofiling.info/xbrl/role/rc-code">460</label:label>
    <gen:arc xlink:type="arc" xlink:arcrole="http://xbrl.org/arcrole/2008/element-label" xlink:from="loc_dnb-crd_c33892" xlink:to="label_dnb-crd_c33892" />
    <link:loc xlink:type="locator" xlink:href="c_01.00-rend.xml#dnb-crd_c33893" xlink:label="loc_dnb-crd_c33893" />
    <label:label xlink:type="resource" xlink:label="label_dnb-crd_c33893" xml:lang="en" xlink:role="http://www.eurofiling.info/xbrl/role/rc-code">470</label:label>
    <gen:arc xlink:type="arc" xlink:arcrole="http://xbrl.org/arcrole/2008/element-label" xlink:from="loc_dnb-crd_c33893" xlink:to="label_dnb-crd_c33893" />
    <link:loc xlink:type="locator" xlink:href="c_01.00-rend.xml#dnb-crd_c33894" xlink:label="loc_dnb-crd_c33894" />
    <label:label xlink:type="resource" xlink:label="label_dnb-crd_c33894" xml:lang="en" xlink:role="http://www.eurofiling.info/xbrl/role/rc-code">471</label:label>
    <gen:arc xlink:type="arc" xlink:arcrole="http://xbrl.org/arcrole/2008/element-label" xlink:from="loc_dnb-crd_c33894" xlink:to="label_dnb-crd_c33894" />
    <link:loc xlink:type="locator" xlink:href="c_01.00-rend.xml#dnb-crd_c33895" xlink:label="loc_dnb-crd_c33895" />
    <label:label xlink:type="resource" xlink:label="label_dnb-crd_c33895" xml:lang="en" xlink:role="http://www.eurofiling.info/xbrl/role/rc-code">472</label:label>
    <gen:arc xlink:type="arc" xlink:arcrole="http://xbrl.org/arcrole/2008/element-label" xlink:from="loc_dnb-crd_c33895" xlink:to="label_dnb-crd_c33895" />
    <link:loc xlink:type="locator" xlink:href="c_01.00-rend.xml#dnb-crd_c33896" xlink:label="loc_dnb-crd_c33896" />
    <label:label xlink:type="resource" xlink:label="label_dnb-crd_c33896" xml:lang="en" xlink:role="http://www.eurofiling.info/xbrl/role/rc-code">480</label:label>
    <gen:arc xlink:type="arc" xlink:arcrole="http://xbrl.org/arcrole/2008/element-label" xlink:from="loc_dnb-crd_c33896" xlink:to="label_dnb-crd_c33896" />
    <link:loc xlink:type="locator" xlink:href="c_01.00-rend.xml#dnb-crd_c33897" xlink:label="loc_dnb-crd_c33897" />
    <label:label xlink:type="resource" xlink:label="label_dnb-crd_c33897" xml:lang="en" xlink:role="http://www.eurofiling.info/xbrl/role/rc-code">490</label:label>
    <gen:arc xlink:type="arc" xlink:arcrole="http://xbrl.org/arcrole/2008/element-label" xlink:from="loc_dnb-crd_c33897" xlink:to="label_dnb-crd_c33897" />
    <link:loc xlink:type="locator" xlink:href="c_01.00-rend.xml#dnb-crd_c33898" xlink:label="loc_dnb-crd_c33898" />
    <label:label xlink:type="resource" xlink:label="label_dnb-crd_c33898" xml:lang="en" xlink:role="http://www.eurofiling.info/xbrl/role/rc-code">500</label:label>
    <gen:arc xlink:type="arc" xlink:arcrole="http://xbrl.org/arcrole/2008/element-label" xlink:from="loc_dnb-crd_c33898" xlink:to="label_dnb-crd_c33898" />
    <link:loc xlink:type="locator" xlink:href="c_01.00-rend.xml#dnb-crd_c33899" xlink:label="loc_dnb-crd_c33899" />
    <label:label xlink:type="resource" xlink:label="label_dnb-crd_c33899" xml:lang="en" xlink:role="http://www.eurofiling.info/xbrl/role/rc-code">510</label:label>
    <gen:arc xlink:type="arc" xlink:arcrole="http://xbrl.org/arcrole/2008/element-label" xlink:from="loc_dnb-crd_c33899" xlink:to="label_dnb-crd_c33899" />
    <link:loc xlink:type="locator" xlink:href="c_01.00-rend.xml#dnb-crd_c33900" xlink:label="loc_dnb-crd_c33900" />
    <label:label xlink:type="resource" xlink:label="label_dnb-crd_c33900" xml:lang="en" xlink:role="http://www.eurofiling.info/xbrl/role/rc-code">520</label:label>
    <gen:arc xlink:type="arc" xlink:arcrole="http://xbrl.org/arcrole/2008/element-label" xlink:from="loc_dnb-crd_c33900" xlink:to="label_dnb-crd_c33900" />
    <link:loc xlink:type="locator" xlink:href="c_01.00-rend.xml#dnb-crd_c33901" xlink:label="loc_dnb-crd_c33901" />
    <label:label xlink:type="resource" xlink:label="label_dnb-crd_c33901" xml:lang="en" xlink:role="http://www.eurofiling.info/xbrl/role/rc-code">524</label:label>
    <gen:arc xlink:type="arc" xlink:arcrole="http://xbrl.org/arcrole/2008/element-label" xlink:from="loc_dnb-crd_c33901" xlink:to="label_dnb-crd_c33901" />
    <link:loc xlink:type="locator" xlink:href="c_01.00-rend.xml#dnb-crd_c33902" xlink:label="loc_dnb-crd_c33902" />
    <label:label xlink:type="resource" xlink:label="label_dnb-crd_c33902" xml:lang="en" xlink:role="http://www.eurofiling.info/xbrl/role/rc-code">529</label:label>
    <gen:arc xlink:type="arc" xlink:arcrole="http://xbrl.org/arcrole/2008/element-label" xlink:from="loc_dnb-crd_c33902" xlink:to="label_dnb-crd_c33902" />
    <link:loc xlink:type="locator" xlink:href="c_01.00-rend.xml#dnb-crd_c33903" xlink:label="loc_dnb-crd_c33903" />
    <label:label xlink:type="resource" xlink:label="label_dnb-crd_c33903" xml:lang="en" xlink:role="http://www.eurofiling.info/xbrl/role/rc-code">530</label:label>
    <gen:arc xlink:type="arc" xlink:arcrole="http://xbrl.org/arcrole/2008/element-label" xlink:from="loc_dnb-crd_c33903" xlink:to="label_dnb-crd_c33903" />
    <link:loc xlink:type="locator" xlink:href="c_01.00-rend.xml#dnb-crd_c33904" xlink:label="loc_dnb-crd_c33904" />
    <label:label xlink:type="resource" xlink:label="label_dnb-crd_c33904" xml:lang="en" xlink:role="http://www.eurofiling.info/xbrl/role/rc-code">540</label:label>
    <gen:arc xlink:type="arc" xlink:arcrole="http://xbrl.org/arcrole/2008/element-label" xlink:from="loc_dnb-crd_c33904" xlink:to="label_dnb-crd_c33904" />
    <link:loc xlink:type="locator" xlink:href="c_01.00-rend.xml#dnb-crd_c33905" xlink:label="loc_dnb-crd_c33905" />
    <label:label xlink:type="resource" xlink:label="label_dnb-crd_c33905" xml:lang="en" xlink:role="http://www.eurofiling.info/xbrl/role/rc-code">550</label:label>
    <gen:arc xlink:type="arc" xlink:arcrole="http://xbrl.org/arcrole/2008/element-label" xlink:from="loc_dnb-crd_c33905" xlink:to="label_dnb-crd_c33905" />
    <link:loc xlink:type="locator" xlink:href="c_01.00-rend.xml#dnb-crd_c33906" xlink:label="loc_dnb-crd_c33906" />
    <label:label xlink:type="resource" xlink:label="label_dnb-crd_c33906" xml:lang="en" xlink:role="http://www.eurofiling.info/xbrl/role/rc-code">560</label:label>
    <gen:arc xlink:type="arc" xlink:arcrole="http://xbrl.org/arcrole/2008/element-label" xlink:from="loc_dnb-crd_c33906" xlink:to="label_dnb-crd_c33906" />
    <link:loc xlink:type="locator" xlink:href="c_01.00-rend.xml#dnb-crd_c33907" xlink:label="loc_dnb-crd_c33907" />
    <label:label xlink:type="resource" xlink:label="label_dnb-crd_c33907" xml:lang="en" xlink:role="http://www.eurofiling.info/xbrl/role/rc-code">570</label:label>
    <gen:arc xlink:type="arc" xlink:arcrole="http://xbrl.org/arcrole/2008/element-label" xlink:from="loc_dnb-crd_c33907" xlink:to="label_dnb-crd_c33907" />
    <link:loc xlink:type="locator" xlink:href="c_01.00-rend.xml#dnb-crd_c33908" xlink:label="loc_dnb-crd_c33908" />
    <label:label xlink:type="resource" xlink:label="label_dnb-crd_c33908" xml:lang="en" xlink:role="http://www.eurofiling.info/xbrl/role/rc-code">580</label:label>
    <gen:arc xlink:type="arc" xlink:arcrole="http://xbrl.org/arcrole/2008/element-label" xlink:from="loc_dnb-crd_c33908" xlink:to="label_dnb-crd_c33908" />
    <link:loc xlink:type="locator" xlink:href="c_01.00-rend.xml#dnb-crd_c33909" xlink:label="loc_dnb-crd_c33909" />
    <label:label xlink:type="resource" xlink:label="label_dnb-crd_c33909" xml:lang="en" xlink:role="http://www.eurofiling.info/xbrl/role/rc-code">590</label:label>
    <gen:arc xlink:type="arc" xlink:arcrole="http://xbrl.org/arcrole/2008/element-label" xlink:from="loc_dnb-crd_c33909" xlink:to="label_dnb-crd_c33909" />
    <link:loc xlink:type="locator" xlink:href="c_01.00-rend.xml#dnb-crd_c33910" xlink:label="loc_dnb-crd_c33910" />
    <label:label xlink:type="resource" xlink:label="label_dnb-crd_c33910" xml:lang="en" xlink:role="http://www.eurofiling.info/xbrl/role/rc-code">620</label:label>
    <gen:arc xlink:type="arc" xlink:arcrole="http://xbrl.org/arcrole/2008/element-label" xlink:from="loc_dnb-crd_c33910" xlink:to="label_dnb-crd_c33910" />
    <link:loc xlink:type="locator" xlink:href="c_01.00-rend.xml#dnb-crd_c33911" xlink:label="loc_dnb-crd_c33911" />
    <label:label xlink:type="resource" xlink:label="label_dnb-crd_c33911" xml:lang="en" xlink:role="http://www.eurofiling.info/xbrl/role/rc-code">621</label:label>
    <gen:arc xlink:type="arc" xlink:arcrole="http://xbrl.org/arcrole/2008/element-label" xlink:from="loc_dnb-crd_c33911" xlink:to="label_dnb-crd_c33911" />
    <link:loc xlink:type="locator" xlink:href="c_01.00-rend.xml#dnb-crd_c33912" xlink:label="loc_dnb-crd_c33912" />
    <label:label xlink:type="resource" xlink:label="label_dnb-crd_c33912" xml:lang="en" xlink:role="http://www.eurofiling.info/xbrl/role/rc-code">622</label:label>
    <gen:arc xlink:type="arc" xlink:arcrole="http://xbrl.org/arcrole/2008/element-label" xlink:from="loc_dnb-crd_c33912" xlink:to="label_dnb-crd_c33912" />
    <link:loc xlink:type="locator" xlink:href="c_01.00-rend.xml#dnb-crd_c33913" xlink:label="loc_dnb-crd_c33913" />
    <label:label xlink:type="resource" xlink:label="label_dnb-crd_c33913" xml:lang="en" xlink:role="http://www.eurofiling.info/xbrl/role/rc-code">660</label:label>
    <gen:arc xlink:type="arc" xlink:arcrole="http://xbrl.org/arcrole/2008/element-label" xlink:from="loc_dnb-crd_c33913" xlink:to="label_dnb-crd_c33913" />
    <link:loc xlink:type="locator" xlink:href="c_01.00-rend.xml#dnb-crd_c33914" xlink:label="loc_dnb-crd_c33914" />
    <label:label xlink:type="resource" xlink:label="label_dnb-crd_c33914" xml:lang="en" xlink:role="http://www.eurofiling.info/xbrl/role/rc-code">670</label:label>
    <gen:arc xlink:type="arc" xlink:arcrole="http://xbrl.org/arcrole/2008/element-label" xlink:from="loc_dnb-crd_c33914" xlink:to="label_dnb-crd_c33914" />
    <link:loc xlink:type="locator" xlink:href="c_01.00-rend.xml#dnb-crd_c33915" xlink:label="loc_dnb-crd_c33915" />
    <label:label xlink:type="resource" xlink:label="label_dnb-crd_c33915" xml:lang="en" xlink:role="http://www.eurofiling.info/xbrl/role/rc-code">680</label:label>
    <gen:arc xlink:type="arc" xlink:arcrole="http://xbrl.org/arcrole/2008/element-label" xlink:from="loc_dnb-crd_c33915" xlink:to="label_dnb-crd_c33915" />
    <link:loc xlink:type="locator" xlink:href="c_01.00-rend.xml#dnb-crd_c33916" xlink:label="loc_dnb-crd_c33916" />
    <label:label xlink:type="resource" xlink:label="label_dnb-crd_c33916" xml:lang="en" xlink:role="http://www.eurofiling.info/xbrl/role/rc-code">690</label:label>
    <gen:arc xlink:type="arc" xlink:arcrole="http://xbrl.org/arcrole/2008/element-label" xlink:from="loc_dnb-crd_c33916" xlink:to="label_dnb-crd_c33916" />
    <link:loc xlink:type="locator" xlink:href="c_01.00-rend.xml#dnb-crd_c33917" xlink:label="loc_dnb-crd_c33917" />
    <label:label xlink:type="resource" xlink:label="label_dnb-crd_c33917" xml:lang="en" xlink:role="http://www.eurofiling.info/xbrl/role/rc-code">700</label:label>
    <gen:arc xlink:type="arc" xlink:arcrole="http://xbrl.org/arcrole/2008/element-label" xlink:from="loc_dnb-crd_c33917" xlink:to="label_dnb-crd_c33917" />
    <link:loc xlink:type="locator" xlink:href="c_01.00-rend.xml#dnb-crd_c33918" xlink:label="loc_dnb-crd_c33918" />
    <label:label xlink:type="resource" xlink:label="label_dnb-crd_c33918" xml:lang="en" xlink:role="http://www.eurofiling.info/xbrl/role/rc-code">710</label:label>
    <gen:arc xlink:type="arc" xlink:arcrole="http://xbrl.org/arcrole/2008/element-label" xlink:from="loc_dnb-crd_c33918" xlink:to="label_dnb-crd_c33918" />
    <link:loc xlink:type="locator" xlink:href="c_01.00-rend.xml#dnb-crd_c33919" xlink:label="loc_dnb-crd_c33919" />
    <label:label xlink:type="resource" xlink:label="label_dnb-crd_c33919" xml:lang="en" xlink:role="http://www.eurofiling.info/xbrl/role/rc-code">720</label:label>
    <gen:arc xlink:type="arc" xlink:arcrole="http://xbrl.org/arcrole/2008/element-label" xlink:from="loc_dnb-crd_c33919" xlink:to="label_dnb-crd_c33919" />
    <link:loc xlink:type="locator" xlink:href="c_01.00-rend.xml#dnb-crd_c33920" xlink:label="loc_dnb-crd_c33920" />
    <label:label xlink:type="resource" xlink:label="label_dnb-crd_c33920" xml:lang="en" xlink:role="http://www.eurofiling.info/xbrl/role/rc-code">730</label:label>
    <gen:arc xlink:type="arc" xlink:arcrole="http://xbrl.org/arcrole/2008/element-label" xlink:from="loc_dnb-crd_c33920" xlink:to="label_dnb-crd_c33920" />
    <link:loc xlink:type="locator" xlink:href="c_01.00-rend.xml#dnb-crd_c33921" xlink:label="loc_dnb-crd_c33921" />
    <label:label xlink:type="resource" xlink:label="label_dnb-crd_c33921" xml:lang="en" xlink:role="http://www.eurofiling.info/xbrl/role/rc-code">740</label:label>
    <gen:arc xlink:type="arc" xlink:arcrole="http://xbrl.org/arcrole/2008/element-label" xlink:from="loc_dnb-crd_c33921" xlink:to="label_dnb-crd_c33921" />
    <link:loc xlink:type="locator" xlink:href="c_01.00-rend.xml#dnb-crd_c33922" xlink:label="loc_dnb-crd_c33922" />
    <label:label xlink:type="resource" xlink:label="label_dnb-crd_c33922" xml:lang="en" xlink:role="http://www.eurofiling.info/xbrl/role/rc-code">744</label:label>
    <gen:arc xlink:type="arc" xlink:arcrole="http://xbrl.org/arcrole/2008/element-label" xlink:from="loc_dnb-crd_c33922" xlink:to="label_dnb-crd_c33922" />
    <link:loc xlink:type="locator" xlink:href="c_01.00-rend.xml#dnb-crd_c33923" xlink:label="loc_dnb-crd_c33923" />
    <label:label xlink:type="resource" xlink:label="label_dnb-crd_c33923" xml:lang="en" xlink:role="http://www.eurofiling.info/xbrl/role/rc-code">748</label:label>
    <gen:arc xlink:type="arc" xlink:arcrole="http://xbrl.org/arcrole/2008/element-label" xlink:from="loc_dnb-crd_c33923" xlink:to="label_dnb-crd_c33923" />
    <link:loc xlink:type="locator" xlink:href="c_01.00-rend.xml#dnb-crd_c33924" xlink:label="loc_dnb-crd_c33924" />
    <label:label xlink:type="resource" xlink:label="label_dnb-crd_c33924" xml:lang="en" xlink:role="http://www.eurofiling.info/xbrl/role/rc-code">750</label:label>
    <gen:arc xlink:type="arc" xlink:arcrole="http://xbrl.org/arcrole/2008/element-label" xlink:from="loc_dnb-crd_c33924" xlink:to="label_dnb-crd_c33924" />
    <link:loc xlink:type="locator" xlink:href="c_01.00-rend.xml#dnb-crd_c33925" xlink:label="loc_dnb-crd_c33925" />
    <label:label xlink:type="resource" xlink:label="label_dnb-crd_c33925" xml:lang="en" xlink:role="http://www.eurofiling.info/xbrl/role/rc-code">760</label:label>
    <gen:arc xlink:type="arc" xlink:arcrole="http://xbrl.org/arcrole/2008/element-label" xlink:from="loc_dnb-crd_c33925" xlink:to="label_dnb-crd_c33925" />
    <link:loc xlink:type="locator" xlink:href="c_01.00-rend.xml#dnb-crd_c33926" xlink:label="loc_dnb-crd_c33926" />
    <label:label xlink:type="resource" xlink:label="label_dnb-crd_c33926" xml:lang="en" xlink:role="http://www.eurofiling.info/xbrl/role/rc-code">770</label:label>
    <gen:arc xlink:type="arc" xlink:arcrole="http://xbrl.org/arcrole/2008/element-label" xlink:from="loc_dnb-crd_c33926" xlink:to="label_dnb-crd_c33926" />
    <link:loc xlink:type="locator" xlink:href="c_01.00-rend.xml#dnb-crd_c33927" xlink:label="loc_dnb-crd_c33927" />
    <label:label xlink:type="resource" xlink:label="label_dnb-crd_c33927" xml:lang="en" xlink:role="http://www.eurofiling.info/xbrl/role/rc-code">780</label:label>
    <gen:arc xlink:type="arc" xlink:arcrole="http://xbrl.org/arcrole/2008/element-label" xlink:from="loc_dnb-crd_c33927" xlink:to="label_dnb-crd_c33927" />
    <link:loc xlink:type="locator" xlink:href="c_01.00-rend.xml#dnb-crd_c33928" xlink:label="loc_dnb-crd_c33928" />
    <label:label xlink:type="resource" xlink:label="label_dnb-crd_c33928" xml:lang="en" xlink:role="http://www.eurofiling.info/xbrl/role/rc-code">790</label:label>
    <gen:arc xlink:type="arc" xlink:arcrole="http://xbrl.org/arcrole/2008/element-label" xlink:from="loc_dnb-crd_c33928" xlink:to="label_dnb-crd_c33928" />
    <link:loc xlink:type="locator" xlink:href="c_01.00-rend.xml#dnb-crd_c33929" xlink:label="loc_dnb-crd_c33929" />
    <label:label xlink:type="resource" xlink:label="label_dnb-crd_c33929" xml:lang="en" xlink:role="http://www.eurofiling.info/xbrl/role/rc-code">800</label:label>
    <gen:arc xlink:type="arc" xlink:arcrole="http://xbrl.org/arcrole/2008/element-label" xlink:from="loc_dnb-crd_c33929" xlink:to="label_dnb-crd_c33929" />
    <link:loc xlink:type="locator" xlink:href="c_01.00-rend.xml#dnb-crd_c33930" xlink:label="loc_dnb-crd_c33930" />
    <label:label xlink:type="resource" xlink:label="label_dnb-crd_c33930" xml:lang="en" xlink:role="http://www.eurofiling.info/xbrl/role/rc-code">810</label:label>
    <gen:arc xlink:type="arc" xlink:arcrole="http://xbrl.org/arcrole/2008/element-label" xlink:from="loc_dnb-crd_c33930" xlink:to="label_dnb-crd_c33930" />
    <link:loc xlink:type="locator" xlink:href="c_01.00-rend.xml#dnb-crd_c33931" xlink:label="loc_dnb-crd_c33931" />
    <label:label xlink:type="resource" xlink:label="label_dnb-crd_c33931" xml:lang="en" xlink:role="http://www.eurofiling.info/xbrl/role/rc-code">840</label:label>
    <gen:arc xlink:type="arc" xlink:arcrole="http://xbrl.org/arcrole/2008/element-label" xlink:from="loc_dnb-crd_c33931" xlink:to="label_dnb-crd_c33931" />
    <link:loc xlink:type="locator" xlink:href="c_01.00-rend.xml#dnb-crd_c33932" xlink:label="loc_dnb-crd_c33932" />
    <label:label xlink:type="resource" xlink:label="label_dnb-crd_c33932" xml:lang="en" xlink:role="http://www.eurofiling.info/xbrl/role/rc-code">841</label:label>
    <gen:arc xlink:type="arc" xlink:arcrole="http://xbrl.org/arcrole/2008/element-label" xlink:from="loc_dnb-crd_c33932" xlink:to="label_dnb-crd_c33932" />
    <link:loc xlink:type="locator" xlink:href="c_01.00-rend.xml#dnb-crd_c33933" xlink:label="loc_dnb-crd_c33933" />
    <label:label xlink:type="resource" xlink:label="label_dnb-crd_c33933" xml:lang="en" xlink:role="http://www.eurofiling.info/xbrl/role/rc-code">842</label:label>
    <gen:arc xlink:type="arc" xlink:arcrole="http://xbrl.org/arcrole/2008/element-label" xlink:from="loc_dnb-crd_c33933" xlink:to="label_dnb-crd_c33933" />
    <link:loc xlink:type="locator" xlink:href="c_01.00-rend.xml#dnb-crd_c33934" xlink:label="loc_dnb-crd_c33934" />
    <label:label xlink:type="resource" xlink:label="label_dnb-crd_c33934" xml:lang="en" xlink:role="http://www.eurofiling.info/xbrl/role/rc-code">880</label:label>
    <gen:arc xlink:type="arc" xlink:arcrole="http://xbrl.org/arcrole/2008/element-label" xlink:from="loc_dnb-crd_c33934" xlink:to="label_dnb-crd_c33934" />
    <link:loc xlink:type="locator" xlink:href="c_01.00-rend.xml#dnb-crd_c33935" xlink:label="loc_dnb-crd_c33935" />
    <label:label xlink:type="resource" xlink:label="label_dnb-crd_c33935" xml:lang="en" xlink:role="http://www.eurofiling.info/xbrl/role/rc-code">890</label:label>
    <gen:arc xlink:type="arc" xlink:arcrole="http://xbrl.org/arcrole/2008/element-label" xlink:from="loc_dnb-crd_c33935" xlink:to="label_dnb-crd_c33935" />
    <link:loc xlink:type="locator" xlink:href="c_01.00-rend.xml#dnb-crd_c33936" xlink:label="loc_dnb-crd_c33936" />
    <label:label xlink:type="resource" xlink:label="label_dnb-crd_c33936" xml:lang="en" xlink:role="http://www.eurofiling.info/xbrl/role/rc-code">900</label:label>
    <gen:arc xlink:type="arc" xlink:arcrole="http://xbrl.org/arcrole/2008/element-label" xlink:from="loc_dnb-crd_c33936" xlink:to="label_dnb-crd_c33936" />
    <link:loc xlink:type="locator" xlink:href="c_01.00-rend.xml#dnb-crd_c33937" xlink:label="loc_dnb-crd_c33937" />
    <label:label xlink:type="resource" xlink:label="label_dnb-crd_c33937" xml:lang="en" xlink:role="http://www.eurofiling.info/xbrl/role/rc-code">910</label:label>
    <gen:arc xlink:type="arc" xlink:arcrole="http://xbrl.org/arcrole/2008/element-label" xlink:from="loc_dnb-crd_c33937" xlink:to="label_dnb-crd_c33937" />
    <link:loc xlink:type="locator" xlink:href="c_01.00-rend.xml#dnb-crd_c33938" xlink:label="loc_dnb-crd_c33938" />
    <label:label xlink:type="resource" xlink:label="label_dnb-crd_c33938" xml:lang="en" xlink:role="http://www.eurofiling.info/xbrl/role/rc-code">920</label:label>
    <gen:arc xlink:type="arc" xlink:arcrole="http://xbrl.org/arcrole/2008/element-label" xlink:from="loc_dnb-crd_c33938" xlink:to="label_dnb-crd_c33938" />
    <link:loc xlink:type="locator" xlink:href="c_01.00-rend.xml#dnb-crd_c33939" xlink:label="loc_dnb-crd_c33939" />
    <label:label xlink:type="resource" xlink:label="label_dnb-crd_c33939" xml:lang="en" xlink:role="http://www.eurofiling.info/xbrl/role/rc-code">930</label:label>
    <gen:arc xlink:type="arc" xlink:arcrole="http://xbrl.org/arcrole/2008/element-label" xlink:from="loc_dnb-crd_c33939" xlink:to="label_dnb-crd_c33939" />
    <link:loc xlink:type="locator" xlink:href="c_01.00-rend.xml#dnb-crd_c33940" xlink:label="loc_dnb-crd_c33940" />
    <label:label xlink:type="resource" xlink:label="label_dnb-crd_c33940" xml:lang="en" xlink:role="http://www.eurofiling.info/xbrl/role/rc-code">940</label:label>
    <gen:arc xlink:type="arc" xlink:arcrole="http://xbrl.org/arcrole/2008/element-label" xlink:from="loc_dnb-crd_c33940" xlink:to="label_dnb-crd_c33940" />
    <link:loc xlink:type="locator" xlink:href="c_01.00-rend.xml#dnb-crd_c33941" xlink:label="loc_dnb-crd_c33941" />
    <label:label xlink:type="resource" xlink:label="label_dnb-crd_c33941" xml:lang="en" xlink:role="http://www.eurofiling.info/xbrl/role/rc-code">950</label:label>
    <gen:arc xlink:type="arc" xlink:arcrole="http://xbrl.org/arcrole/2008/element-label" xlink:from="loc_dnb-crd_c33941" xlink:to="label_dnb-crd_c33941" />
    <link:loc xlink:type="locator" xlink:href="c_01.00-rend.xml#dnb-crd_c33942" xlink:label="loc_dnb-crd_c33942" />
    <label:label xlink:type="resource" xlink:label="label_dnb-crd_c33942" xml:lang="en" xlink:role="http://www.eurofiling.info/xbrl/role/rc-code">960</label:label>
    <gen:arc xlink:type="arc" xlink:arcrole="http://xbrl.org/arcrole/2008/element-label" xlink:from="loc_dnb-crd_c33942" xlink:to="label_dnb-crd_c33942" />
    <link:loc xlink:type="locator" xlink:href="c_01.00-rend.xml#dnb-crd_c33943" xlink:label="loc_dnb-crd_c33943" />
    <label:label xlink:type="resource" xlink:label="label_dnb-crd_c33943" xml:lang="en" xlink:role="http://www.eurofiling.info/xbrl/role/rc-code">970</label:label>
    <gen:arc xlink:type="arc" xlink:arcrole="http://xbrl.org/arcrole/2008/element-label" xlink:from="loc_dnb-crd_c33943" xlink:to="label_dnb-crd_c33943" />
    <link:loc xlink:type="locator" xlink:href="c_01.00-rend.xml#dnb-crd_c33944" xlink:label="loc_dnb-crd_c33944" />
    <label:label xlink:type="resource" xlink:label="label_dnb-crd_c33944" xml:lang="en" xlink:role="http://www.eurofiling.info/xbrl/role/rc-code">974</label:label>
    <gen:arc xlink:type="arc" xlink:arcrole="http://xbrl.org/arcrole/2008/element-label" xlink:from="loc_dnb-crd_c33944" xlink:to="label_dnb-crd_c33944" />
    <link:loc xlink:type="locator" xlink:href="c_01.00-rend.xml#dnb-crd_c33945" xlink:label="loc_dnb-crd_c33945" />
    <label:label xlink:type="resource" xlink:label="label_dnb-crd_c33945" xml:lang="en" xlink:role="http://www.eurofiling.info/xbrl/role/rc-code">978</label:label>
    <gen:arc xlink:type="arc" xlink:arcrole="http://xbrl.org/arcrole/2008/element-label" xlink:from="loc_dnb-crd_c33945" xlink:to="label_dnb-crd_c33945" />
    <label:label xlink:type="resource" xlink:label="label_dnb-crd_tC_01.00_1" xml:lang="en" xlink:role="http://www.eurofiling.info/xbrl/role/filing-indicator-code">C_01.00</label:label>
    <gen:arc xlink:type="arc" xlink:arcrole="http://xbrl.org/arcrole/2008/element-label" xlink:from="loc_dnb-crd_tC_01.00" xlink:to="label_dnb-crd_tC_01.00_1" />
  </gen:link>
</link:linkbase>