﻿<?xml version="1.0" encoding="utf-8"?>
<!--© DNB-->
<link:linkbase xmlns:xsi="http://www.w3.org/2001/XMLSchema-instance" xmlns:xlink="http://www.w3.org/1999/xlink" xmlns:link="http://www.xbrl.org/2003/linkbase" xmlns:gen="http://xbrl.org/2008/generic" xmlns:label="http://xbrl.org/2008/label" xsi:schemaLocation="http://www.xbrl.org/2003/linkbase http://www.xbrl.org/2003/xbrl-linkbase-2003-12-31.xsd http://xbrl.org/2008/generic http://www.xbrl.org/2008/generic-link.xsd http://xbrl.org/2008/label http://www.xbrl.org/2008/generic-label.xsd">
  <link:arcroleRef arcroleURI="http://xbrl.org/arcrole/2008/element-label" xlink:type="simple" xlink:href="http://www.xbrl.org/2008/generic-label.xsd#element-label" />
  <link:roleRef roleURI="http://www.xbrl.org/2008/role/label" xlink:type="simple" xlink:href="http://www.xbrl.org/2008/generic-label.xsd#standard-label" />
  <link:roleRef roleURI="http://www.xbrl.org/2008/role/verboseLabel" xlink:type="simple" xlink:href="http://www.xbrl.org/2008/generic-label.xsd#verbose-label" />
  <gen:link xlink:type="extended" xlink:role="http://www.xbrl.org/2003/role/link">
    <link:loc xlink:type="locator" xlink:href="c_01.00-rend.xml#dnb-crd_tC_01.00" xlink:label="loc_dnb-crd_tC_01.00" />
    <label:label xlink:type="resource" xlink:label="label_dnb-crd_tC_01.00" xml:lang="nl" xlink:role="http://www.xbrl.org/2008/role/label">C 01.00 (CA 1)</label:label>
    <gen:arc xlink:type="arc" xlink:arcrole="http://xbrl.org/arcrole/2008/element-label" xlink:from="loc_dnb-crd_tC_01.00" xlink:to="label_dnb-crd_tC_01.00" />
    <label:label xlink:type="resource" xlink:label="label_dnb-crd_tC_01.00_1" xml:lang="nl" xlink:role="http://www.xbrl.org/2008/role/verboseLabel">C 01.00 (CA 1) Kapitaaltoereikendheid - Definitie eigen vermogen</label:label>
    <gen:arc xlink:type="arc" xlink:arcrole="http://xbrl.org/arcrole/2008/element-label" xlink:from="loc_dnb-crd_tC_01.00" xlink:to="label_dnb-crd_tC_01.00_1" />
    <link:loc xlink:type="locator" xlink:href="c_01.00-rend.xml#dnb-crd_a1" xlink:label="loc_dnb-crd_a1" />
    <label:label xlink:type="resource" xlink:label="label_dnb-crd_a1" xml:lang="nl" xlink:role="http://www.xbrl.org/2008/role/label">Kolommen</label:label>
    <gen:arc xlink:type="arc" xlink:arcrole="http://xbrl.org/arcrole/2008/element-label" xlink:from="loc_dnb-crd_a1" xlink:to="label_dnb-crd_a1" />
    <link:loc xlink:type="locator" xlink:href="c_01.00-rend.xml#dnb-crd_c33845" xlink:label="loc_dnb-crd_c33845" />
    <label:label xlink:type="resource" xlink:label="label_dnb-crd_c33845" xml:lang="nl" xlink:role="http://www.xbrl.org/2008/role/label">Bedrag</label:label>
    <gen:arc xlink:type="arc" xlink:arcrole="http://xbrl.org/arcrole/2008/element-label" xlink:from="loc_dnb-crd_c33845" xlink:to="label_dnb-crd_c33845" />
    <link:loc xlink:type="locator" xlink:href="c_01.00-rend.xml#dnb-crd_a2" xlink:label="loc_dnb-crd_a2" />
    <label:label xlink:type="resource" xlink:label="label_dnb-crd_a2" xml:lang="nl" xlink:role="http://www.xbrl.org/2008/role/label">Rijen</label:label>
    <gen:arc xlink:type="arc" xlink:arcrole="http://xbrl.org/arcrole/2008/element-label" xlink:from="loc_dnb-crd_a2" xlink:to="label_dnb-crd_a2" />
    <link:loc xlink:type="locator" xlink:href="c_01.00-rend.xml#dnb-crd_c33846" xlink:label="loc_dnb-crd_c33846" />
    <label:label xlink:type="resource" xlink:label="label_dnb-crd_c33846" xml:lang="nl" xlink:role="http://www.xbrl.org/2008/role/label">TOETSINGSVERMOGEN</label:label>
    <gen:arc xlink:type="arc" xlink:arcrole="http://xbrl.org/arcrole/2008/element-label" xlink:from="loc_dnb-crd_c33846" xlink:to="label_dnb-crd_c33846" />
    <link:loc xlink:type="locator" xlink:href="c_01.00-rend.xml#dnb-crd_c33847" xlink:label="loc_dnb-crd_c33847" />
    <label:label xlink:type="resource" xlink:label="label_dnb-crd_c33847" xml:lang="nl" xlink:role="http://www.xbrl.org/2008/role/label">TIER 1-KAPITAAL</label:label>
    <gen:arc xlink:type="arc" xlink:arcrole="http://xbrl.org/arcrole/2008/element-label" xlink:from="loc_dnb-crd_c33847" xlink:to="label_dnb-crd_c33847" />
    <link:loc xlink:type="locator" xlink:href="c_01.00-rend.xml#dnb-crd_c33848" xlink:label="loc_dnb-crd_c33848" />
    <label:label xlink:type="resource" xlink:label="label_dnb-crd_c33848" xml:lang="nl" xlink:role="http://www.xbrl.org/2008/role/label">TIER 1-KERNKAPITAAL</label:label>
    <gen:arc xlink:type="arc" xlink:arcrole="http://xbrl.org/arcrole/2008/element-label" xlink:from="loc_dnb-crd_c33848" xlink:to="label_dnb-crd_c33848" />
    <link:loc xlink:type="locator" xlink:href="c_01.00-rend.xml#dnb-crd_c33849" xlink:label="loc_dnb-crd_c33849" />
    <label:label xlink:type="resource" xlink:label="label_dnb-crd_c33849" xml:lang="nl" xlink:role="http://www.xbrl.org/2008/role/label">Tier 1-kernkapitaalbestanddelen</label:label>
    <gen:arc xlink:type="arc" xlink:arcrole="http://xbrl.org/arcrole/2008/element-label" xlink:from="loc_dnb-crd_c33849" xlink:to="label_dnb-crd_c33849" />
    <link:loc xlink:type="locator" xlink:href="c_01.00-rend.xml#dnb-crd_c33850" xlink:label="loc_dnb-crd_c33850" />
    <label:label xlink:type="resource" xlink:label="label_dnb-crd_c33850" xml:lang="nl" xlink:role="http://www.xbrl.org/2008/role/label">Volgestorte kapitaalinstrumenten</label:label>
    <gen:arc xlink:type="arc" xlink:arcrole="http://xbrl.org/arcrole/2008/element-label" xlink:from="loc_dnb-crd_c33850" xlink:to="label_dnb-crd_c33850" />
    <link:loc xlink:type="locator" xlink:href="c_01.00-rend.xml#dnb-crd_c33851" xlink:label="loc_dnb-crd_c33851" />
    <label:label xlink:type="resource" xlink:label="label_dnb-crd_c33851" xml:lang="nl" xlink:role="http://www.xbrl.org/2008/role/label">Waarvan: door publieke autoriteiten toegeschreven kapitaalinstrumenten in noodsituaties</label:label>
    <gen:arc xlink:type="arc" xlink:arcrole="http://xbrl.org/arcrole/2008/element-label" xlink:from="loc_dnb-crd_c33851" xlink:to="label_dnb-crd_c33851" />
    <link:loc xlink:type="locator" xlink:href="c_01.00-rend.xml#dnb-crd_c33852" xlink:label="loc_dnb-crd_c33852" />
    <label:label xlink:type="resource" xlink:label="label_dnb-crd_c33852" xml:lang="nl" xlink:role="http://www.xbrl.org/2008/role/label">PM: niet aanmerking komende kapitaalsinstrumenten</label:label>
    <gen:arc xlink:type="arc" xlink:arcrole="http://xbrl.org/arcrole/2008/element-label" xlink:from="loc_dnb-crd_c33852" xlink:to="label_dnb-crd_c33852" />
    <link:loc xlink:type="locator" xlink:href="c_01.00-rend.xml#dnb-crd_c33853" xlink:label="loc_dnb-crd_c33853" />
    <label:label xlink:type="resource" xlink:label="label_dnb-crd_c33853" xml:lang="nl" xlink:role="http://www.xbrl.org/2008/role/label">Agio</label:label>
    <gen:arc xlink:type="arc" xlink:arcrole="http://xbrl.org/arcrole/2008/element-label" xlink:from="loc_dnb-crd_c33853" xlink:to="label_dnb-crd_c33853" />
    <link:loc xlink:type="locator" xlink:href="c_01.00-rend.xml#dnb-crd_c33854" xlink:label="loc_dnb-crd_c33854" />
    <label:label xlink:type="resource" xlink:label="label_dnb-crd_c33854" xml:lang="nl" xlink:role="http://www.xbrl.org/2008/role/label">(-) Eigen CET1-instrumenten</label:label>
    <gen:arc xlink:type="arc" xlink:arcrole="http://xbrl.org/arcrole/2008/element-label" xlink:from="loc_dnb-crd_c33854" xlink:to="label_dnb-crd_c33854" />
    <link:loc xlink:type="locator" xlink:href="c_01.00-rend.xml#dnb-crd_c33855" xlink:label="loc_dnb-crd_c33855" />
    <label:label xlink:type="resource" xlink:label="label_dnb-crd_c33855" xml:lang="nl" xlink:role="http://www.xbrl.org/2008/role/label">(-) Directe belangen in CET1-instrumenten</label:label>
    <gen:arc xlink:type="arc" xlink:arcrole="http://xbrl.org/arcrole/2008/element-label" xlink:from="loc_dnb-crd_c33855" xlink:to="label_dnb-crd_c33855" />
    <link:loc xlink:type="locator" xlink:href="c_01.00-rend.xml#dnb-crd_c33856" xlink:label="loc_dnb-crd_c33856" />
    <label:label xlink:type="resource" xlink:label="label_dnb-crd_c33856" xml:lang="nl" xlink:role="http://www.xbrl.org/2008/role/label">(-) Indirecte belangen in CET1-instrumenten</label:label>
    <gen:arc xlink:type="arc" xlink:arcrole="http://xbrl.org/arcrole/2008/element-label" xlink:from="loc_dnb-crd_c33856" xlink:to="label_dnb-crd_c33856" />
    <link:loc xlink:type="locator" xlink:href="c_01.00-rend.xml#dnb-crd_c33857" xlink:label="loc_dnb-crd_c33857" />
    <label:label xlink:type="resource" xlink:label="label_dnb-crd_c33857" xml:lang="nl" xlink:role="http://www.xbrl.org/2008/role/label">(-) Synthetische belangen in CET1-instrumenten</label:label>
    <gen:arc xlink:type="arc" xlink:arcrole="http://xbrl.org/arcrole/2008/element-label" xlink:from="loc_dnb-crd_c33857" xlink:to="label_dnb-crd_c33857" />
    <link:loc xlink:type="locator" xlink:href="c_01.00-rend.xml#dnb-crd_c33858" xlink:label="loc_dnb-crd_c33858" />
    <label:label xlink:type="resource" xlink:label="label_dnb-crd_c33858" xml:lang="nl" xlink:role="http://www.xbrl.org/2008/role/label">(-) (On)voorwaardelijke verplichting tot aankoop eigen CET1-instrumenten</label:label>
    <gen:arc xlink:type="arc" xlink:arcrole="http://xbrl.org/arcrole/2008/element-label" xlink:from="loc_dnb-crd_c33858" xlink:to="label_dnb-crd_c33858" />
    <link:loc xlink:type="locator" xlink:href="c_01.00-rend.xml#dnb-crd_c33859" xlink:label="loc_dnb-crd_c33859" />
    <label:label xlink:type="resource" xlink:label="label_dnb-crd_c33859" xml:lang="nl" xlink:role="http://www.xbrl.org/2008/role/label">Ingehouden winsten</label:label>
    <gen:arc xlink:type="arc" xlink:arcrole="http://xbrl.org/arcrole/2008/element-label" xlink:from="loc_dnb-crd_c33859" xlink:to="label_dnb-crd_c33859" />
    <link:loc xlink:type="locator" xlink:href="c_01.00-rend.xml#dnb-crd_c33860" xlink:label="loc_dnb-crd_c33860" />
    <label:label xlink:type="resource" xlink:label="label_dnb-crd_c33860" xml:lang="nl" xlink:role="http://www.xbrl.org/2008/role/label">Ingehouden winst voorgaande jaren</label:label>
    <gen:arc xlink:type="arc" xlink:arcrole="http://xbrl.org/arcrole/2008/element-label" xlink:from="loc_dnb-crd_c33860" xlink:to="label_dnb-crd_c33860" />
    <link:loc xlink:type="locator" xlink:href="c_01.00-rend.xml#dnb-crd_c33861" xlink:label="loc_dnb-crd_c33861" />
    <label:label xlink:type="resource" xlink:label="label_dnb-crd_c33861" xml:lang="nl" xlink:role="http://www.xbrl.org/2008/role/label">In aanmerking komend deel resultaat lopend boekjaar</label:label>
    <gen:arc xlink:type="arc" xlink:arcrole="http://xbrl.org/arcrole/2008/element-label" xlink:from="loc_dnb-crd_c33861" xlink:to="label_dnb-crd_c33861" />
    <link:loc xlink:type="locator" xlink:href="c_01.00-rend.xml#dnb-crd_c33862" xlink:label="loc_dnb-crd_c33862" />
    <label:label xlink:type="resource" xlink:label="label_dnb-crd_c33862" xml:lang="nl" xlink:role="http://www.xbrl.org/2008/role/label">Winst of verlies toekomend aan aandeelhouders van de moedermaatschappij</label:label>
    <gen:arc xlink:type="arc" xlink:arcrole="http://xbrl.org/arcrole/2008/element-label" xlink:from="loc_dnb-crd_c33862" xlink:to="label_dnb-crd_c33862" />
    <link:loc xlink:type="locator" xlink:href="c_01.00-rend.xml#dnb-crd_c33863" xlink:label="loc_dnb-crd_c33863" />
    <label:label xlink:type="resource" xlink:label="label_dnb-crd_c33863" xml:lang="nl" xlink:role="http://www.xbrl.org/2008/role/label">(-) Niet geverifieerde deel van tussentijdse of jaarwinst</label:label>
    <gen:arc xlink:type="arc" xlink:arcrole="http://xbrl.org/arcrole/2008/element-label" xlink:from="loc_dnb-crd_c33863" xlink:to="label_dnb-crd_c33863" />
    <link:loc xlink:type="locator" xlink:href="c_01.00-rend.xml#dnb-crd_c33864" xlink:label="loc_dnb-crd_c33864" />
    <label:label xlink:type="resource" xlink:label="label_dnb-crd_c33864" xml:lang="nl" xlink:role="http://www.xbrl.org/2008/role/label">Gecumuleerde overige gerealiseerde en niet-gerealiseerde resultaten</label:label>
    <gen:arc xlink:type="arc" xlink:arcrole="http://xbrl.org/arcrole/2008/element-label" xlink:from="loc_dnb-crd_c33864" xlink:to="label_dnb-crd_c33864" />
    <link:loc xlink:type="locator" xlink:href="c_01.00-rend.xml#dnb-crd_c33865" xlink:label="loc_dnb-crd_c33865" />
    <label:label xlink:type="resource" xlink:label="label_dnb-crd_c33865" xml:lang="nl" xlink:role="http://www.xbrl.org/2008/role/label">Overige reserves</label:label>
    <gen:arc xlink:type="arc" xlink:arcrole="http://xbrl.org/arcrole/2008/element-label" xlink:from="loc_dnb-crd_c33865" xlink:to="label_dnb-crd_c33865" />
    <link:loc xlink:type="locator" xlink:href="c_01.00-rend.xml#dnb-crd_c33866" xlink:label="loc_dnb-crd_c33866" />
    <label:label xlink:type="resource" xlink:label="label_dnb-crd_c33866" xml:lang="nl" xlink:role="http://www.xbrl.org/2008/role/label">Fonds voor algemene bankrisico's</label:label>
    <gen:arc xlink:type="arc" xlink:arcrole="http://xbrl.org/arcrole/2008/element-label" xlink:from="loc_dnb-crd_c33866" xlink:to="label_dnb-crd_c33866" />
    <link:loc xlink:type="locator" xlink:href="c_01.00-rend.xml#dnb-crd_c33867" xlink:label="loc_dnb-crd_c33867" />
    <label:label xlink:type="resource" xlink:label="label_dnb-crd_c33867" xml:lang="nl" xlink:role="http://www.xbrl.org/2008/role/label">Overgangscorrecties in verband met CET1-eigenvermogensinstrumenten onder 'grandfathering'</label:label>
    <gen:arc xlink:type="arc" xlink:arcrole="http://xbrl.org/arcrole/2008/element-label" xlink:from="loc_dnb-crd_c33867" xlink:to="label_dnb-crd_c33867" />
    <link:loc xlink:type="locator" xlink:href="c_01.00-rend.xml#dnb-crd_c33868" xlink:label="loc_dnb-crd_c33868" />
    <label:label xlink:type="resource" xlink:label="label_dnb-crd_c33868" xml:lang="nl" xlink:role="http://www.xbrl.org/2008/role/label">Minderheidsbelang opgenomen in CET1-kapitaal</label:label>
    <gen:arc xlink:type="arc" xlink:arcrole="http://xbrl.org/arcrole/2008/element-label" xlink:from="loc_dnb-crd_c33868" xlink:to="label_dnb-crd_c33868" />
    <link:loc xlink:type="locator" xlink:href="c_01.00-rend.xml#dnb-crd_c33869" xlink:label="loc_dnb-crd_c33869" />
    <label:label xlink:type="resource" xlink:label="label_dnb-crd_c33869" xml:lang="nl" xlink:role="http://www.xbrl.org/2008/role/label">Overgangscorrecties in verband met additionele minderheidsbelangen</label:label>
    <gen:arc xlink:type="arc" xlink:arcrole="http://xbrl.org/arcrole/2008/element-label" xlink:from="loc_dnb-crd_c33869" xlink:to="label_dnb-crd_c33869" />
    <link:loc xlink:type="locator" xlink:href="c_01.00-rend.xml#dnb-crd_c33870" xlink:label="loc_dnb-crd_c33870" />
    <label:label xlink:type="resource" xlink:label="label_dnb-crd_c33870" xml:lang="nl" xlink:role="http://www.xbrl.org/2008/role/label">Aftrekposten op CET1 kapitaal door prudentiële filters</label:label>
    <gen:arc xlink:type="arc" xlink:arcrole="http://xbrl.org/arcrole/2008/element-label" xlink:from="loc_dnb-crd_c33870" xlink:to="label_dnb-crd_c33870" />
    <link:loc xlink:type="locator" xlink:href="c_01.00-rend.xml#dnb-crd_c33871" xlink:label="loc_dnb-crd_c33871" />
    <label:label xlink:type="resource" xlink:label="label_dnb-crd_c33871" xml:lang="nl" xlink:role="http://www.xbrl.org/2008/role/label">(-) Toename eigen vermogen door securitisatie van activa</label:label>
    <gen:arc xlink:type="arc" xlink:arcrole="http://xbrl.org/arcrole/2008/element-label" xlink:from="loc_dnb-crd_c33871" xlink:to="label_dnb-crd_c33871" />
    <link:loc xlink:type="locator" xlink:href="c_01.00-rend.xml#dnb-crd_c33872" xlink:label="loc_dnb-crd_c33872" />
    <label:label xlink:type="resource" xlink:label="label_dnb-crd_c33872" xml:lang="nl" xlink:role="http://www.xbrl.org/2008/role/label">Kasstroomhedgereserves</label:label>
    <gen:arc xlink:type="arc" xlink:arcrole="http://xbrl.org/arcrole/2008/element-label" xlink:from="loc_dnb-crd_c33872" xlink:to="label_dnb-crd_c33872" />
    <link:loc xlink:type="locator" xlink:href="c_01.00-rend.xml#dnb-crd_c33873" xlink:label="loc_dnb-crd_c33873" />
    <label:label xlink:type="resource" xlink:label="label_dnb-crd_c33873" xml:lang="nl" xlink:role="http://www.xbrl.org/2008/role/label">Cumulatieve resultaten door wijzigingen in eigen kredietrisico op verplichtingen tegen reële waarde</label:label>
    <gen:arc xlink:type="arc" xlink:arcrole="http://xbrl.org/arcrole/2008/element-label" xlink:from="loc_dnb-crd_c33873" xlink:to="label_dnb-crd_c33873" />
    <link:loc xlink:type="locator" xlink:href="c_01.00-rend.xml#dnb-crd_c33874" xlink:label="loc_dnb-crd_c33874" />
    <label:label xlink:type="resource" xlink:label="label_dnb-crd_c33874" xml:lang="nl" xlink:role="http://www.xbrl.org/2008/role/label">Tegen reële waarde gewaardeerde winsten en verliezen die voortvloeien uit het eigen kredietrisico van de instelling in verband met afgeleide verplichtingen</label:label>
    <gen:arc xlink:type="arc" xlink:arcrole="http://xbrl.org/arcrole/2008/element-label" xlink:from="loc_dnb-crd_c33874" xlink:to="label_dnb-crd_c33874" />
    <link:loc xlink:type="locator" xlink:href="c_01.00-rend.xml#dnb-crd_c33875" xlink:label="loc_dnb-crd_c33875" />
    <label:label xlink:type="resource" xlink:label="label_dnb-crd_c33875" xml:lang="nl" xlink:role="http://www.xbrl.org/2008/role/label">(-) Waardecorrecties op grond van vereisten voor prudente waardering</label:label>
    <gen:arc xlink:type="arc" xlink:arcrole="http://xbrl.org/arcrole/2008/element-label" xlink:from="loc_dnb-crd_c33875" xlink:to="label_dnb-crd_c33875" />
    <link:loc xlink:type="locator" xlink:href="c_01.00-rend.xml#dnb-crd_c33876" xlink:label="loc_dnb-crd_c33876" />
    <label:label xlink:type="resource" xlink:label="label_dnb-crd_c33876" xml:lang="nl" xlink:role="http://www.xbrl.org/2008/role/label">(-) Goodwill</label:label>
    <gen:arc xlink:type="arc" xlink:arcrole="http://xbrl.org/arcrole/2008/element-label" xlink:from="loc_dnb-crd_c33876" xlink:to="label_dnb-crd_c33876" />
    <link:loc xlink:type="locator" xlink:href="c_01.00-rend.xml#dnb-crd_c33877" xlink:label="loc_dnb-crd_c33877" />
    <label:label xlink:type="resource" xlink:label="label_dnb-crd_c33877" xml:lang="nl" xlink:role="http://www.xbrl.org/2008/role/label">(-) Goodwill opgenomen als immateriële  activa</label:label>
    <gen:arc xlink:type="arc" xlink:arcrole="http://xbrl.org/arcrole/2008/element-label" xlink:from="loc_dnb-crd_c33877" xlink:to="label_dnb-crd_c33877" />
    <link:loc xlink:type="locator" xlink:href="c_01.00-rend.xml#dnb-crd_c33878" xlink:label="loc_dnb-crd_c33878" />
    <label:label xlink:type="resource" xlink:label="label_dnb-crd_c33878" xml:lang="nl" xlink:role="http://www.xbrl.org/2008/role/label">(-) Goodwill opgenomen in de waardering van significante beleggingen</label:label>
    <gen:arc xlink:type="arc" xlink:arcrole="http://xbrl.org/arcrole/2008/element-label" xlink:from="loc_dnb-crd_c33878" xlink:to="label_dnb-crd_c33878" />
    <link:loc xlink:type="locator" xlink:href="c_01.00-rend.xml#dnb-crd_c33879" xlink:label="loc_dnb-crd_c33879" />
    <label:label xlink:type="resource" xlink:label="label_dnb-crd_c33879" xml:lang="nl" xlink:role="http://www.xbrl.org/2008/role/label">Latente belastingverplichtingen in verband met goodwill</label:label>
    <gen:arc xlink:type="arc" xlink:arcrole="http://xbrl.org/arcrole/2008/element-label" xlink:from="loc_dnb-crd_c33879" xlink:to="label_dnb-crd_c33879" />
    <link:loc xlink:type="locator" xlink:href="c_01.00-rend.xml#dnb-crd_c33880" xlink:label="loc_dnb-crd_c33880" />
    <label:label xlink:type="resource" xlink:label="label_dnb-crd_c33880" xml:lang="nl" xlink:role="http://www.xbrl.org/2008/role/label">(-) Overige immateriële activa</label:label>
    <gen:arc xlink:type="arc" xlink:arcrole="http://xbrl.org/arcrole/2008/element-label" xlink:from="loc_dnb-crd_c33880" xlink:to="label_dnb-crd_c33880" />
    <link:loc xlink:type="locator" xlink:href="c_01.00-rend.xml#dnb-crd_c33881" xlink:label="loc_dnb-crd_c33881" />
    <label:label xlink:type="resource" xlink:label="label_dnb-crd_c33881" xml:lang="nl" xlink:role="http://www.xbrl.org/2008/role/label">(-) Brutobedrag overige immateriële activa</label:label>
    <gen:arc xlink:type="arc" xlink:arcrole="http://xbrl.org/arcrole/2008/element-label" xlink:from="loc_dnb-crd_c33881" xlink:to="label_dnb-crd_c33881" />
    <link:loc xlink:type="locator" xlink:href="c_01.00-rend.xml#dnb-crd_c33882" xlink:label="loc_dnb-crd_c33882" />
    <label:label xlink:type="resource" xlink:label="label_dnb-crd_c33882" xml:lang="nl" xlink:role="http://www.xbrl.org/2008/role/label">Latente belastingverplichtingen in verband met overige immateriële activa</label:label>
    <gen:arc xlink:type="arc" xlink:arcrole="http://xbrl.org/arcrole/2008/element-label" xlink:from="loc_dnb-crd_c33882" xlink:to="label_dnb-crd_c33882" />
    <link:loc xlink:type="locator" xlink:href="c_01.00-rend.xml#dnb-crd_c33883" xlink:label="loc_dnb-crd_c33883" />
    <label:label xlink:type="resource" xlink:label="label_dnb-crd_c33883" xml:lang="nl" xlink:role="http://www.xbrl.org/2008/role/label">(-) (-) Uitgestelde belastingvorderingen die op toekomstige winstgevendheid berusten en die niet voortvloeien uit tijdelijke verschillen, exclusief de daaraan gerelateerde belastingverplichtingen</label:label>
    <gen:arc xlink:type="arc" xlink:arcrole="http://xbrl.org/arcrole/2008/element-label" xlink:from="loc_dnb-crd_c33883" xlink:to="label_dnb-crd_c33883" />
    <link:loc xlink:type="locator" xlink:href="c_01.00-rend.xml#dnb-crd_c33884" xlink:label="loc_dnb-crd_c33884" />
    <label:label xlink:type="resource" xlink:label="label_dnb-crd_c33884" xml:lang="nl" xlink:role="http://www.xbrl.org/2008/role/label">(-) IRB-tekort correcties kredietrisico voor verwachte verliezen</label:label>
    <gen:arc xlink:type="arc" xlink:arcrole="http://xbrl.org/arcrole/2008/element-label" xlink:from="loc_dnb-crd_c33884" xlink:to="label_dnb-crd_c33884" />
    <link:loc xlink:type="locator" xlink:href="c_01.00-rend.xml#dnb-crd_c33885" xlink:label="loc_dnb-crd_c33885" />
    <label:label xlink:type="resource" xlink:label="label_dnb-crd_c33885" xml:lang="nl" xlink:role="http://www.xbrl.org/2008/role/label">(-) Activa van een op vaste toezeggingen gebaseerd pensioenfonds</label:label>
    <gen:arc xlink:type="arc" xlink:arcrole="http://xbrl.org/arcrole/2008/element-label" xlink:from="loc_dnb-crd_c33885" xlink:to="label_dnb-crd_c33885" />
    <link:loc xlink:type="locator" xlink:href="c_01.00-rend.xml#dnb-crd_c33886" xlink:label="loc_dnb-crd_c33886" />
    <label:label xlink:type="resource" xlink:label="label_dnb-crd_c33886" xml:lang="nl" xlink:role="http://www.xbrl.org/2008/role/label">(-) Activa van een op vaste toezeggingen gebaseerd pensioenfonds - brutobedrag</label:label>
    <gen:arc xlink:type="arc" xlink:arcrole="http://xbrl.org/arcrole/2008/element-label" xlink:from="loc_dnb-crd_c33886" xlink:to="label_dnb-crd_c33886" />
    <link:loc xlink:type="locator" xlink:href="c_01.00-rend.xml#dnb-crd_c33887" xlink:label="loc_dnb-crd_c33887" />
    <label:label xlink:type="resource" xlink:label="label_dnb-crd_c33887" xml:lang="nl" xlink:role="http://www.xbrl.org/2008/role/label">Latente belastingverplichtingen in verband met pensioenfondsbeleggingen op basis van vaste toezeggingen</label:label>
    <gen:arc xlink:type="arc" xlink:arcrole="http://xbrl.org/arcrole/2008/element-label" xlink:from="loc_dnb-crd_c33887" xlink:to="label_dnb-crd_c33887" />
    <link:loc xlink:type="locator" xlink:href="c_01.00-rend.xml#dnb-crd_c33888" xlink:label="loc_dnb-crd_c33888" />
    <label:label xlink:type="resource" xlink:label="label_dnb-crd_c33888" xml:lang="nl" xlink:role="http://www.xbrl.org/2008/role/label">Activa van pensioenfondsen met een vaste toezegging die ter beschikking staan aan de instellingen</label:label>
    <gen:arc xlink:type="arc" xlink:arcrole="http://xbrl.org/arcrole/2008/element-label" xlink:from="loc_dnb-crd_c33888" xlink:to="label_dnb-crd_c33888" />
    <link:loc xlink:type="locator" xlink:href="c_01.00-rend.xml#dnb-crd_c33889" xlink:label="loc_dnb-crd_c33889" />
    <label:label xlink:type="resource" xlink:label="label_dnb-crd_c33889" xml:lang="nl" xlink:role="http://www.xbrl.org/2008/role/label">(-) Wederzijdse belangen in CET1-vermogen</label:label>
    <gen:arc xlink:type="arc" xlink:arcrole="http://xbrl.org/arcrole/2008/element-label" xlink:from="loc_dnb-crd_c33889" xlink:to="label_dnb-crd_c33889" />
    <link:loc xlink:type="locator" xlink:href="c_01.00-rend.xml#dnb-crd_c33890" xlink:label="loc_dnb-crd_c33890" />
    <label:label xlink:type="resource" xlink:label="label_dnb-crd_c33890" xml:lang="nl" xlink:role="http://www.xbrl.org/2008/role/label">(-) Bedrag waarmee vermindering AT1-posten het AT1-kapitaal overtreft</label:label>
    <gen:arc xlink:type="arc" xlink:arcrole="http://xbrl.org/arcrole/2008/element-label" xlink:from="loc_dnb-crd_c33890" xlink:to="label_dnb-crd_c33890" />
    <link:loc xlink:type="locator" xlink:href="c_01.00-rend.xml#dnb-crd_c33891" xlink:label="loc_dnb-crd_c33891" />
    <label:label xlink:type="resource" xlink:label="label_dnb-crd_c33891" xml:lang="nl" xlink:role="http://www.xbrl.org/2008/role/label">(-) Gekwalificeerde deelnemingen buiten de financiële sector die als alternatief in aanmerking komen voor een risicogewicht van 1 250 %</label:label>
    <gen:arc xlink:type="arc" xlink:arcrole="http://xbrl.org/arcrole/2008/element-label" xlink:from="loc_dnb-crd_c33891" xlink:to="label_dnb-crd_c33891" />
    <link:loc xlink:type="locator" xlink:href="c_01.00-rend.xml#dnb-crd_c33892" xlink:label="loc_dnb-crd_c33892" />
    <label:label xlink:type="resource" xlink:label="label_dnb-crd_c33892" xml:lang="nl" xlink:role="http://www.xbrl.org/2008/role/label">(-) Securitisatieposities waarvoor eventueel een risicogewicht van 1250% kan gelden</label:label>
    <gen:arc xlink:type="arc" xlink:arcrole="http://xbrl.org/arcrole/2008/element-label" xlink:from="loc_dnb-crd_c33892" xlink:to="label_dnb-crd_c33892" />
    <link:loc xlink:type="locator" xlink:href="c_01.00-rend.xml#dnb-crd_c33893" xlink:label="loc_dnb-crd_c33893" />
    <label:label xlink:type="resource" xlink:label="label_dnb-crd_c33893" xml:lang="nl" xlink:role="http://www.xbrl.org/2008/role/label">(-) Leveringen zonder tegenprestatie  waarvoor eventueel een risicogewicht van 1250% kan gelden</label:label>
    <gen:arc xlink:type="arc" xlink:arcrole="http://xbrl.org/arcrole/2008/element-label" xlink:from="loc_dnb-crd_c33893" xlink:to="label_dnb-crd_c33893" />
    <link:loc xlink:type="locator" xlink:href="c_01.00-rend.xml#dnb-crd_c33894" xlink:label="loc_dnb-crd_c33894" />
    <label:label xlink:type="resource" xlink:label="label_dnb-crd_c33894" xml:lang="nl" xlink:role="http://www.xbrl.org/2008/role/label">(-) Posities in een mandje waarvan een instelling het risicogewicht met de interneratingbenadering niet kan bepalen, en die als alternatief in aanmerking kunnen komen voor een risicogewicht van 1 250 %</label:label>
    <gen:arc xlink:type="arc" xlink:arcrole="http://xbrl.org/arcrole/2008/element-label" xlink:from="loc_dnb-crd_c33894" xlink:to="label_dnb-crd_c33894" />
    <link:loc xlink:type="locator" xlink:href="c_01.00-rend.xml#dnb-crd_c33895" xlink:label="loc_dnb-crd_c33895" />
    <label:label xlink:type="resource" xlink:label="label_dnb-crd_c33895" xml:lang="nl" xlink:role="http://www.xbrl.org/2008/role/label">(-) Blootstellingen in aandelen met een internemodellenbenadering die als alternatief in aanmerking kunnen komen voor een risicogewicht van 1 250 %</label:label>
    <gen:arc xlink:type="arc" xlink:arcrole="http://xbrl.org/arcrole/2008/element-label" xlink:from="loc_dnb-crd_c33895" xlink:to="label_dnb-crd_c33895" />
    <link:loc xlink:type="locator" xlink:href="c_01.00-rend.xml#dnb-crd_c33896" xlink:label="loc_dnb-crd_c33896" />
    <label:label xlink:type="resource" xlink:label="label_dnb-crd_c33896" xml:lang="nl" xlink:role="http://www.xbrl.org/2008/role/label">(-) Tier 1-kernkapitaalinstrumenten van entiteiten uit de financiële sector waarin de instelling geen aanzienlijke deelneming heeft</label:label>
    <gen:arc xlink:type="arc" xlink:arcrole="http://xbrl.org/arcrole/2008/element-label" xlink:from="loc_dnb-crd_c33896" xlink:to="label_dnb-crd_c33896" />
    <link:loc xlink:type="locator" xlink:href="c_01.00-rend.xml#dnb-crd_c33897" xlink:label="loc_dnb-crd_c33897" />
    <label:label xlink:type="resource" xlink:label="label_dnb-crd_c33897" xml:lang="nl" xlink:role="http://www.xbrl.org/2008/role/label">(-) (-) Aftrekbare uitgestelde belastingvorderingen die afhankelijk zijn van toekomstige winstgevendheid en voortvloeien uit tijdelijke verschillen</label:label>
    <gen:arc xlink:type="arc" xlink:arcrole="http://xbrl.org/arcrole/2008/element-label" xlink:from="loc_dnb-crd_c33897" xlink:to="label_dnb-crd_c33897" />
    <link:loc xlink:type="locator" xlink:href="c_01.00-rend.xml#dnb-crd_c33898" xlink:label="loc_dnb-crd_c33898" />
    <label:label xlink:type="resource" xlink:label="label_dnb-crd_c33898" xml:lang="nl" xlink:role="http://www.xbrl.org/2008/role/label">(-) Tier 1-kernkapitaalinstrumenten van entiteiten uit de financiële sector waarin de instelling een aanzienlijke deelneming heeft</label:label>
    <gen:arc xlink:type="arc" xlink:arcrole="http://xbrl.org/arcrole/2008/element-label" xlink:from="loc_dnb-crd_c33898" xlink:to="label_dnb-crd_c33898" />
    <link:loc xlink:type="locator" xlink:href="c_01.00-rend.xml#dnb-crd_c33899" xlink:label="loc_dnb-crd_c33899" />
    <label:label xlink:type="resource" xlink:label="label_dnb-crd_c33899" xml:lang="nl" xlink:role="http://www.xbrl.org/2008/role/label">(-) Bedrag dat de drempel van 17,65% te boven gaat</label:label>
    <gen:arc xlink:type="arc" xlink:arcrole="http://xbrl.org/arcrole/2008/element-label" xlink:from="loc_dnb-crd_c33899" xlink:to="label_dnb-crd_c33899" />
    <link:loc xlink:type="locator" xlink:href="c_01.00-rend.xml#dnb-crd_c33900" xlink:label="loc_dnb-crd_c33900" />
    <label:label xlink:type="resource" xlink:label="label_dnb-crd_c33900" xml:lang="nl" xlink:role="http://www.xbrl.org/2008/role/label">Overige overgangscorrecties van CET1-vermogen</label:label>
    <gen:arc xlink:type="arc" xlink:arcrole="http://xbrl.org/arcrole/2008/element-label" xlink:from="loc_dnb-crd_c33900" xlink:to="label_dnb-crd_c33900" />
    <link:loc xlink:type="locator" xlink:href="c_01.00-rend.xml#dnb-crd_c33901" xlink:label="loc_dnb-crd_c33901" />
    <label:label xlink:type="resource" xlink:label="label_dnb-crd_c33901" xml:lang="nl" xlink:role="http://www.xbrl.org/2008/role/label">Aanvullende aftrekposten op CET1-kapitaal op grond van Artikel 3 CRR</label:label>
    <gen:arc xlink:type="arc" xlink:arcrole="http://xbrl.org/arcrole/2008/element-label" xlink:from="loc_dnb-crd_c33901" xlink:to="label_dnb-crd_c33901" />
    <link:loc xlink:type="locator" xlink:href="c_01.00-rend.xml#dnb-crd_c33902" xlink:label="loc_dnb-crd_c33902" />
    <label:label xlink:type="resource" xlink:label="label_dnb-crd_c33902" xml:lang="nl" xlink:role="http://www.xbrl.org/2008/role/label">Bestanddelen of aftrekkingen van het tier 1-kernkapitaal - overige</label:label>
    <gen:arc xlink:type="arc" xlink:arcrole="http://xbrl.org/arcrole/2008/element-label" xlink:from="loc_dnb-crd_c33902" xlink:to="label_dnb-crd_c33902" />
    <link:loc xlink:type="locator" xlink:href="c_01.00-rend.xml#dnb-crd_c33903" xlink:label="loc_dnb-crd_c33903" />
    <label:label xlink:type="resource" xlink:label="label_dnb-crd_c33903" xml:lang="nl" xlink:role="http://www.xbrl.org/2008/role/label">ADDITIONEEL TIER-1 KAPITAAL</label:label>
    <gen:arc xlink:type="arc" xlink:arcrole="http://xbrl.org/arcrole/2008/element-label" xlink:from="loc_dnb-crd_c33903" xlink:to="label_dnb-crd_c33903" />
    <link:loc xlink:type="locator" xlink:href="c_01.00-rend.xml#dnb-crd_c33904" xlink:label="loc_dnb-crd_c33904" />
    <label:label xlink:type="resource" xlink:label="label_dnb-crd_c33904" xml:lang="nl" xlink:role="http://www.xbrl.org/2008/role/label">Kapitaalinstrumenten in aanmerking komend als AT1-kapitaal</label:label>
    <gen:arc xlink:type="arc" xlink:arcrole="http://xbrl.org/arcrole/2008/element-label" xlink:from="loc_dnb-crd_c33904" xlink:to="label_dnb-crd_c33904" />
    <link:loc xlink:type="locator" xlink:href="c_01.00-rend.xml#dnb-crd_c33905" xlink:label="loc_dnb-crd_c33905" />
    <label:label xlink:type="resource" xlink:label="label_dnb-crd_c33905" xml:lang="nl" xlink:role="http://www.xbrl.org/2008/role/label">Volgestorte kapitaalinstrumenten</label:label>
    <gen:arc xlink:type="arc" xlink:arcrole="http://xbrl.org/arcrole/2008/element-label" xlink:from="loc_dnb-crd_c33905" xlink:to="label_dnb-crd_c33905" />
    <link:loc xlink:type="locator" xlink:href="c_01.00-rend.xml#dnb-crd_c33906" xlink:label="loc_dnb-crd_c33906" />
    <label:label xlink:type="resource" xlink:label="label_dnb-crd_c33906" xml:lang="nl" xlink:role="http://www.xbrl.org/2008/role/label">Pro memorie: niet aanmerking komende kapitaalsinstrumenten</label:label>
    <gen:arc xlink:type="arc" xlink:arcrole="http://xbrl.org/arcrole/2008/element-label" xlink:from="loc_dnb-crd_c33906" xlink:to="label_dnb-crd_c33906" />
    <link:loc xlink:type="locator" xlink:href="c_01.00-rend.xml#dnb-crd_c33907" xlink:label="loc_dnb-crd_c33907" />
    <label:label xlink:type="resource" xlink:label="label_dnb-crd_c33907" xml:lang="nl" xlink:role="http://www.xbrl.org/2008/role/label">Agio</label:label>
    <gen:arc xlink:type="arc" xlink:arcrole="http://xbrl.org/arcrole/2008/element-label" xlink:from="loc_dnb-crd_c33907" xlink:to="label_dnb-crd_c33907" />
    <link:loc xlink:type="locator" xlink:href="c_01.00-rend.xml#dnb-crd_c33908" xlink:label="loc_dnb-crd_c33908" />
    <label:label xlink:type="resource" xlink:label="label_dnb-crd_c33908" xml:lang="nl" xlink:role="http://www.xbrl.org/2008/role/label">(-) Eigen AT1-instrumenten</label:label>
    <gen:arc xlink:type="arc" xlink:arcrole="http://xbrl.org/arcrole/2008/element-label" xlink:from="loc_dnb-crd_c33908" xlink:to="label_dnb-crd_c33908" />
    <link:loc xlink:type="locator" xlink:href="c_01.00-rend.xml#dnb-crd_c33909" xlink:label="loc_dnb-crd_c33909" />
    <label:label xlink:type="resource" xlink:label="label_dnb-crd_c33909" xml:lang="nl" xlink:role="http://www.xbrl.org/2008/role/label">(-) Directe belangen in AT1-instrumenten</label:label>
    <gen:arc xlink:type="arc" xlink:arcrole="http://xbrl.org/arcrole/2008/element-label" xlink:from="loc_dnb-crd_c33909" xlink:to="label_dnb-crd_c33909" />
    <link:loc xlink:type="locator" xlink:href="c_01.00-rend.xml#dnb-crd_c33910" xlink:label="loc_dnb-crd_c33910" />
    <label:label xlink:type="resource" xlink:label="label_dnb-crd_c33910" xml:lang="nl" xlink:role="http://www.xbrl.org/2008/role/label">(-) Indirecte belangen in AT1-instrumenten</label:label>
    <gen:arc xlink:type="arc" xlink:arcrole="http://xbrl.org/arcrole/2008/element-label" xlink:from="loc_dnb-crd_c33910" xlink:to="label_dnb-crd_c33910" />
    <link:loc xlink:type="locator" xlink:href="c_01.00-rend.xml#dnb-crd_c33911" xlink:label="loc_dnb-crd_c33911" />
    <label:label xlink:type="resource" xlink:label="label_dnb-crd_c33911" xml:lang="nl" xlink:role="http://www.xbrl.org/2008/role/label">(-) Synthetische belangen in AT1-instrumenten</label:label>
    <gen:arc xlink:type="arc" xlink:arcrole="http://xbrl.org/arcrole/2008/element-label" xlink:from="loc_dnb-crd_c33911" xlink:to="label_dnb-crd_c33911" />
    <link:loc xlink:type="locator" xlink:href="c_01.00-rend.xml#dnb-crd_c33912" xlink:label="loc_dnb-crd_c33912" />
    <label:label xlink:type="resource" xlink:label="label_dnb-crd_c33912" xml:lang="nl" xlink:role="http://www.xbrl.org/2008/role/label">(-) (On)voorwaardelijke verplichting tot aankoop eigen AT1-instrumenten</label:label>
    <gen:arc xlink:type="arc" xlink:arcrole="http://xbrl.org/arcrole/2008/element-label" xlink:from="loc_dnb-crd_c33912" xlink:to="label_dnb-crd_c33912" />
    <link:loc xlink:type="locator" xlink:href="c_01.00-rend.xml#dnb-crd_c33913" xlink:label="loc_dnb-crd_c33913" />
    <label:label xlink:type="resource" xlink:label="label_dnb-crd_c33913" xml:lang="nl" xlink:role="http://www.xbrl.org/2008/role/label">Overgangscorrecties in verband met AT1-kapitaalsinstrumenten onder 'grandfathering'</label:label>
    <gen:arc xlink:type="arc" xlink:arcrole="http://xbrl.org/arcrole/2008/element-label" xlink:from="loc_dnb-crd_c33913" xlink:to="label_dnb-crd_c33913" />
    <link:loc xlink:type="locator" xlink:href="c_01.00-rend.xml#dnb-crd_c33914" xlink:label="loc_dnb-crd_c33914" />
    <label:label xlink:type="resource" xlink:label="label_dnb-crd_c33914" xml:lang="nl" xlink:role="http://www.xbrl.org/2008/role/label">Instrumenten uitgegeven door dochterondernemingen opgenomen in AT1-vermogen</label:label>
    <gen:arc xlink:type="arc" xlink:arcrole="http://xbrl.org/arcrole/2008/element-label" xlink:from="loc_dnb-crd_c33914" xlink:to="label_dnb-crd_c33914" />
    <link:loc xlink:type="locator" xlink:href="c_01.00-rend.xml#dnb-crd_c33915" xlink:label="loc_dnb-crd_c33915" />
    <label:label xlink:type="resource" xlink:label="label_dnb-crd_c33915" xml:lang="nl" xlink:role="http://www.xbrl.org/2008/role/label">Overgangscorrecties in verband met aanvullende opname van AT1-vermogensinstrumenten uitgegeven door</label:label>
    <gen:arc xlink:type="arc" xlink:arcrole="http://xbrl.org/arcrole/2008/element-label" xlink:from="loc_dnb-crd_c33915" xlink:to="label_dnb-crd_c33915" />
    <link:loc xlink:type="locator" xlink:href="c_01.00-rend.xml#dnb-crd_c33916" xlink:label="loc_dnb-crd_c33916" />
    <label:label xlink:type="resource" xlink:label="label_dnb-crd_c33916" xml:lang="nl" xlink:role="http://www.xbrl.org/2008/role/label">(-) Wederzijdse belangen in AT1-vermogen</label:label>
    <gen:arc xlink:type="arc" xlink:arcrole="http://xbrl.org/arcrole/2008/element-label" xlink:from="loc_dnb-crd_c33916" xlink:to="label_dnb-crd_c33916" />
    <link:loc xlink:type="locator" xlink:href="c_01.00-rend.xml#dnb-crd_c33917" xlink:label="loc_dnb-crd_c33917" />
    <label:label xlink:type="resource" xlink:label="label_dnb-crd_c33917" xml:lang="nl" xlink:role="http://www.xbrl.org/2008/role/label">(-) AT1-instrumenten van financiële instellingen waarin de instelling geen significant belang houdt</label:label>
    <gen:arc xlink:type="arc" xlink:arcrole="http://xbrl.org/arcrole/2008/element-label" xlink:from="loc_dnb-crd_c33917" xlink:to="label_dnb-crd_c33917" />
    <link:loc xlink:type="locator" xlink:href="c_01.00-rend.xml#dnb-crd_c33918" xlink:label="loc_dnb-crd_c33918" />
    <label:label xlink:type="resource" xlink:label="label_dnb-crd_c33918" xml:lang="nl" xlink:role="http://www.xbrl.org/2008/role/label">(-) AT1-instrumenten van financiële instellingen waarin de instelling een significant belang houdt</label:label>
    <gen:arc xlink:type="arc" xlink:arcrole="http://xbrl.org/arcrole/2008/element-label" xlink:from="loc_dnb-crd_c33918" xlink:to="label_dnb-crd_c33918" />
    <link:loc xlink:type="locator" xlink:href="c_01.00-rend.xml#dnb-crd_c33919" xlink:label="loc_dnb-crd_c33919" />
    <label:label xlink:type="resource" xlink:label="label_dnb-crd_c33919" xml:lang="nl" xlink:role="http://www.xbrl.org/2008/role/label">(-) Bedrag waarmee vermindering AT2-posten het AT2-vermogen overtreft</label:label>
    <gen:arc xlink:type="arc" xlink:arcrole="http://xbrl.org/arcrole/2008/element-label" xlink:from="loc_dnb-crd_c33919" xlink:to="label_dnb-crd_c33919" />
    <link:loc xlink:type="locator" xlink:href="c_01.00-rend.xml#dnb-crd_c33920" xlink:label="loc_dnb-crd_c33920" />
    <label:label xlink:type="resource" xlink:label="label_dnb-crd_c33920" xml:lang="nl" xlink:role="http://www.xbrl.org/2008/role/label">Overige overgangscorrecties van AT1-vermogen</label:label>
    <gen:arc xlink:type="arc" xlink:arcrole="http://xbrl.org/arcrole/2008/element-label" xlink:from="loc_dnb-crd_c33920" xlink:to="label_dnb-crd_c33920" />
    <link:loc xlink:type="locator" xlink:href="c_01.00-rend.xml#dnb-crd_c33921" xlink:label="loc_dnb-crd_c33921" />
    <label:label xlink:type="resource" xlink:label="label_dnb-crd_c33921" xml:lang="nl" xlink:role="http://www.xbrl.org/2008/role/label">Bedrag waarmee vermindering AT1-posten het AT1-kapitaal overtreft (in mindering gebracht op CET1)</label:label>
    <gen:arc xlink:type="arc" xlink:arcrole="http://xbrl.org/arcrole/2008/element-label" xlink:from="loc_dnb-crd_c33921" xlink:to="label_dnb-crd_c33921" />
    <link:loc xlink:type="locator" xlink:href="c_01.00-rend.xml#dnb-crd_c33922" xlink:label="loc_dnb-crd_c33922" />
    <label:label xlink:type="resource" xlink:label="label_dnb-crd_c33922" xml:lang="nl" xlink:role="http://www.xbrl.org/2008/role/label">(-) Aanvullende bedragen in mindering gebracht op AT1-kapitaal op grond van Artikel 3 CRR</label:label>
    <gen:arc xlink:type="arc" xlink:arcrole="http://xbrl.org/arcrole/2008/element-label" xlink:from="loc_dnb-crd_c33922" xlink:to="label_dnb-crd_c33922" />
    <link:loc xlink:type="locator" xlink:href="c_01.00-rend.xml#dnb-crd_c33923" xlink:label="loc_dnb-crd_c33923" />
    <label:label xlink:type="resource" xlink:label="label_dnb-crd_c33923" xml:lang="nl" xlink:role="http://www.xbrl.org/2008/role/label">AT1-kapitaalbestanddelen of in mindering te brengen posten - overig</label:label>
    <gen:arc xlink:type="arc" xlink:arcrole="http://xbrl.org/arcrole/2008/element-label" xlink:from="loc_dnb-crd_c33923" xlink:to="label_dnb-crd_c33923" />
    <link:loc xlink:type="locator" xlink:href="c_01.00-rend.xml#dnb-crd_c33924" xlink:label="loc_dnb-crd_c33924" />
    <label:label xlink:type="resource" xlink:label="label_dnb-crd_c33924" xml:lang="nl" xlink:role="http://www.xbrl.org/2008/role/label">TIER 2-KAPITAAL</label:label>
    <gen:arc xlink:type="arc" xlink:arcrole="http://xbrl.org/arcrole/2008/element-label" xlink:from="loc_dnb-crd_c33924" xlink:to="label_dnb-crd_c33924" />
    <link:loc xlink:type="locator" xlink:href="c_01.00-rend.xml#dnb-crd_c33925" xlink:label="loc_dnb-crd_c33925" />
    <label:label xlink:type="resource" xlink:label="label_dnb-crd_c33925" xml:lang="nl" xlink:role="http://www.xbrl.org/2008/role/label">Kapitaalsinstrumenten en achtergestelde leningen in aanmerking komend als T2-kapitaal</label:label>
    <gen:arc xlink:type="arc" xlink:arcrole="http://xbrl.org/arcrole/2008/element-label" xlink:from="loc_dnb-crd_c33925" xlink:to="label_dnb-crd_c33925" />
    <link:loc xlink:type="locator" xlink:href="c_01.00-rend.xml#dnb-crd_c33926" xlink:label="loc_dnb-crd_c33926" />
    <label:label xlink:type="resource" xlink:label="label_dnb-crd_c33926" xml:lang="nl" xlink:role="http://www.xbrl.org/2008/role/label">Gestort kapitaalinstrumenten en achtergestelde leningen</label:label>
    <gen:arc xlink:type="arc" xlink:arcrole="http://xbrl.org/arcrole/2008/element-label" xlink:from="loc_dnb-crd_c33926" xlink:to="label_dnb-crd_c33926" />
    <link:loc xlink:type="locator" xlink:href="c_01.00-rend.xml#dnb-crd_c33927" xlink:label="loc_dnb-crd_c33927" />
    <label:label xlink:type="resource" xlink:label="label_dnb-crd_c33927" xml:lang="nl" xlink:role="http://www.xbrl.org/2008/role/label">PM: niet aanmerking komende kapitaalinstrumenten en achtergestelde leningen</label:label>
    <gen:arc xlink:type="arc" xlink:arcrole="http://xbrl.org/arcrole/2008/element-label" xlink:from="loc_dnb-crd_c33927" xlink:to="label_dnb-crd_c33927" />
    <link:loc xlink:type="locator" xlink:href="c_01.00-rend.xml#dnb-crd_c33928" xlink:label="loc_dnb-crd_c33928" />
    <label:label xlink:type="resource" xlink:label="label_dnb-crd_c33928" xml:lang="nl" xlink:role="http://www.xbrl.org/2008/role/label">Agio</label:label>
    <gen:arc xlink:type="arc" xlink:arcrole="http://xbrl.org/arcrole/2008/element-label" xlink:from="loc_dnb-crd_c33928" xlink:to="label_dnb-crd_c33928" />
    <link:loc xlink:type="locator" xlink:href="c_01.00-rend.xml#dnb-crd_c33929" xlink:label="loc_dnb-crd_c33929" />
    <label:label xlink:type="resource" xlink:label="label_dnb-crd_c33929" xml:lang="nl" xlink:role="http://www.xbrl.org/2008/role/label">(-) Eigen T2-instrumenten</label:label>
    <gen:arc xlink:type="arc" xlink:arcrole="http://xbrl.org/arcrole/2008/element-label" xlink:from="loc_dnb-crd_c33929" xlink:to="label_dnb-crd_c33929" />
    <link:loc xlink:type="locator" xlink:href="c_01.00-rend.xml#dnb-crd_c33930" xlink:label="loc_dnb-crd_c33930" />
    <label:label xlink:type="resource" xlink:label="label_dnb-crd_c33930" xml:lang="nl" xlink:role="http://www.xbrl.org/2008/role/label">(-) Directe belangen in T2-instrumenten</label:label>
    <gen:arc xlink:type="arc" xlink:arcrole="http://xbrl.org/arcrole/2008/element-label" xlink:from="loc_dnb-crd_c33930" xlink:to="label_dnb-crd_c33930" />
    <link:loc xlink:type="locator" xlink:href="c_01.00-rend.xml#dnb-crd_c33931" xlink:label="loc_dnb-crd_c33931" />
    <label:label xlink:type="resource" xlink:label="label_dnb-crd_c33931" xml:lang="nl" xlink:role="http://www.xbrl.org/2008/role/label">(-) Indirecte belangen in T2-instrumenten</label:label>
    <gen:arc xlink:type="arc" xlink:arcrole="http://xbrl.org/arcrole/2008/element-label" xlink:from="loc_dnb-crd_c33931" xlink:to="label_dnb-crd_c33931" />
    <link:loc xlink:type="locator" xlink:href="c_01.00-rend.xml#dnb-crd_c33932" xlink:label="loc_dnb-crd_c33932" />
    <label:label xlink:type="resource" xlink:label="label_dnb-crd_c33932" xml:lang="nl" xlink:role="http://www.xbrl.org/2008/role/label">(-) Synthetische belangen in T2-instrumenten</label:label>
    <gen:arc xlink:type="arc" xlink:arcrole="http://xbrl.org/arcrole/2008/element-label" xlink:from="loc_dnb-crd_c33932" xlink:to="label_dnb-crd_c33932" />
    <link:loc xlink:type="locator" xlink:href="c_01.00-rend.xml#dnb-crd_c33933" xlink:label="loc_dnb-crd_c33933" />
    <label:label xlink:type="resource" xlink:label="label_dnb-crd_c33933" xml:lang="nl" xlink:role="http://www.xbrl.org/2008/role/label">(-) (on)voorwaardelijke verplichting tot inkoop eigen T2-instrumenten</label:label>
    <gen:arc xlink:type="arc" xlink:arcrole="http://xbrl.org/arcrole/2008/element-label" xlink:from="loc_dnb-crd_c33933" xlink:to="label_dnb-crd_c33933" />
    <link:loc xlink:type="locator" xlink:href="c_01.00-rend.xml#dnb-crd_c33934" xlink:label="loc_dnb-crd_c33934" />
    <label:label xlink:type="resource" xlink:label="label_dnb-crd_c33934" xml:lang="nl" xlink:role="http://www.xbrl.org/2008/role/label">Overgangscorrecties in verband met T2-kapitaalinstrumenten en achtergestelde leningen onder 'grandfathering'</label:label>
    <gen:arc xlink:type="arc" xlink:arcrole="http://xbrl.org/arcrole/2008/element-label" xlink:from="loc_dnb-crd_c33934" xlink:to="label_dnb-crd_c33934" />
    <link:loc xlink:type="locator" xlink:href="c_01.00-rend.xml#dnb-crd_c33935" xlink:label="loc_dnb-crd_c33935" />
    <label:label xlink:type="resource" xlink:label="label_dnb-crd_c33935" xml:lang="nl" xlink:role="http://www.xbrl.org/2008/role/label">Instrumenten uitgegeven door dochterondernemingen opgenomen in T2-kapitaal</label:label>
    <gen:arc xlink:type="arc" xlink:arcrole="http://xbrl.org/arcrole/2008/element-label" xlink:from="loc_dnb-crd_c33935" xlink:to="label_dnb-crd_c33935" />
    <link:loc xlink:type="locator" xlink:href="c_01.00-rend.xml#dnb-crd_c33936" xlink:label="loc_dnb-crd_c33936" />
    <label:label xlink:type="resource" xlink:label="label_dnb-crd_c33936" xml:lang="nl" xlink:role="http://www.xbrl.org/2008/role/label">Overgangscorrecties in verband met aanvullende verantwoording van T2-kapitaalinstrumenten uitgegeven door</label:label>
    <gen:arc xlink:type="arc" xlink:arcrole="http://xbrl.org/arcrole/2008/element-label" xlink:from="loc_dnb-crd_c33936" xlink:to="label_dnb-crd_c33936" />
    <link:loc xlink:type="locator" xlink:href="c_01.00-rend.xml#dnb-crd_c33937" xlink:label="loc_dnb-crd_c33937" />
    <label:label xlink:type="resource" xlink:label="label_dnb-crd_c33937" xml:lang="nl" xlink:role="http://www.xbrl.org/2008/role/label">IRB Overschot voorzieningen ten opzichte van in aanmerking te nemen verwachte verliezen</label:label>
    <gen:arc xlink:type="arc" xlink:arcrole="http://xbrl.org/arcrole/2008/element-label" xlink:from="loc_dnb-crd_c33937" xlink:to="label_dnb-crd_c33937" />
    <link:loc xlink:type="locator" xlink:href="c_01.00-rend.xml#dnb-crd_c33938" xlink:label="loc_dnb-crd_c33938" />
    <label:label xlink:type="resource" xlink:label="label_dnb-crd_c33938" xml:lang="nl" xlink:role="http://www.xbrl.org/2008/role/label">SA Correcties algemeen kredietrisico</label:label>
    <gen:arc xlink:type="arc" xlink:arcrole="http://xbrl.org/arcrole/2008/element-label" xlink:from="loc_dnb-crd_c33938" xlink:to="label_dnb-crd_c33938" />
    <link:loc xlink:type="locator" xlink:href="c_01.00-rend.xml#dnb-crd_c33939" xlink:label="loc_dnb-crd_c33939" />
    <label:label xlink:type="resource" xlink:label="label_dnb-crd_c33939" xml:lang="nl" xlink:role="http://www.xbrl.org/2008/role/label">(-) Wederzijdse belangen in T2-kapitaal</label:label>
    <gen:arc xlink:type="arc" xlink:arcrole="http://xbrl.org/arcrole/2008/element-label" xlink:from="loc_dnb-crd_c33939" xlink:to="label_dnb-crd_c33939" />
    <link:loc xlink:type="locator" xlink:href="c_01.00-rend.xml#dnb-crd_c33940" xlink:label="loc_dnb-crd_c33940" />
    <label:label xlink:type="resource" xlink:label="label_dnb-crd_c33940" xml:lang="nl" xlink:role="http://www.xbrl.org/2008/role/label">(-) T2-instrumenten van financiële instellingen waarin de instelling geen significant belang houdt</label:label>
    <gen:arc xlink:type="arc" xlink:arcrole="http://xbrl.org/arcrole/2008/element-label" xlink:from="loc_dnb-crd_c33940" xlink:to="label_dnb-crd_c33940" />
    <link:loc xlink:type="locator" xlink:href="c_01.00-rend.xml#dnb-crd_c33941" xlink:label="loc_dnb-crd_c33941" />
    <label:label xlink:type="resource" xlink:label="label_dnb-crd_c33941" xml:lang="nl" xlink:role="http://www.xbrl.org/2008/role/label">(-) T2 -instrumenten van financiële instellingen waarin de instelling een significant belang houdt</label:label>
    <gen:arc xlink:type="arc" xlink:arcrole="http://xbrl.org/arcrole/2008/element-label" xlink:from="loc_dnb-crd_c33941" xlink:to="label_dnb-crd_c33941" />
    <link:loc xlink:type="locator" xlink:href="c_01.00-rend.xml#dnb-crd_c33942" xlink:label="loc_dnb-crd_c33942" />
    <label:label xlink:type="resource" xlink:label="label_dnb-crd_c33942" xml:lang="nl" xlink:role="http://www.xbrl.org/2008/role/label">Overige overgangscorrecties van T2-kapitaal</label:label>
    <gen:arc xlink:type="arc" xlink:arcrole="http://xbrl.org/arcrole/2008/element-label" xlink:from="loc_dnb-crd_c33942" xlink:to="label_dnb-crd_c33942" />
    <link:loc xlink:type="locator" xlink:href="c_01.00-rend.xml#dnb-crd_c33943" xlink:label="loc_dnb-crd_c33943" />
    <label:label xlink:type="resource" xlink:label="label_dnb-crd_c33943" xml:lang="nl" xlink:role="http://www.xbrl.org/2008/role/label">Bedrag waarmee vermindering T2-posten T2-kapitaal overtreft (in mindering gebracht in AT1)</label:label>
    <gen:arc xlink:type="arc" xlink:arcrole="http://xbrl.org/arcrole/2008/element-label" xlink:from="loc_dnb-crd_c33943" xlink:to="label_dnb-crd_c33943" />
    <link:loc xlink:type="locator" xlink:href="c_01.00-rend.xml#dnb-crd_c33944" xlink:label="loc_dnb-crd_c33944" />
    <label:label xlink:type="resource" xlink:label="label_dnb-crd_c33944" xml:lang="nl" xlink:role="http://www.xbrl.org/2008/role/label">(-)Aanvullende bedragen in mindering gebracht op T2-kapitaal op grond van Artikel 3 CRR</label:label>
    <gen:arc xlink:type="arc" xlink:arcrole="http://xbrl.org/arcrole/2008/element-label" xlink:from="loc_dnb-crd_c33944" xlink:to="label_dnb-crd_c33944" />
    <link:loc xlink:type="locator" xlink:href="c_01.00-rend.xml#dnb-crd_c33945" xlink:label="loc_dnb-crd_c33945" />
    <label:label xlink:type="resource" xlink:label="label_dnb-crd_c33945" xml:lang="nl" xlink:role="http://www.xbrl.org/2008/role/label">T2-kapitaalbestandelen of in mindering te brengen posten - overig</label:label>
    <gen:arc xlink:type="arc" xlink:arcrole="http://xbrl.org/arcrole/2008/element-label" xlink:from="loc_dnb-crd_c33945" xlink:to="label_dnb-crd_c33945" />
  </gen:link>
</link:linkbase>