﻿<?xml version="1.0" encoding="utf-8"?>
<!--© DNB-->
<link:linkbase xmlns:xsi="http://www.w3.org/2001/XMLSchema-instance" xmlns:xlink="http://www.w3.org/1999/xlink" xmlns:link="http://www.xbrl.org/2003/linkbase" xmlns:gen="http://xbrl.org/2008/generic" xmlns:label="http://xbrl.org/2008/label" xsi:schemaLocation="http://www.xbrl.org/2003/linkbase http://www.xbrl.org/2003/xbrl-linkbase-2003-12-31.xsd http://xbrl.org/2008/generic http://www.xbrl.org/2008/generic-link.xsd http://xbrl.org/2008/label http://www.xbrl.org/2008/generic-label.xsd">
  <link:arcroleRef arcroleURI="http://xbrl.org/arcrole/2008/element-label" xlink:type="simple" xlink:href="http://www.xbrl.org/2008/generic-label.xsd#element-label" />
  <link:roleRef roleURI="http://www.xbrl.org/2008/role/label" xlink:type="simple" xlink:href="http://www.xbrl.org/2008/generic-label.xsd#standard-label" />
  <link:roleRef roleURI="http://www.xbrl.org/2008/role/verboseLabel" xlink:type="simple" xlink:href="http://www.xbrl.org/2008/generic-label.xsd#verbose-label" />
  <gen:link xlink:type="extended" xlink:role="http://www.xbrl.org/2003/role/link">
    <link:loc xlink:type="locator" xlink:href="f_22.09-rend.xml#dnb-crd_tF_22.09" xlink:label="loc_dnb-crd_tF_22.09" />
    <label:label xlink:type="resource" xlink:label="label_dnb-crd_tF_22.09" xml:lang="nl" xlink:role="http://www.xbrl.org/2008/role/label">F 22.09</label:label>
    <gen:arc xlink:type="arc" xlink:arcrole="http://xbrl.org/arcrole/2008/element-label" xlink:from="loc_dnb-crd_tF_22.09" xlink:to="label_dnb-crd_tF_22.09" />
    <label:label xlink:type="resource" xlink:label="label_dnb-crd_tF_22.09_1" xml:lang="nl" xlink:role="http://www.xbrl.org/2008/role/verboseLabel">F 22.09 Baten uit vergoedingen en provisies naar activiteit</label:label>
    <gen:arc xlink:type="arc" xlink:arcrole="http://xbrl.org/arcrole/2008/element-label" xlink:from="loc_dnb-crd_tF_22.09" xlink:to="label_dnb-crd_tF_22.09_1" />
    <link:loc xlink:type="locator" xlink:href="f_22.09-rend.xml#dnb-crd_a1" xlink:label="loc_dnb-crd_a1" />
    <label:label xlink:type="resource" xlink:label="label_dnb-crd_a1" xml:lang="nl" xlink:role="http://www.xbrl.org/2008/role/label">Kolommen</label:label>
    <gen:arc xlink:type="arc" xlink:arcrole="http://xbrl.org/arcrole/2008/element-label" xlink:from="loc_dnb-crd_a1" xlink:to="label_dnb-crd_a1" />
    <link:loc xlink:type="locator" xlink:href="f_22.09-rend.xml#dnb-crd_c3" xlink:label="loc_dnb-crd_c3" />
    <label:label xlink:type="resource" xlink:label="label_dnb-crd_c3" xml:lang="nl" xlink:role="http://www.xbrl.org/2008/role/label">Lopende periode</label:label>
    <gen:arc xlink:type="arc" xlink:arcrole="http://xbrl.org/arcrole/2008/element-label" xlink:from="loc_dnb-crd_c3" xlink:to="label_dnb-crd_c3" />
    <link:loc xlink:type="locator" xlink:href="f_22.09-rend.xml#dnb-crd_a2" xlink:label="loc_dnb-crd_a2" />
    <label:label xlink:type="resource" xlink:label="label_dnb-crd_a2" xml:lang="nl" xlink:role="http://www.xbrl.org/2008/role/label">Rijen</label:label>
    <gen:arc xlink:type="arc" xlink:arcrole="http://xbrl.org/arcrole/2008/element-label" xlink:from="loc_dnb-crd_a2" xlink:to="label_dnb-crd_a2" />
    <link:loc xlink:type="locator" xlink:href="f_22.09-rend.xml#dnb-crd_c4" xlink:label="loc_dnb-crd_c4" />
    <label:label xlink:type="resource" xlink:label="label_dnb-crd_c4" xml:lang="nl" xlink:role="http://www.xbrl.org/2008/role/label">Beleggingsdiensten en –activiteiten</label:label>
    <gen:arc xlink:type="arc" xlink:arcrole="http://xbrl.org/arcrole/2008/element-label" xlink:from="loc_dnb-crd_c4" xlink:to="label_dnb-crd_c4" />
    <link:loc xlink:type="locator" xlink:href="f_22.09-rend.xml#dnb-crd_c5" xlink:label="loc_dnb-crd_c5" />
    <label:label xlink:type="resource" xlink:label="label_dnb-crd_c5" xml:lang="nl" xlink:role="http://www.xbrl.org/2008/role/label">Het ontvangen en doorgeven van orders met betrekking tot één of meer financiële instrumenten</label:label>
    <gen:arc xlink:type="arc" xlink:arcrole="http://xbrl.org/arcrole/2008/element-label" xlink:from="loc_dnb-crd_c5" xlink:to="label_dnb-crd_c5" />
    <link:loc xlink:type="locator" xlink:href="f_22.09-rend.xml#dnb-crd_c14" xlink:label="loc_dnb-crd_c14" />
    <label:label xlink:type="resource" xlink:label="label_dnb-crd_c14" xml:lang="nl" xlink:role="http://www.xbrl.org/2008/role/label">Het uitvoeren van orders voor rekening van cliënten</label:label>
    <gen:arc xlink:type="arc" xlink:arcrole="http://xbrl.org/arcrole/2008/element-label" xlink:from="loc_dnb-crd_c14" xlink:to="label_dnb-crd_c14" />
    <link:loc xlink:type="locator" xlink:href="f_22.09-rend.xml#dnb-crd_c6" xlink:label="loc_dnb-crd_c6" />
    <label:label xlink:type="resource" xlink:label="label_dnb-crd_c6" xml:lang="nl" xlink:role="http://www.xbrl.org/2008/role/label">Het handelen voor eigen rekening</label:label>
    <gen:arc xlink:type="arc" xlink:arcrole="http://xbrl.org/arcrole/2008/element-label" xlink:from="loc_dnb-crd_c6" xlink:to="label_dnb-crd_c6" />
    <link:loc xlink:type="locator" xlink:href="f_22.09-rend.xml#dnb-crd_c7" xlink:label="loc_dnb-crd_c7" />
    <label:label xlink:type="resource" xlink:label="label_dnb-crd_c7" xml:lang="nl" xlink:role="http://www.xbrl.org/2008/role/label">Vermogensbeheer</label:label>
    <gen:arc xlink:type="arc" xlink:arcrole="http://xbrl.org/arcrole/2008/element-label" xlink:from="loc_dnb-crd_c7" xlink:to="label_dnb-crd_c7" />
    <link:loc xlink:type="locator" xlink:href="f_22.09-rend.xml#dnb-crd_c8" xlink:label="loc_dnb-crd_c8" />
    <label:label xlink:type="resource" xlink:label="label_dnb-crd_c8" xml:lang="nl" xlink:role="http://www.xbrl.org/2008/role/label">Beleggingsadvies</label:label>
    <gen:arc xlink:type="arc" xlink:arcrole="http://xbrl.org/arcrole/2008/element-label" xlink:from="loc_dnb-crd_c8" xlink:to="label_dnb-crd_c8" />
    <link:loc xlink:type="locator" xlink:href="f_22.09-rend.xml#dnb-crd_c9" xlink:label="loc_dnb-crd_c9" />
    <label:label xlink:type="resource" xlink:label="label_dnb-crd_c9" xml:lang="nl" xlink:role="http://www.xbrl.org/2008/role/label">Het plaatsen van financiële instrumenten met plaatsingsgarantie of underwriting</label:label>
    <gen:arc xlink:type="arc" xlink:arcrole="http://xbrl.org/arcrole/2008/element-label" xlink:from="loc_dnb-crd_c9" xlink:to="label_dnb-crd_c9" />
    <link:loc xlink:type="locator" xlink:href="f_22.09-rend.xml#dnb-crd_c10" xlink:label="loc_dnb-crd_c10" />
    <label:label xlink:type="resource" xlink:label="label_dnb-crd_c10" xml:lang="nl" xlink:role="http://www.xbrl.org/2008/role/label">Het plaatsen van financiële instrumenten zonder plaatsingsgarantie</label:label>
    <gen:arc xlink:type="arc" xlink:arcrole="http://xbrl.org/arcrole/2008/element-label" xlink:from="loc_dnb-crd_c10" xlink:to="label_dnb-crd_c10" />
    <link:loc xlink:type="locator" xlink:href="f_22.09-rend.xml#dnb-crd_c11" xlink:label="loc_dnb-crd_c11" />
    <label:label xlink:type="resource" xlink:label="label_dnb-crd_c11" xml:lang="nl" xlink:role="http://www.xbrl.org/2008/role/label">Het exploiteren van multilaterale handelsfaciliteiten (MTF)</label:label>
    <gen:arc xlink:type="arc" xlink:arcrole="http://xbrl.org/arcrole/2008/element-label" xlink:from="loc_dnb-crd_c11" xlink:to="label_dnb-crd_c11" />
    <link:loc xlink:type="locator" xlink:href="f_22.09-rend.xml#dnb-crd_c12" xlink:label="loc_dnb-crd_c12" />
    <label:label xlink:type="resource" xlink:label="label_dnb-crd_c12" xml:lang="nl" xlink:role="http://www.xbrl.org/2008/role/label">Het exploiteren van georganiseerde handelsfaciliteiten (OTF)</label:label>
    <gen:arc xlink:type="arc" xlink:arcrole="http://xbrl.org/arcrole/2008/element-label" xlink:from="loc_dnb-crd_c12" xlink:to="label_dnb-crd_c12" />
    <link:loc xlink:type="locator" xlink:href="f_22.09-rend.xml#dnb-crd_c15" xlink:label="loc_dnb-crd_c15" />
    <label:label xlink:type="resource" xlink:label="label_dnb-crd_c15" xml:lang="nl" xlink:role="http://www.xbrl.org/2008/role/label">Nevendiensten</label:label>
    <gen:arc xlink:type="arc" xlink:arcrole="http://xbrl.org/arcrole/2008/element-label" xlink:from="loc_dnb-crd_c15" xlink:to="label_dnb-crd_c15" />
    <link:loc xlink:type="locator" xlink:href="f_22.09-rend.xml#dnb-crd_c17" xlink:label="loc_dnb-crd_c17" />
    <label:label xlink:type="resource" xlink:label="label_dnb-crd_c17" xml:lang="nl" xlink:role="http://www.xbrl.org/2008/role/label">Bewaring en beheer van financiële instrumenten voor rekening van cliënten, met inbegrip van bewaarneming en daarmee samenhangende diensten zoals contanten- en/of zekerhedenbeheer</label:label>
    <gen:arc xlink:type="arc" xlink:arcrole="http://xbrl.org/arcrole/2008/element-label" xlink:from="loc_dnb-crd_c17" xlink:to="label_dnb-crd_c17" />
    <link:loc xlink:type="locator" xlink:href="f_22.09-rend.xml#dnb-crd_c18" xlink:label="loc_dnb-crd_c18" />
    <label:label xlink:type="resource" xlink:label="label_dnb-crd_c18" xml:lang="nl" xlink:role="http://www.xbrl.org/2008/role/label">Het verstrekken van kredieten of leningen aan een belegger om deze in staat te stellen een transactie in één of meer financiële instrumenten te verrichten, bij welke transactie de onderneming die het krediet of de lening verstrekt, als partij optreedt</label:label>
    <gen:arc xlink:type="arc" xlink:arcrole="http://xbrl.org/arcrole/2008/element-label" xlink:from="loc_dnb-crd_c18" xlink:to="label_dnb-crd_c18" />
    <link:loc xlink:type="locator" xlink:href="f_22.09-rend.xml#dnb-crd_c19" xlink:label="loc_dnb-crd_c19" />
    <label:label xlink:type="resource" xlink:label="label_dnb-crd_c19" xml:lang="nl" xlink:role="http://www.xbrl.org/2008/role/label">Advisering aan ondernemingen inzake kapitaalstructuur, bedrijfsstrategie en daarmee samenhangende aangelegenheden, alsmede advisering en dienstverrichting op het gebied van fusies en overnames van ondernemingen</label:label>
    <gen:arc xlink:type="arc" xlink:arcrole="http://xbrl.org/arcrole/2008/element-label" xlink:from="loc_dnb-crd_c19" xlink:to="label_dnb-crd_c19" />
    <link:loc xlink:type="locator" xlink:href="f_22.09-rend.xml#dnb-crd_c20" xlink:label="loc_dnb-crd_c20" />
    <label:label xlink:type="resource" xlink:label="label_dnb-crd_c20" xml:lang="nl" xlink:role="http://www.xbrl.org/2008/role/label">Valutawisseldiensten voor zover deze samenhangen met het verrichten van beleggingsdiensten</label:label>
    <gen:arc xlink:type="arc" xlink:arcrole="http://xbrl.org/arcrole/2008/element-label" xlink:from="loc_dnb-crd_c20" xlink:to="label_dnb-crd_c20" />
    <link:loc xlink:type="locator" xlink:href="f_22.09-rend.xml#dnb-crd_c21" xlink:label="loc_dnb-crd_c21" />
    <label:label xlink:type="resource" xlink:label="label_dnb-crd_c21" xml:lang="nl" xlink:role="http://www.xbrl.org/2008/role/label">Onderzoek op beleggingsgebied en financiële analyse of andere vormen van algemene aanbevelingen in verband met transacties in financiële instrumenten</label:label>
    <gen:arc xlink:type="arc" xlink:arcrole="http://xbrl.org/arcrole/2008/element-label" xlink:from="loc_dnb-crd_c21" xlink:to="label_dnb-crd_c21" />
    <link:loc xlink:type="locator" xlink:href="f_22.09-rend.xml#dnb-crd_c22" xlink:label="loc_dnb-crd_c22" />
    <label:label xlink:type="resource" xlink:label="label_dnb-crd_c22" xml:lang="nl" xlink:role="http://www.xbrl.org/2008/role/label">Diensten in verband met het plaatsen van financiële instrumenten (underwriting)</label:label>
    <gen:arc xlink:type="arc" xlink:arcrole="http://xbrl.org/arcrole/2008/element-label" xlink:from="loc_dnb-crd_c22" xlink:to="label_dnb-crd_c22" />
    <link:loc xlink:type="locator" xlink:href="f_22.09-rend.xml#dnb-crd_c23" xlink:label="loc_dnb-crd_c23" />
    <label:label xlink:type="resource" xlink:label="label_dnb-crd_c23" xml:lang="nl" xlink:role="http://www.xbrl.org/2008/role/label">Beleggingsdiensten en -activiteiten alsmede nevendiensten van het type vermeld in deel A of B van bijlage I die verband houden met de onderliggende waarde van de derivaten, als bedoeld in de punten 5, 6, 7 en 9 van deel C, voor zover deze in verband staan</label:label>
    <gen:arc xlink:type="arc" xlink:arcrole="http://xbrl.org/arcrole/2008/element-label" xlink:from="loc_dnb-crd_c23" xlink:to="label_dnb-crd_c23" />
    <link:loc xlink:type="locator" xlink:href="f_22.09-rend.xml#dnb-crd_c24" xlink:label="loc_dnb-crd_c24" />
    <label:label xlink:type="resource" xlink:label="label_dnb-crd_c24" xml:lang="nl" xlink:role="http://www.xbrl.org/2008/role/label">Vermogensbeheeractiviteiten</label:label>
    <gen:arc xlink:type="arc" xlink:arcrole="http://xbrl.org/arcrole/2008/element-label" xlink:from="loc_dnb-crd_c24" xlink:to="label_dnb-crd_c24" />
    <link:loc xlink:type="locator" xlink:href="f_22.09-rend.xml#dnb-crd_c26" xlink:label="loc_dnb-crd_c26" />
    <label:label xlink:type="resource" xlink:label="label_dnb-crd_c26" xml:lang="nl" xlink:role="http://www.xbrl.org/2008/role/label">Fondsvermogensbeheeractiviteiten (2:65 WFT en 2:69b WFT)</label:label>
    <gen:arc xlink:type="arc" xlink:arcrole="http://xbrl.org/arcrole/2008/element-label" xlink:from="loc_dnb-crd_c26" xlink:to="label_dnb-crd_c26" />
    <link:loc xlink:type="locator" xlink:href="f_22.09-rend.xml#dnb-crd_c27" xlink:label="loc_dnb-crd_c27" />
    <label:label xlink:type="resource" xlink:label="label_dnb-crd_c27" xml:lang="nl" xlink:role="http://www.xbrl.org/2008/role/label">Fondsvermogensbeheeractiviteiten onder 2:69b WFT (ICBE)</label:label>
    <gen:arc xlink:type="arc" xlink:arcrole="http://xbrl.org/arcrole/2008/element-label" xlink:from="loc_dnb-crd_c27" xlink:to="label_dnb-crd_c27" />
    <link:loc xlink:type="locator" xlink:href="f_22.09-rend.xml#dnb-crd_c28" xlink:label="loc_dnb-crd_c28" />
    <label:label xlink:type="resource" xlink:label="label_dnb-crd_c28" xml:lang="nl" xlink:role="http://www.xbrl.org/2008/role/label">Fondsvermogensbeheeractiviteiten (anders dan AIF of ICBE)</label:label>
    <gen:arc xlink:type="arc" xlink:arcrole="http://xbrl.org/arcrole/2008/element-label" xlink:from="loc_dnb-crd_c28" xlink:to="label_dnb-crd_c28" />
    <link:loc xlink:type="locator" xlink:href="f_22.09-rend.xml#dnb-crd_c25" xlink:label="loc_dnb-crd_c25" />
    <label:label xlink:type="resource" xlink:label="label_dnb-crd_c25" xml:lang="nl" xlink:role="http://www.xbrl.org/2008/role/label">Overige activiteiten</label:label>
    <gen:arc xlink:type="arc" xlink:arcrole="http://xbrl.org/arcrole/2008/element-label" xlink:from="loc_dnb-crd_c25" xlink:to="label_dnb-crd_c25" />
    <link:loc xlink:type="locator" xlink:href="f_22.09-rend.xml#dnb-crd_c29" xlink:label="loc_dnb-crd_c29" />
    <label:label xlink:type="resource" xlink:label="label_dnb-crd_c29" xml:lang="nl" xlink:role="http://www.xbrl.org/2008/role/label">Betaaldiensten</label:label>
    <gen:arc xlink:type="arc" xlink:arcrole="http://xbrl.org/arcrole/2008/element-label" xlink:from="loc_dnb-crd_c29" xlink:to="label_dnb-crd_c29" />
    <link:loc xlink:type="locator" xlink:href="f_22.09-rend.xml#dnb-crd_c30" xlink:label="loc_dnb-crd_c30" />
    <label:label xlink:type="resource" xlink:label="label_dnb-crd_c30" xml:lang="nl" xlink:role="http://www.xbrl.org/2008/role/label">Trustdiensten</label:label>
    <gen:arc xlink:type="arc" xlink:arcrole="http://xbrl.org/arcrole/2008/element-label" xlink:from="loc_dnb-crd_c30" xlink:to="label_dnb-crd_c30" />
    <link:loc xlink:type="locator" xlink:href="f_22.09-rend.xml#dnb-crd_c31" xlink:label="loc_dnb-crd_c31" />
    <label:label xlink:type="resource" xlink:label="label_dnb-crd_c31" xml:lang="nl" xlink:role="http://www.xbrl.org/2008/role/label">Clearing en afwikkeling</label:label>
    <gen:arc xlink:type="arc" xlink:arcrole="http://xbrl.org/arcrole/2008/element-label" xlink:from="loc_dnb-crd_c31" xlink:to="label_dnb-crd_c31" />
    <link:loc xlink:type="locator" xlink:href="f_22.09-rend.xml#dnb-crd_c32" xlink:label="loc_dnb-crd_c32" />
    <label:label xlink:type="resource" xlink:label="label_dnb-crd_c32" xml:lang="nl" xlink:role="http://www.xbrl.org/2008/role/label">Overig</label:label>
    <gen:arc xlink:type="arc" xlink:arcrole="http://xbrl.org/arcrole/2008/element-label" xlink:from="loc_dnb-crd_c32" xlink:to="label_dnb-crd_c32" />
  </gen:link>
</link:linkbase>