﻿<?xml version="1.0" encoding="utf-8"?>
<!--© DNB-->
<link:linkbase xmlns:xsi="http://www.w3.org/2001/XMLSchema-instance" xmlns:xlink="http://www.w3.org/1999/xlink" xmlns:link="http://www.xbrl.org/2003/linkbase" xmlns:gen="http://xbrl.org/2008/generic" xmlns:label="http://xbrl.org/2008/label" xsi:schemaLocation="http://www.xbrl.org/2003/linkbase http://www.xbrl.org/2003/xbrl-linkbase-2003-12-31.xsd http://xbrl.org/2008/generic http://www.xbrl.org/2008/generic-link.xsd http://xbrl.org/2008/label http://www.xbrl.org/2008/generic-label.xsd">
  <link:arcroleRef arcroleURI="http://xbrl.org/arcrole/2008/element-label" xlink:type="simple" xlink:href="http://www.xbrl.org/2008/generic-label.xsd#element-label" />
  <link:roleRef roleURI="http://www.xbrl.org/2008/role/label" xlink:type="simple" xlink:href="http://www.xbrl.org/2008/generic-label.xsd#standard-label" />
  <link:roleRef roleURI="http://www.xbrl.org/2008/role/verboseLabel" xlink:type="simple" xlink:href="http://www.xbrl.org/2008/generic-label.xsd#verbose-label" />
  <gen:link xlink:type="extended" xlink:role="http://www.xbrl.org/2003/role/link">
    <link:loc xlink:type="locator" xlink:href="f_22.09-rend.xml#dnb-crd_tF_22.09" xlink:label="loc_dnb-crd_tF_22.09" />
    <label:label xlink:type="resource" xlink:label="label_dnb-crd_tF_22.09" xml:lang="en" xlink:role="http://www.xbrl.org/2008/role/label">F 22.09</label:label>
    <gen:arc xlink:type="arc" xlink:arcrole="http://xbrl.org/arcrole/2008/element-label" xlink:from="loc_dnb-crd_tF_22.09" xlink:to="label_dnb-crd_tF_22.09" />
    <label:label xlink:type="resource" xlink:label="label_dnb-crd_tF_22.09_1" xml:lang="en" xlink:role="http://www.xbrl.org/2008/role/verboseLabel">F 22.09 Fee and commission income by activity</label:label>
    <gen:arc xlink:type="arc" xlink:arcrole="http://xbrl.org/arcrole/2008/element-label" xlink:from="loc_dnb-crd_tF_22.09" xlink:to="label_dnb-crd_tF_22.09_1" />
    <link:loc xlink:type="locator" xlink:href="f_22.09-rend.xml#dnb-crd_a1" xlink:label="loc_dnb-crd_a1" />
    <label:label xlink:type="resource" xlink:label="label_dnb-crd_a1" xml:lang="en" xlink:role="http://www.xbrl.org/2008/role/label">Columns</label:label>
    <gen:arc xlink:type="arc" xlink:arcrole="http://xbrl.org/arcrole/2008/element-label" xlink:from="loc_dnb-crd_a1" xlink:to="label_dnb-crd_a1" />
    <link:loc xlink:type="locator" xlink:href="f_22.09-rend.xml#dnb-crd_c3" xlink:label="loc_dnb-crd_c3" />
    <label:label xlink:type="resource" xlink:label="label_dnb-crd_c3" xml:lang="en" xlink:role="http://www.xbrl.org/2008/role/label">Current period</label:label>
    <gen:arc xlink:type="arc" xlink:arcrole="http://xbrl.org/arcrole/2008/element-label" xlink:from="loc_dnb-crd_c3" xlink:to="label_dnb-crd_c3" />
    <link:loc xlink:type="locator" xlink:href="f_22.09-rend.xml#dnb-crd_a2" xlink:label="loc_dnb-crd_a2" />
    <label:label xlink:type="resource" xlink:label="label_dnb-crd_a2" xml:lang="en" xlink:role="http://www.xbrl.org/2008/role/label">Rows</label:label>
    <gen:arc xlink:type="arc" xlink:arcrole="http://xbrl.org/arcrole/2008/element-label" xlink:from="loc_dnb-crd_a2" xlink:to="label_dnb-crd_a2" />
    <link:loc xlink:type="locator" xlink:href="f_22.09-rend.xml#dnb-crd_c4" xlink:label="loc_dnb-crd_c4" />
    <label:label xlink:type="resource" xlink:label="label_dnb-crd_c4" xml:lang="en" xlink:role="http://www.xbrl.org/2008/role/label">Investment services and activities</label:label>
    <gen:arc xlink:type="arc" xlink:arcrole="http://xbrl.org/arcrole/2008/element-label" xlink:from="loc_dnb-crd_c4" xlink:to="label_dnb-crd_c4" />
    <link:loc xlink:type="locator" xlink:href="f_22.09-rend.xml#dnb-crd_c5" xlink:label="loc_dnb-crd_c5" />
    <label:label xlink:type="resource" xlink:label="label_dnb-crd_c5" xml:lang="en" xlink:role="http://www.xbrl.org/2008/role/label">Reception and transmission of orders in relation to one or more financial instruments</label:label>
    <gen:arc xlink:type="arc" xlink:arcrole="http://xbrl.org/arcrole/2008/element-label" xlink:from="loc_dnb-crd_c5" xlink:to="label_dnb-crd_c5" />
    <link:loc xlink:type="locator" xlink:href="f_22.09-rend.xml#dnb-crd_c14" xlink:label="loc_dnb-crd_c14" />
    <label:label xlink:type="resource" xlink:label="label_dnb-crd_c14" xml:lang="en" xlink:role="http://www.xbrl.org/2008/role/label">Execution of orders on behalf of clients</label:label>
    <gen:arc xlink:type="arc" xlink:arcrole="http://xbrl.org/arcrole/2008/element-label" xlink:from="loc_dnb-crd_c14" xlink:to="label_dnb-crd_c14" />
    <link:loc xlink:type="locator" xlink:href="f_22.09-rend.xml#dnb-crd_c6" xlink:label="loc_dnb-crd_c6" />
    <label:label xlink:type="resource" xlink:label="label_dnb-crd_c6" xml:lang="en" xlink:role="http://www.xbrl.org/2008/role/label">Dealing on own account</label:label>
    <gen:arc xlink:type="arc" xlink:arcrole="http://xbrl.org/arcrole/2008/element-label" xlink:from="loc_dnb-crd_c6" xlink:to="label_dnb-crd_c6" />
    <link:loc xlink:type="locator" xlink:href="f_22.09-rend.xml#dnb-crd_c7" xlink:label="loc_dnb-crd_c7" />
    <label:label xlink:type="resource" xlink:label="label_dnb-crd_c7" xml:lang="en" xlink:role="http://www.xbrl.org/2008/role/label">Portfolio management</label:label>
    <gen:arc xlink:type="arc" xlink:arcrole="http://xbrl.org/arcrole/2008/element-label" xlink:from="loc_dnb-crd_c7" xlink:to="label_dnb-crd_c7" />
    <link:loc xlink:type="locator" xlink:href="f_22.09-rend.xml#dnb-crd_c8" xlink:label="loc_dnb-crd_c8" />
    <label:label xlink:type="resource" xlink:label="label_dnb-crd_c8" xml:lang="en" xlink:role="http://www.xbrl.org/2008/role/label">Investment advice</label:label>
    <gen:arc xlink:type="arc" xlink:arcrole="http://xbrl.org/arcrole/2008/element-label" xlink:from="loc_dnb-crd_c8" xlink:to="label_dnb-crd_c8" />
    <link:loc xlink:type="locator" xlink:href="f_22.09-rend.xml#dnb-crd_c9" xlink:label="loc_dnb-crd_c9" />
    <label:label xlink:type="resource" xlink:label="label_dnb-crd_c9" xml:lang="en" xlink:role="http://www.xbrl.org/2008/role/label">Underwriting of financial instruments and/or placing of financial instruments on a firm commitment basis</label:label>
    <gen:arc xlink:type="arc" xlink:arcrole="http://xbrl.org/arcrole/2008/element-label" xlink:from="loc_dnb-crd_c9" xlink:to="label_dnb-crd_c9" />
    <link:loc xlink:type="locator" xlink:href="f_22.09-rend.xml#dnb-crd_c10" xlink:label="loc_dnb-crd_c10" />
    <label:label xlink:type="resource" xlink:label="label_dnb-crd_c10" xml:lang="en" xlink:role="http://www.xbrl.org/2008/role/label">Placing of financial instruments without a firm commitment basis</label:label>
    <gen:arc xlink:type="arc" xlink:arcrole="http://xbrl.org/arcrole/2008/element-label" xlink:from="loc_dnb-crd_c10" xlink:to="label_dnb-crd_c10" />
    <link:loc xlink:type="locator" xlink:href="f_22.09-rend.xml#dnb-crd_c11" xlink:label="loc_dnb-crd_c11" />
    <label:label xlink:type="resource" xlink:label="label_dnb-crd_c11" xml:lang="en" xlink:role="http://www.xbrl.org/2008/role/label">Operation of an MTF</label:label>
    <gen:arc xlink:type="arc" xlink:arcrole="http://xbrl.org/arcrole/2008/element-label" xlink:from="loc_dnb-crd_c11" xlink:to="label_dnb-crd_c11" />
    <link:loc xlink:type="locator" xlink:href="f_22.09-rend.xml#dnb-crd_c12" xlink:label="loc_dnb-crd_c12" />
    <label:label xlink:type="resource" xlink:label="label_dnb-crd_c12" xml:lang="en" xlink:role="http://www.xbrl.org/2008/role/label">Operation of an OTF</label:label>
    <gen:arc xlink:type="arc" xlink:arcrole="http://xbrl.org/arcrole/2008/element-label" xlink:from="loc_dnb-crd_c12" xlink:to="label_dnb-crd_c12" />
    <link:loc xlink:type="locator" xlink:href="f_22.09-rend.xml#dnb-crd_c15" xlink:label="loc_dnb-crd_c15" />
    <label:label xlink:type="resource" xlink:label="label_dnb-crd_c15" xml:lang="en" xlink:role="http://www.xbrl.org/2008/role/label">Ancillary services</label:label>
    <gen:arc xlink:type="arc" xlink:arcrole="http://xbrl.org/arcrole/2008/element-label" xlink:from="loc_dnb-crd_c15" xlink:to="label_dnb-crd_c15" />
    <link:loc xlink:type="locator" xlink:href="f_22.09-rend.xml#dnb-crd_c17" xlink:label="loc_dnb-crd_c17" />
    <label:label xlink:type="resource" xlink:label="label_dnb-crd_c17" xml:lang="en" xlink:role="http://www.xbrl.org/2008/role/label">Safekeeping and administration of financial instruments for the account of clients, including custodianship and related services such as cash/collateral management and excluding maintaining securities accounts at the top tier level</label:label>
    <gen:arc xlink:type="arc" xlink:arcrole="http://xbrl.org/arcrole/2008/element-label" xlink:from="loc_dnb-crd_c17" xlink:to="label_dnb-crd_c17" />
    <link:loc xlink:type="locator" xlink:href="f_22.09-rend.xml#dnb-crd_c18" xlink:label="loc_dnb-crd_c18" />
    <label:label xlink:type="resource" xlink:label="label_dnb-crd_c18" xml:lang="en" xlink:role="http://www.xbrl.org/2008/role/label">Granting credits or loans to an investor to allow him to carry out a transaction in one or more financial instruments, where the firm granting the credit or loan is involved in the transaction</label:label>
    <gen:arc xlink:type="arc" xlink:arcrole="http://xbrl.org/arcrole/2008/element-label" xlink:from="loc_dnb-crd_c18" xlink:to="label_dnb-crd_c18" />
    <link:loc xlink:type="locator" xlink:href="f_22.09-rend.xml#dnb-crd_c19" xlink:label="loc_dnb-crd_c19" />
    <label:label xlink:type="resource" xlink:label="label_dnb-crd_c19" xml:lang="en" xlink:role="http://www.xbrl.org/2008/role/label">Advice to undertakings on capital structure, industrial strategy and related matters and advice and services relating to mergers and the purchase of undertakings</label:label>
    <gen:arc xlink:type="arc" xlink:arcrole="http://xbrl.org/arcrole/2008/element-label" xlink:from="loc_dnb-crd_c19" xlink:to="label_dnb-crd_c19" />
    <link:loc xlink:type="locator" xlink:href="f_22.09-rend.xml#dnb-crd_c20" xlink:label="loc_dnb-crd_c20" />
    <label:label xlink:type="resource" xlink:label="label_dnb-crd_c20" xml:lang="en" xlink:role="http://www.xbrl.org/2008/role/label">Foreign exchange services where these are connected to the provision of investment services</label:label>
    <gen:arc xlink:type="arc" xlink:arcrole="http://xbrl.org/arcrole/2008/element-label" xlink:from="loc_dnb-crd_c20" xlink:to="label_dnb-crd_c20" />
    <link:loc xlink:type="locator" xlink:href="f_22.09-rend.xml#dnb-crd_c21" xlink:label="loc_dnb-crd_c21" />
    <label:label xlink:type="resource" xlink:label="label_dnb-crd_c21" xml:lang="en" xlink:role="http://www.xbrl.org/2008/role/label">Investment research and financial analysis or other forms of general recommendation relating to transactions in financial instruments</label:label>
    <gen:arc xlink:type="arc" xlink:arcrole="http://xbrl.org/arcrole/2008/element-label" xlink:from="loc_dnb-crd_c21" xlink:to="label_dnb-crd_c21" />
    <link:loc xlink:type="locator" xlink:href="f_22.09-rend.xml#dnb-crd_c22" xlink:label="loc_dnb-crd_c22" />
    <label:label xlink:type="resource" xlink:label="label_dnb-crd_c22" xml:lang="en" xlink:role="http://www.xbrl.org/2008/role/label">Services related to underwriting</label:label>
    <gen:arc xlink:type="arc" xlink:arcrole="http://xbrl.org/arcrole/2008/element-label" xlink:from="loc_dnb-crd_c22" xlink:to="label_dnb-crd_c22" />
    <link:loc xlink:type="locator" xlink:href="f_22.09-rend.xml#dnb-crd_c23" xlink:label="loc_dnb-crd_c23" />
    <label:label xlink:type="resource" xlink:label="label_dnb-crd_c23" xml:lang="en" xlink:role="http://www.xbrl.org/2008/role/label">Investment services and activities as well as ancillary services of the type included under Section A or B of Annex 1 related to the underlying of the derivatives included under points (5), (6), (7) and (10) of Section C where these are connected to the provision of investment or ancillary services</label:label>
    <gen:arc xlink:type="arc" xlink:arcrole="http://xbrl.org/arcrole/2008/element-label" xlink:from="loc_dnb-crd_c23" xlink:to="label_dnb-crd_c23" />
    <link:loc xlink:type="locator" xlink:href="f_22.09-rend.xml#dnb-crd_c24" xlink:label="loc_dnb-crd_c24" />
    <label:label xlink:type="resource" xlink:label="label_dnb-crd_c24" xml:lang="en" xlink:role="http://www.xbrl.org/2008/role/label">Investement management activities</label:label>
    <gen:arc xlink:type="arc" xlink:arcrole="http://xbrl.org/arcrole/2008/element-label" xlink:from="loc_dnb-crd_c24" xlink:to="label_dnb-crd_c24" />
    <link:loc xlink:type="locator" xlink:href="f_22.09-rend.xml#dnb-crd_c26" xlink:label="loc_dnb-crd_c26" />
    <label:label xlink:type="resource" xlink:label="label_dnb-crd_c26" xml:lang="en" xlink:role="http://www.xbrl.org/2008/role/label">Investment services under 2:65, 2:66a WFT (AIF)</label:label>
    <gen:arc xlink:type="arc" xlink:arcrole="http://xbrl.org/arcrole/2008/element-label" xlink:from="loc_dnb-crd_c26" xlink:to="label_dnb-crd_c26" />
    <link:loc xlink:type="locator" xlink:href="f_22.09-rend.xml#dnb-crd_c27" xlink:label="loc_dnb-crd_c27" />
    <label:label xlink:type="resource" xlink:label="label_dnb-crd_c27" xml:lang="en" xlink:role="http://www.xbrl.org/2008/role/label">Investment services under 2:69b WFT (UCITS)</label:label>
    <gen:arc xlink:type="arc" xlink:arcrole="http://xbrl.org/arcrole/2008/element-label" xlink:from="loc_dnb-crd_c27" xlink:to="label_dnb-crd_c27" />
    <link:loc xlink:type="locator" xlink:href="f_22.09-rend.xml#dnb-crd_c28" xlink:label="loc_dnb-crd_c28" />
    <label:label xlink:type="resource" xlink:label="label_dnb-crd_c28" xml:lang="en" xlink:role="http://www.xbrl.org/2008/role/label">Investment services (other than AIF and UCITS)</label:label>
    <gen:arc xlink:type="arc" xlink:arcrole="http://xbrl.org/arcrole/2008/element-label" xlink:from="loc_dnb-crd_c28" xlink:to="label_dnb-crd_c28" />
    <link:loc xlink:type="locator" xlink:href="f_22.09-rend.xml#dnb-crd_c25" xlink:label="loc_dnb-crd_c25" />
    <label:label xlink:type="resource" xlink:label="label_dnb-crd_c25" xml:lang="en" xlink:role="http://www.xbrl.org/2008/role/label">Other activities</label:label>
    <gen:arc xlink:type="arc" xlink:arcrole="http://xbrl.org/arcrole/2008/element-label" xlink:from="loc_dnb-crd_c25" xlink:to="label_dnb-crd_c25" />
    <link:loc xlink:type="locator" xlink:href="f_22.09-rend.xml#dnb-crd_c29" xlink:label="loc_dnb-crd_c29" />
    <label:label xlink:type="resource" xlink:label="label_dnb-crd_c29" xml:lang="en" xlink:role="http://www.xbrl.org/2008/role/label">Payment services</label:label>
    <gen:arc xlink:type="arc" xlink:arcrole="http://xbrl.org/arcrole/2008/element-label" xlink:from="loc_dnb-crd_c29" xlink:to="label_dnb-crd_c29" />
    <link:loc xlink:type="locator" xlink:href="f_22.09-rend.xml#dnb-crd_c30" xlink:label="loc_dnb-crd_c30" />
    <label:label xlink:type="resource" xlink:label="label_dnb-crd_c30" xml:lang="en" xlink:role="http://www.xbrl.org/2008/role/label">Trust activities</label:label>
    <gen:arc xlink:type="arc" xlink:arcrole="http://xbrl.org/arcrole/2008/element-label" xlink:from="loc_dnb-crd_c30" xlink:to="label_dnb-crd_c30" />
    <link:loc xlink:type="locator" xlink:href="f_22.09-rend.xml#dnb-crd_c31" xlink:label="loc_dnb-crd_c31" />
    <label:label xlink:type="resource" xlink:label="label_dnb-crd_c31" xml:lang="en" xlink:role="http://www.xbrl.org/2008/role/label">Clearing and settlement</label:label>
    <gen:arc xlink:type="arc" xlink:arcrole="http://xbrl.org/arcrole/2008/element-label" xlink:from="loc_dnb-crd_c31" xlink:to="label_dnb-crd_c31" />
    <link:loc xlink:type="locator" xlink:href="f_22.09-rend.xml#dnb-crd_c32" xlink:label="loc_dnb-crd_c32" />
    <label:label xlink:type="resource" xlink:label="label_dnb-crd_c32" xml:lang="en" xlink:role="http://www.xbrl.org/2008/role/label">Other</label:label>
    <gen:arc xlink:type="arc" xlink:arcrole="http://xbrl.org/arcrole/2008/element-label" xlink:from="loc_dnb-crd_c32" xlink:to="label_dnb-crd_c32" />
  </gen:link>
</link:linkbase>