﻿<?xml version="1.0" encoding="utf-8"?>
<!--© DNB-->
<link:linkbase xmlns:xsi="http://www.w3.org/2001/XMLSchema-instance" xmlns:xlink="http://www.w3.org/1999/xlink" xmlns:link="http://www.xbrl.org/2003/linkbase" xmlns:gen="http://xbrl.org/2008/generic" xmlns:label="http://xbrl.org/2008/label" xmlns:formula="http://xbrl.org/2008/formula" xmlns:df="http://xbrl.org/2008/filter/dimension" xmlns:table="http://xbrl.org/2014/table" xmlns:model="http://www.eurofiling.info/xbrl/ext/model" xmlns:dnbeba_met="http://www.eba.europa.eu/xbrl/crr/dict/met" xmlns:dnbeba_dim="http://www.eba.europa.eu/xbrl/crr/dict/dim" xmlns:dnbeba_MC="http://www.eba.europa.eu/xbrl/crr/dict/dom/MC" xmlns:dnbeba_BA="http://www.eba.europa.eu/xbrl/crr/dict/dom/BA" xmlns:dnb-crd_dnbeba_MC="http://www.dnb.nl/xbrl/xtn/dict/dom/dnbeba_MC" xmlns:dnb-crd_dnbeba_TA="http://www.dnb.nl/xbrl/xtn/dict/dom/dnbeba_TA" xmlns:dnb-crd_dim="http://www.dnb.nl/xbrl/xtn/dict/dim" xmlns:dnb-crd_TF="http://www.dnb.nl/xbrl/xtn/dict/dom/TF" xmlns:dnbeba_TA="http://www.eba.europa.eu/xbrl/crr/dict/dom/TA" xsi:schemaLocation="http://www.xbrl.org/2003/linkbase http://www.xbrl.org/2003/xbrl-linkbase-2003-12-31.xsd http://xbrl.org/2008/generic http://www.xbrl.org/2008/generic-link.xsd http://xbrl.org/2008/label http://www.xbrl.org/2008/generic-label.xsd http://xbrl.org/2008/formula http://www.xbrl.org/2008/formula.xsd http://xbrl.org/2008/filter/dimension http://www.xbrl.org/2008/dimension-filter.xsd http://xbrl.org/2014/table http://www.xbrl.org/2014/table.xsd http://www.eurofiling.info/xbrl/ext/model http://www.eurofiling.info/eu/fr/xbrl/ext/model.xsd">
  <link:arcroleRef arcroleURI="http://xbrl.org/arcrole/2014/breakdown-tree" xlink:type="simple" xlink:href="http://www.xbrl.org/2014/table.xsd#breakdown-tree" />
  <link:arcroleRef arcroleURI="http://xbrl.org/arcrole/2014/definition-node-subtree" xlink:type="simple" xlink:href="http://www.xbrl.org/2014/table.xsd#definition-node-subtree" />
  <link:arcroleRef arcroleURI="http://xbrl.org/arcrole/2014/table-breakdown" xlink:type="simple" xlink:href="http://www.xbrl.org/2014/table.xsd#table-breakdown" />
  <link:roleRef roleURI="http://www.dnb.nl/xbrl/xtn/role/fws/FINREP-BO/wft-3-72/2017-11-01/tab/F_22.09" xlink:type="simple" xlink:href="f_22.09.xsd#role" />
  <gen:link xlink:type="extended" xlink:role="http://www.dnb.nl/xbrl/xtn/role/fws/FINREP-BO/wft-3-72/2017-11-01/tab/F_22.09">
    <table:table xlink:type="resource" xlink:label="dnb-crd_tF_22.09" id="dnb-crd_tF_22.09" />
    <table:breakdown xlink:type="resource" xlink:label="dnb-crd_a1" parentChildOrder="parent-first" id="dnb-crd_a1" />
    <table:ruleNode xlink:type="resource" xlink:label="dnb-crd_a1.root" abstract="true" merge="true" id="dnb-crd_a1.root" />
    <table:breakdownTreeArc xlink:type="arc" xlink:arcrole="http://xbrl.org/arcrole/2014/breakdown-tree" xlink:from="dnb-crd_a1" xlink:to="dnb-crd_a1.root" order="0" />
    <table:ruleNode xlink:type="resource" xlink:label="dnb-crd_c3" id="dnb-crd_c3">
      <formula:concept>
        <formula:qname>dnbeba_met:md103</formula:qname>
      </formula:concept>
      <formula:explicitDimension dimension="dnbeba_dim:MCY">
        <formula:member>
          <formula:qname>dnbeba_MC:x153</formula:qname>
        </formula:member>
      </formula:explicitDimension>
      <formula:explicitDimension dimension="dnbeba_dim:BAS">
        <formula:member>
          <formula:qname>dnbeba_BA:x5</formula:qname>
        </formula:member>
      </formula:explicitDimension>
    </table:ruleNode>
    <table:definitionNodeSubtreeArc xlink:type="arc" xlink:arcrole="http://xbrl.org/arcrole/2014/definition-node-subtree" xlink:from="dnb-crd_a1.root" xlink:to="dnb-crd_c3" order="1" />
    <table:tableBreakdownArc xlink:type="arc" xlink:arcrole="http://xbrl.org/arcrole/2014/table-breakdown" xlink:from="dnb-crd_tF_22.09" xlink:to="dnb-crd_a1" axis="x" order="1" />
    <table:breakdown xlink:type="resource" xlink:label="dnb-crd_a2" parentChildOrder="parent-first" id="dnb-crd_a2" />
    <table:ruleNode xlink:type="resource" xlink:label="dnb-crd_a2.root" abstract="true" merge="true" id="dnb-crd_a2.root" />
    <table:breakdownTreeArc xlink:type="arc" xlink:arcrole="http://xbrl.org/arcrole/2014/breakdown-tree" xlink:from="dnb-crd_a2" xlink:to="dnb-crd_a2.root" order="0" />
    <table:ruleNode xlink:type="resource" xlink:label="dnb-crd_c4" id="dnb-crd_c4">
      <formula:explicitDimension dimension="dnbeba_dim:MCE">
        <formula:member>
          <formula:qname>dnb-crd_dnbeba_MC:x1002</formula:qname>
        </formula:member>
      </formula:explicitDimension>
    </table:ruleNode>
    <table:ruleNode xlink:type="resource" xlink:label="dnb-crd_c5" id="dnb-crd_c5">
      <formula:explicitDimension dimension="dnbeba_dim:MCE">
        <formula:member>
          <formula:qname>dnb-crd_dnbeba_MC:x1002</formula:qname>
        </formula:member>
      </formula:explicitDimension>
      <formula:explicitDimension dimension="dnbeba_dim:TYA">
        <formula:member>
          <formula:qname>dnb-crd_dnbeba_TA:x1012</formula:qname>
        </formula:member>
      </formula:explicitDimension>
    </table:ruleNode>
    <table:definitionNodeSubtreeArc xlink:type="arc" xlink:arcrole="http://xbrl.org/arcrole/2014/definition-node-subtree" xlink:from="dnb-crd_c4" xlink:to="dnb-crd_c5" order="1" />
    <table:ruleNode xlink:type="resource" xlink:label="dnb-crd_c14" id="dnb-crd_c14">
      <formula:explicitDimension dimension="dnbeba_dim:MCE">
        <formula:member>
          <formula:qname>dnb-crd_dnbeba_MC:x1002</formula:qname>
        </formula:member>
      </formula:explicitDimension>
      <formula:explicitDimension dimension="dnbeba_dim:TYA">
        <formula:member>
          <formula:qname>dnb-crd_dnbeba_TA:x1002</formula:qname>
        </formula:member>
      </formula:explicitDimension>
    </table:ruleNode>
    <table:definitionNodeSubtreeArc xlink:type="arc" xlink:arcrole="http://xbrl.org/arcrole/2014/definition-node-subtree" xlink:from="dnb-crd_c4" xlink:to="dnb-crd_c14" order="2" />
    <table:ruleNode xlink:type="resource" xlink:label="dnb-crd_c6" id="dnb-crd_c6">
      <formula:explicitDimension dimension="dnbeba_dim:MCE">
        <formula:member>
          <formula:qname>dnb-crd_dnbeba_MC:x1002</formula:qname>
        </formula:member>
      </formula:explicitDimension>
      <formula:explicitDimension dimension="dnbeba_dim:TYA">
        <formula:member>
          <formula:qname>dnb-crd_dnbeba_TA:x1001</formula:qname>
        </formula:member>
      </formula:explicitDimension>
    </table:ruleNode>
    <table:definitionNodeSubtreeArc xlink:type="arc" xlink:arcrole="http://xbrl.org/arcrole/2014/definition-node-subtree" xlink:from="dnb-crd_c4" xlink:to="dnb-crd_c6" order="3" />
    <table:ruleNode xlink:type="resource" xlink:label="dnb-crd_c7" id="dnb-crd_c7">
      <formula:explicitDimension dimension="dnbeba_dim:MCE">
        <formula:member>
          <formula:qname>dnb-crd_dnbeba_MC:x1002</formula:qname>
        </formula:member>
      </formula:explicitDimension>
      <formula:explicitDimension dimension="dnbeba_dim:TYA">
        <formula:member>
          <formula:qname>dnb-crd_dnbeba_TA:x1011</formula:qname>
        </formula:member>
      </formula:explicitDimension>
    </table:ruleNode>
    <table:definitionNodeSubtreeArc xlink:type="arc" xlink:arcrole="http://xbrl.org/arcrole/2014/definition-node-subtree" xlink:from="dnb-crd_c4" xlink:to="dnb-crd_c7" order="4" />
    <table:ruleNode xlink:type="resource" xlink:label="dnb-crd_c8" id="dnb-crd_c8">
      <formula:explicitDimension dimension="dnbeba_dim:MCE">
        <formula:member>
          <formula:qname>dnb-crd_dnbeba_MC:x1002</formula:qname>
        </formula:member>
      </formula:explicitDimension>
      <formula:explicitDimension dimension="dnbeba_dim:TYA">
        <formula:member>
          <formula:qname>dnb-crd_dnbeba_TA:x1005</formula:qname>
        </formula:member>
      </formula:explicitDimension>
    </table:ruleNode>
    <table:definitionNodeSubtreeArc xlink:type="arc" xlink:arcrole="http://xbrl.org/arcrole/2014/definition-node-subtree" xlink:from="dnb-crd_c4" xlink:to="dnb-crd_c8" order="5" />
    <table:ruleNode xlink:type="resource" xlink:label="dnb-crd_c9" id="dnb-crd_c9">
      <formula:explicitDimension dimension="dnbeba_dim:MCE">
        <formula:member>
          <formula:qname>dnb-crd_dnbeba_MC:x1002</formula:qname>
        </formula:member>
      </formula:explicitDimension>
      <formula:explicitDimension dimension="dnbeba_dim:TYA">
        <formula:member>
          <formula:qname>dnb-crd_dnbeba_TA:x1015</formula:qname>
        </formula:member>
      </formula:explicitDimension>
    </table:ruleNode>
    <table:definitionNodeSubtreeArc xlink:type="arc" xlink:arcrole="http://xbrl.org/arcrole/2014/definition-node-subtree" xlink:from="dnb-crd_c4" xlink:to="dnb-crd_c9" order="6" />
    <table:ruleNode xlink:type="resource" xlink:label="dnb-crd_c10" id="dnb-crd_c10">
      <formula:explicitDimension dimension="dnbeba_dim:MCE">
        <formula:member>
          <formula:qname>dnb-crd_dnbeba_MC:x1002</formula:qname>
        </formula:member>
      </formula:explicitDimension>
      <formula:explicitDimension dimension="dnbeba_dim:TYA">
        <formula:member>
          <formula:qname>dnb-crd_dnbeba_TA:x1010</formula:qname>
        </formula:member>
      </formula:explicitDimension>
    </table:ruleNode>
    <table:definitionNodeSubtreeArc xlink:type="arc" xlink:arcrole="http://xbrl.org/arcrole/2014/definition-node-subtree" xlink:from="dnb-crd_c4" xlink:to="dnb-crd_c10" order="7" />
    <table:ruleNode xlink:type="resource" xlink:label="dnb-crd_c11" id="dnb-crd_c11">
      <formula:explicitDimension dimension="dnbeba_dim:MCE">
        <formula:member>
          <formula:qname>dnb-crd_dnbeba_MC:x1002</formula:qname>
        </formula:member>
      </formula:explicitDimension>
      <formula:explicitDimension dimension="dnbeba_dim:TYA">
        <formula:member>
          <formula:qname>dnb-crd_dnbeba_TA:x1008</formula:qname>
        </formula:member>
      </formula:explicitDimension>
    </table:ruleNode>
    <table:definitionNodeSubtreeArc xlink:type="arc" xlink:arcrole="http://xbrl.org/arcrole/2014/definition-node-subtree" xlink:from="dnb-crd_c4" xlink:to="dnb-crd_c11" order="8" />
    <table:ruleNode xlink:type="resource" xlink:label="dnb-crd_c12" id="dnb-crd_c12">
      <formula:explicitDimension dimension="dnbeba_dim:MCE">
        <formula:member>
          <formula:qname>dnb-crd_dnbeba_MC:x1002</formula:qname>
        </formula:member>
      </formula:explicitDimension>
      <formula:explicitDimension dimension="dnbeba_dim:TYA">
        <formula:member>
          <formula:qname>dnb-crd_dnbeba_TA:x1009</formula:qname>
        </formula:member>
      </formula:explicitDimension>
    </table:ruleNode>
    <table:definitionNodeSubtreeArc xlink:type="arc" xlink:arcrole="http://xbrl.org/arcrole/2014/definition-node-subtree" xlink:from="dnb-crd_c4" xlink:to="dnb-crd_c12" order="9" />
    <table:definitionNodeSubtreeArc xlink:type="arc" xlink:arcrole="http://xbrl.org/arcrole/2014/definition-node-subtree" xlink:from="dnb-crd_a2.root" xlink:to="dnb-crd_c4" order="1" />
    <table:ruleNode xlink:type="resource" xlink:label="dnb-crd_c15" id="dnb-crd_c15">
      <formula:explicitDimension dimension="dnbeba_dim:MCE">
        <formula:member>
          <formula:qname>dnb-crd_dnbeba_MC:x1003</formula:qname>
        </formula:member>
      </formula:explicitDimension>
    </table:ruleNode>
    <table:ruleNode xlink:type="resource" xlink:label="dnb-crd_c17" id="dnb-crd_c17">
      <formula:explicitDimension dimension="dnbeba_dim:MCE">
        <formula:member>
          <formula:qname>dnb-crd_dnbeba_MC:x1003</formula:qname>
        </formula:member>
      </formula:explicitDimension>
      <formula:explicitDimension dimension="dnbeba_dim:TYA">
        <formula:member>
          <formula:qname>dnb-crd_dnbeba_TA:x1013</formula:qname>
        </formula:member>
      </formula:explicitDimension>
    </table:ruleNode>
    <table:definitionNodeSubtreeArc xlink:type="arc" xlink:arcrole="http://xbrl.org/arcrole/2014/definition-node-subtree" xlink:from="dnb-crd_c15" xlink:to="dnb-crd_c17" order="1" />
    <table:ruleNode xlink:type="resource" xlink:label="dnb-crd_c18" id="dnb-crd_c18">
      <formula:explicitDimension dimension="dnbeba_dim:MCE">
        <formula:member>
          <formula:qname>dnb-crd_dnbeba_MC:x1003</formula:qname>
        </formula:member>
      </formula:explicitDimension>
      <formula:explicitDimension dimension="dnbeba_dim:TYA">
        <formula:member>
          <formula:qname>dnb-crd_dnbeba_TA:x1004</formula:qname>
        </formula:member>
      </formula:explicitDimension>
    </table:ruleNode>
    <table:definitionNodeSubtreeArc xlink:type="arc" xlink:arcrole="http://xbrl.org/arcrole/2014/definition-node-subtree" xlink:from="dnb-crd_c15" xlink:to="dnb-crd_c18" order="2" />
    <table:ruleNode xlink:type="resource" xlink:label="dnb-crd_c19" id="dnb-crd_c19">
      <formula:explicitDimension dimension="dnbeba_dim:MCE">
        <formula:member>
          <formula:qname>dnb-crd_dnbeba_MC:x1003</formula:qname>
        </formula:member>
      </formula:explicitDimension>
      <formula:explicitDimension dimension="dnbeba_dim:TYA">
        <formula:member>
          <formula:qname>dnb-crd_dnbeba_TA:x1000</formula:qname>
        </formula:member>
      </formula:explicitDimension>
    </table:ruleNode>
    <table:definitionNodeSubtreeArc xlink:type="arc" xlink:arcrole="http://xbrl.org/arcrole/2014/definition-node-subtree" xlink:from="dnb-crd_c15" xlink:to="dnb-crd_c19" order="3" />
    <table:ruleNode xlink:type="resource" xlink:label="dnb-crd_c20" id="dnb-crd_c20">
      <formula:explicitDimension dimension="dnbeba_dim:MCE">
        <formula:member>
          <formula:qname>dnb-crd_dnbeba_MC:x1003</formula:qname>
        </formula:member>
      </formula:explicitDimension>
      <formula:explicitDimension dimension="dnbeba_dim:TYA">
        <formula:member>
          <formula:qname>dnb-crd_dnbeba_TA:x1003</formula:qname>
        </formula:member>
      </formula:explicitDimension>
    </table:ruleNode>
    <table:definitionNodeSubtreeArc xlink:type="arc" xlink:arcrole="http://xbrl.org/arcrole/2014/definition-node-subtree" xlink:from="dnb-crd_c15" xlink:to="dnb-crd_c20" order="4" />
    <table:ruleNode xlink:type="resource" xlink:label="dnb-crd_c21" id="dnb-crd_c21">
      <formula:explicitDimension dimension="dnbeba_dim:MCE">
        <formula:member>
          <formula:qname>dnb-crd_dnbeba_MC:x1003</formula:qname>
        </formula:member>
      </formula:explicitDimension>
      <formula:explicitDimension dimension="dnbeba_dim:TYA">
        <formula:member>
          <formula:qname>dnb-crd_dnbeba_TA:x1006</formula:qname>
        </formula:member>
      </formula:explicitDimension>
    </table:ruleNode>
    <table:definitionNodeSubtreeArc xlink:type="arc" xlink:arcrole="http://xbrl.org/arcrole/2014/definition-node-subtree" xlink:from="dnb-crd_c15" xlink:to="dnb-crd_c21" order="5" />
    <table:ruleNode xlink:type="resource" xlink:label="dnb-crd_c22" id="dnb-crd_c22">
      <formula:explicitDimension dimension="dnbeba_dim:MCE">
        <formula:member>
          <formula:qname>dnb-crd_dnbeba_MC:x1003</formula:qname>
        </formula:member>
      </formula:explicitDimension>
      <formula:explicitDimension dimension="dnbeba_dim:TYA">
        <formula:member>
          <formula:qname>dnb-crd_dnbeba_TA:x1014</formula:qname>
        </formula:member>
      </formula:explicitDimension>
    </table:ruleNode>
    <table:definitionNodeSubtreeArc xlink:type="arc" xlink:arcrole="http://xbrl.org/arcrole/2014/definition-node-subtree" xlink:from="dnb-crd_c15" xlink:to="dnb-crd_c22" order="6" />
    <table:ruleNode xlink:type="resource" xlink:label="dnb-crd_c23" id="dnb-crd_c23">
      <formula:explicitDimension dimension="dnbeba_dim:MCE">
        <formula:member>
          <formula:qname>dnb-crd_dnbeba_MC:x1003</formula:qname>
        </formula:member>
      </formula:explicitDimension>
      <formula:explicitDimension dimension="dnbeba_dim:TYA">
        <formula:member>
          <formula:qname>dnb-crd_dnbeba_TA:x1007</formula:qname>
        </formula:member>
      </formula:explicitDimension>
    </table:ruleNode>
    <table:definitionNodeSubtreeArc xlink:type="arc" xlink:arcrole="http://xbrl.org/arcrole/2014/definition-node-subtree" xlink:from="dnb-crd_c15" xlink:to="dnb-crd_c23" order="7" />
    <table:definitionNodeSubtreeArc xlink:type="arc" xlink:arcrole="http://xbrl.org/arcrole/2014/definition-node-subtree" xlink:from="dnb-crd_a2.root" xlink:to="dnb-crd_c15" order="2" />
    <table:ruleNode xlink:type="resource" xlink:label="dnb-crd_c24" id="dnb-crd_c24">
      <formula:explicitDimension dimension="dnbeba_dim:MCE">
        <formula:member>
          <formula:qname>dnb-crd_dnbeba_MC:x1029</formula:qname>
        </formula:member>
      </formula:explicitDimension>
    </table:ruleNode>
    <table:ruleNode xlink:type="resource" xlink:label="dnb-crd_c26" id="dnb-crd_c26">
      <formula:explicitDimension dimension="dnb-crd_dim:TFN">
        <formula:member>
          <formula:qname>dnb-crd_TF:x1</formula:qname>
        </formula:member>
      </formula:explicitDimension>
    </table:ruleNode>
    <table:definitionNodeSubtreeArc xlink:type="arc" xlink:arcrole="http://xbrl.org/arcrole/2014/definition-node-subtree" xlink:from="dnb-crd_c24" xlink:to="dnb-crd_c26" order="1" />
    <table:ruleNode xlink:type="resource" xlink:label="dnb-crd_c27" id="dnb-crd_c27">
      <formula:explicitDimension dimension="dnb-crd_dim:TFN">
        <formula:member>
          <formula:qname>dnb-crd_TF:x2</formula:qname>
        </formula:member>
      </formula:explicitDimension>
    </table:ruleNode>
    <table:definitionNodeSubtreeArc xlink:type="arc" xlink:arcrole="http://xbrl.org/arcrole/2014/definition-node-subtree" xlink:from="dnb-crd_c24" xlink:to="dnb-crd_c27" order="2" />
    <table:ruleNode xlink:type="resource" xlink:label="dnb-crd_c28" id="dnb-crd_c28">
      <formula:explicitDimension dimension="dnb-crd_dim:TFN">
        <formula:member>
          <formula:qname>dnb-crd_TF:x4</formula:qname>
        </formula:member>
      </formula:explicitDimension>
    </table:ruleNode>
    <table:definitionNodeSubtreeArc xlink:type="arc" xlink:arcrole="http://xbrl.org/arcrole/2014/definition-node-subtree" xlink:from="dnb-crd_c24" xlink:to="dnb-crd_c28" order="3" />
    <table:definitionNodeSubtreeArc xlink:type="arc" xlink:arcrole="http://xbrl.org/arcrole/2014/definition-node-subtree" xlink:from="dnb-crd_a2.root" xlink:to="dnb-crd_c24" order="3" />
    <table:ruleNode xlink:type="resource" xlink:label="dnb-crd_c25" id="dnb-crd_c25">
      <formula:explicitDimension dimension="dnbeba_dim:MCE">
        <formula:member>
          <formula:qname>dnb-crd_dnbeba_MC:x1030</formula:qname>
        </formula:member>
      </formula:explicitDimension>
    </table:ruleNode>
    <table:ruleNode xlink:type="resource" xlink:label="dnb-crd_c29" id="dnb-crd_c29">
      <formula:explicitDimension dimension="dnbeba_dim:TYA">
        <formula:member>
          <formula:qname>dnbeba_TA:x28</formula:qname>
        </formula:member>
      </formula:explicitDimension>
    </table:ruleNode>
    <table:definitionNodeSubtreeArc xlink:type="arc" xlink:arcrole="http://xbrl.org/arcrole/2014/definition-node-subtree" xlink:from="dnb-crd_c25" xlink:to="dnb-crd_c29" order="1" />
    <table:ruleNode xlink:type="resource" xlink:label="dnb-crd_c30" id="dnb-crd_c30">
      <formula:explicitDimension dimension="dnbeba_dim:TYA">
        <formula:member>
          <formula:qname>dnb-crd_dnbeba_TA:x1018</formula:qname>
        </formula:member>
      </formula:explicitDimension>
    </table:ruleNode>
    <table:definitionNodeSubtreeArc xlink:type="arc" xlink:arcrole="http://xbrl.org/arcrole/2014/definition-node-subtree" xlink:from="dnb-crd_c25" xlink:to="dnb-crd_c30" order="2" />
    <table:ruleNode xlink:type="resource" xlink:label="dnb-crd_c31" id="dnb-crd_c31">
      <formula:explicitDimension dimension="dnbeba_dim:TYA">
        <formula:member>
          <formula:qname>dnbeba_TA:x10</formula:qname>
        </formula:member>
      </formula:explicitDimension>
    </table:ruleNode>
    <table:definitionNodeSubtreeArc xlink:type="arc" xlink:arcrole="http://xbrl.org/arcrole/2014/definition-node-subtree" xlink:from="dnb-crd_c25" xlink:to="dnb-crd_c31" order="3" />
    <table:ruleNode xlink:type="resource" xlink:label="dnb-crd_c32" id="dnb-crd_c32">
      <formula:explicitDimension dimension="dnbeba_dim:TYA">
        <formula:member>
          <formula:qname>dnb-crd_dnbeba_TA:x1019</formula:qname>
        </formula:member>
      </formula:explicitDimension>
    </table:ruleNode>
    <table:definitionNodeSubtreeArc xlink:type="arc" xlink:arcrole="http://xbrl.org/arcrole/2014/definition-node-subtree" xlink:from="dnb-crd_c25" xlink:to="dnb-crd_c32" order="4" />
    <table:definitionNodeSubtreeArc xlink:type="arc" xlink:arcrole="http://xbrl.org/arcrole/2014/definition-node-subtree" xlink:from="dnb-crd_a2.root" xlink:to="dnb-crd_c25" order="4" />
    <table:tableBreakdownArc xlink:type="arc" xlink:arcrole="http://xbrl.org/arcrole/2014/table-breakdown" xlink:from="dnb-crd_tF_22.09" xlink:to="dnb-crd_a2" axis="y" order="2" />
  </gen:link>
</link:linkbase>