﻿<?xml version="1.0" encoding="utf-8"?>
<!--© DNB-->
<link:linkbase xmlns:xsi="http://www.w3.org/2001/XMLSchema-instance" xmlns:xlink="http://www.w3.org/1999/xlink" xmlns:link="http://www.xbrl.org/2003/linkbase" xmlns:gen="http://xbrl.org/2008/generic" xmlns:label="http://xbrl.org/2008/label" xsi:schemaLocation="http://www.xbrl.org/2003/linkbase http://www.xbrl.org/2003/xbrl-linkbase-2003-12-31.xsd http://xbrl.org/2008/generic http://www.xbrl.org/2008/generic-link.xsd http://xbrl.org/2008/label http://www.xbrl.org/2008/generic-label.xsd">
  <link:arcroleRef arcroleURI="http://xbrl.org/arcrole/2008/element-label" xlink:type="simple" xlink:href="http://www.xbrl.org/2008/generic-label.xsd#element-label" />
  <link:roleRef roleURI="http://www.xbrl.org/2008/role/label" xlink:type="simple" xlink:href="http://www.xbrl.org/2008/generic-label.xsd#standard-label" />
  <link:roleRef roleURI="http://www.xbrl.org/2008/role/verboseLabel" xlink:type="simple" xlink:href="http://www.xbrl.org/2008/generic-label.xsd#verbose-label" />
  <gen:link xlink:type="extended" xlink:role="http://www.xbrl.org/2003/role/link">
    <link:loc xlink:type="locator" xlink:href="f_31.02-rend.xml#dnb-crd_tF_31.02" xlink:label="loc_dnb-crd_tF_31.02" />
    <label:label xlink:type="resource" xlink:label="label_dnb-crd_tF_31.02" xml:lang="en" xlink:role="http://www.xbrl.org/2008/role/label">F 31.02</label:label>
    <gen:arc xlink:type="arc" xlink:arcrole="http://xbrl.org/arcrole/2008/element-label" xlink:from="loc_dnb-crd_tF_31.02" xlink:to="label_dnb-crd_tF_31.02" />
    <label:label xlink:type="resource" xlink:label="label_dnb-crd_tF_31.02_1" xml:lang="en" xlink:role="http://www.xbrl.org/2008/role/verboseLabel">F 31.02 Related parties: expenses and income generated by transactions with</label:label>
    <gen:arc xlink:type="arc" xlink:arcrole="http://xbrl.org/arcrole/2008/element-label" xlink:from="loc_dnb-crd_tF_31.02" xlink:to="label_dnb-crd_tF_31.02_1" />
    <link:loc xlink:type="locator" xlink:href="f_31.02-rend.xml#dnb-crd_a1" xlink:label="loc_dnb-crd_a1" />
    <label:label xlink:type="resource" xlink:label="label_dnb-crd_a1" xml:lang="en" xlink:role="http://www.xbrl.org/2008/role/label">Columns</label:label>
    <gen:arc xlink:type="arc" xlink:arcrole="http://xbrl.org/arcrole/2008/element-label" xlink:from="loc_dnb-crd_a1" xlink:to="label_dnb-crd_a1" />
    <link:loc xlink:type="locator" xlink:href="f_31.02-rend.xml#dnb-crd_c42153" xlink:label="loc_dnb-crd_c42153" />
    <label:label xlink:type="resource" xlink:label="label_dnb-crd_c42153" xml:lang="en" xlink:role="http://www.xbrl.org/2008/role/label">Current period</label:label>
    <gen:arc xlink:type="arc" xlink:arcrole="http://xbrl.org/arcrole/2008/element-label" xlink:from="loc_dnb-crd_c42153" xlink:to="label_dnb-crd_c42153" />
    <link:loc xlink:type="locator" xlink:href="f_31.02-rend.xml#dnb-crd_c42154" xlink:label="loc_dnb-crd_c42154" />
    <label:label xlink:type="resource" xlink:label="label_dnb-crd_c42154" xml:lang="en" xlink:role="http://www.xbrl.org/2008/role/label">Parent and parent entities with joint control or significant influence</label:label>
    <gen:arc xlink:type="arc" xlink:arcrole="http://xbrl.org/arcrole/2008/element-label" xlink:from="loc_dnb-crd_c42154" xlink:to="label_dnb-crd_c42154" />
    <link:loc xlink:type="locator" xlink:href="f_31.02-rend.xml#dnb-crd_c42155" xlink:label="loc_dnb-crd_c42155" />
    <label:label xlink:type="resource" xlink:label="label_dnb-crd_c42155" xml:lang="en" xlink:role="http://www.xbrl.org/2008/role/label">Subsidiaries and other entities of the same group</label:label>
    <gen:arc xlink:type="arc" xlink:arcrole="http://xbrl.org/arcrole/2008/element-label" xlink:from="loc_dnb-crd_c42155" xlink:to="label_dnb-crd_c42155" />
    <link:loc xlink:type="locator" xlink:href="f_31.02-rend.xml#dnb-crd_c42156" xlink:label="loc_dnb-crd_c42156" />
    <label:label xlink:type="resource" xlink:label="label_dnb-crd_c42156" xml:lang="en" xlink:role="http://www.xbrl.org/2008/role/label">Associates and joint ventures</label:label>
    <gen:arc xlink:type="arc" xlink:arcrole="http://xbrl.org/arcrole/2008/element-label" xlink:from="loc_dnb-crd_c42156" xlink:to="label_dnb-crd_c42156" />
    <link:loc xlink:type="locator" xlink:href="f_31.02-rend.xml#dnb-crd_c42157" xlink:label="loc_dnb-crd_c42157" />
    <label:label xlink:type="resource" xlink:label="label_dnb-crd_c42157" xml:lang="en" xlink:role="http://www.xbrl.org/2008/role/label">Key management of the instruction or its parent</label:label>
    <gen:arc xlink:type="arc" xlink:arcrole="http://xbrl.org/arcrole/2008/element-label" xlink:from="loc_dnb-crd_c42157" xlink:to="label_dnb-crd_c42157" />
    <link:loc xlink:type="locator" xlink:href="f_31.02-rend.xml#dnb-crd_c42158" xlink:label="loc_dnb-crd_c42158" />
    <label:label xlink:type="resource" xlink:label="label_dnb-crd_c42158" xml:lang="en" xlink:role="http://www.xbrl.org/2008/role/label">Other related parties</label:label>
    <gen:arc xlink:type="arc" xlink:arcrole="http://xbrl.org/arcrole/2008/element-label" xlink:from="loc_dnb-crd_c42158" xlink:to="label_dnb-crd_c42158" />
    <link:loc xlink:type="locator" xlink:href="f_31.02-rend.xml#dnb-crd_c42167" xlink:label="loc_dnb-crd_c42167" />
    <label:label xlink:type="resource" xlink:label="label_dnb-crd_c42167" xml:lang="en" xlink:role="http://www.xbrl.org/2008/role/label">Of which: Managed funds</label:label>
    <gen:arc xlink:type="arc" xlink:arcrole="http://xbrl.org/arcrole/2008/element-label" xlink:from="loc_dnb-crd_c42167" xlink:to="label_dnb-crd_c42167" />
    <link:loc xlink:type="locator" xlink:href="f_31.02-rend.xml#dnb-crd_a2" xlink:label="loc_dnb-crd_a2" />
    <label:label xlink:type="resource" xlink:label="label_dnb-crd_a2" xml:lang="en" xlink:role="http://www.xbrl.org/2008/role/label">Rows</label:label>
    <gen:arc xlink:type="arc" xlink:arcrole="http://xbrl.org/arcrole/2008/element-label" xlink:from="loc_dnb-crd_a2" xlink:to="label_dnb-crd_a2" />
    <link:loc xlink:type="locator" xlink:href="f_31.02-rend.xml#dnb-crd_c42159" xlink:label="loc_dnb-crd_c42159" />
    <label:label xlink:type="resource" xlink:label="label_dnb-crd_c42159" xml:lang="en" xlink:role="http://www.xbrl.org/2008/role/label">Interest Income</label:label>
    <gen:arc xlink:type="arc" xlink:arcrole="http://xbrl.org/arcrole/2008/element-label" xlink:from="loc_dnb-crd_c42159" xlink:to="label_dnb-crd_c42159" />
    <link:loc xlink:type="locator" xlink:href="f_31.02-rend.xml#dnb-crd_c42160" xlink:label="loc_dnb-crd_c42160" />
    <label:label xlink:type="resource" xlink:label="label_dnb-crd_c42160" xml:lang="en" xlink:role="http://www.xbrl.org/2008/role/label">Interest expenses</label:label>
    <gen:arc xlink:type="arc" xlink:arcrole="http://xbrl.org/arcrole/2008/element-label" xlink:from="loc_dnb-crd_c42160" xlink:to="label_dnb-crd_c42160" />
    <link:loc xlink:type="locator" xlink:href="f_31.02-rend.xml#dnb-crd_c42161" xlink:label="loc_dnb-crd_c42161" />
    <label:label xlink:type="resource" xlink:label="label_dnb-crd_c42161" xml:lang="en" xlink:role="http://www.xbrl.org/2008/role/label">Dividend income</label:label>
    <gen:arc xlink:type="arc" xlink:arcrole="http://xbrl.org/arcrole/2008/element-label" xlink:from="loc_dnb-crd_c42161" xlink:to="label_dnb-crd_c42161" />
    <link:loc xlink:type="locator" xlink:href="f_31.02-rend.xml#dnb-crd_c42162" xlink:label="loc_dnb-crd_c42162" />
    <label:label xlink:type="resource" xlink:label="label_dnb-crd_c42162" xml:lang="en" xlink:role="http://www.xbrl.org/2008/role/label">Fee and commission income</label:label>
    <gen:arc xlink:type="arc" xlink:arcrole="http://xbrl.org/arcrole/2008/element-label" xlink:from="loc_dnb-crd_c42162" xlink:to="label_dnb-crd_c42162" />
    <link:loc xlink:type="locator" xlink:href="f_31.02-rend.xml#dnb-crd_c42163" xlink:label="loc_dnb-crd_c42163" />
    <label:label xlink:type="resource" xlink:label="label_dnb-crd_c42163" xml:lang="en" xlink:role="http://www.xbrl.org/2008/role/label">Fee and commission expenses</label:label>
    <gen:arc xlink:type="arc" xlink:arcrole="http://xbrl.org/arcrole/2008/element-label" xlink:from="loc_dnb-crd_c42163" xlink:to="label_dnb-crd_c42163" />
    <link:loc xlink:type="locator" xlink:href="f_31.02-rend.xml#dnb-crd_c42164" xlink:label="loc_dnb-crd_c42164" />
    <label:label xlink:type="resource" xlink:label="label_dnb-crd_c42164" xml:lang="en" xlink:role="http://www.xbrl.org/2008/role/label">Gains or (-) losses on derecognition of financial assets and liabilities not measured at fair value through profit or loss</label:label>
    <gen:arc xlink:type="arc" xlink:arcrole="http://xbrl.org/arcrole/2008/element-label" xlink:from="loc_dnb-crd_c42164" xlink:to="label_dnb-crd_c42164" />
    <link:loc xlink:type="locator" xlink:href="f_31.02-rend.xml#dnb-crd_c42165" xlink:label="loc_dnb-crd_c42165" />
    <label:label xlink:type="resource" xlink:label="label_dnb-crd_c42165" xml:lang="en" xlink:role="http://www.xbrl.org/2008/role/label">Gains or (-) losses on derecognition of non-financial assets</label:label>
    <gen:arc xlink:type="arc" xlink:arcrole="http://xbrl.org/arcrole/2008/element-label" xlink:from="loc_dnb-crd_c42165" xlink:to="label_dnb-crd_c42165" />
    <link:loc xlink:type="locator" xlink:href="f_31.02-rend.xml#dnb-crd_c42166" xlink:label="loc_dnb-crd_c42166" />
    <label:label xlink:type="resource" xlink:label="label_dnb-crd_c42166" xml:lang="en" xlink:role="http://www.xbrl.org/2008/role/label">Increase or (-) decrease during the period in impairment, fair value changes due to credit risk and provisions for non-performing debt instruments, guarantees and commitments</label:label>
    <gen:arc xlink:type="arc" xlink:arcrole="http://xbrl.org/arcrole/2008/element-label" xlink:from="loc_dnb-crd_c42166" xlink:to="label_dnb-crd_c42166" />
  </gen:link>
</link:linkbase>