﻿<?xml version="1.0" encoding="utf-8"?>
<!--© DNB-->
<link:linkbase xmlns:xsi="http://www.w3.org/2001/XMLSchema-instance" xmlns:xlink="http://www.w3.org/1999/xlink" xmlns:link="http://www.xbrl.org/2003/linkbase" xmlns:gen="http://xbrl.org/2008/generic" xmlns:label="http://xbrl.org/2008/label" xmlns:formula="http://xbrl.org/2008/formula" xmlns:df="http://xbrl.org/2008/filter/dimension" xmlns:table="http://xbrl.org/2014/table" xmlns:model="http://www.eurofiling.info/xbrl/ext/model" xmlns:dnbeba_dim="http://www.eba.europa.eu/xbrl/crr/dict/dim" xmlns:dnbeba_RP="http://www.eba.europa.eu/xbrl/crr/dict/dom/RP" xmlns:dnb-crd_dim="http://www.dnb.nl/xbrl/xtn/dict/dim" xmlns:dnb-crd_FT="http://www.dnb.nl/xbrl/xtn/dict/dom/FT" xmlns:dnbeba_met="http://www.eba.europa.eu/xbrl/crr/dict/met" xmlns:dnbeba_BA="http://www.eba.europa.eu/xbrl/crr/dict/dom/BA" xmlns:dnbeba_MC="http://www.eba.europa.eu/xbrl/crr/dict/dom/MC" xmlns:dnbeba_PL="http://www.eba.europa.eu/xbrl/crr/dict/dom/PL" xmlns:dnbeba_IM="http://www.eba.europa.eu/xbrl/crr/dict/dom/IM" xsi:schemaLocation="http://www.xbrl.org/2003/linkbase http://www.xbrl.org/2003/xbrl-linkbase-2003-12-31.xsd http://xbrl.org/2008/generic http://www.xbrl.org/2008/generic-link.xsd http://xbrl.org/2008/label http://www.xbrl.org/2008/generic-label.xsd http://xbrl.org/2008/formula http://www.xbrl.org/2008/formula.xsd http://xbrl.org/2008/filter/dimension http://www.xbrl.org/2008/dimension-filter.xsd http://xbrl.org/2014/table http://www.xbrl.org/2014/table.xsd http://www.eurofiling.info/xbrl/ext/model http://www.eurofiling.info/eu/fr/xbrl/ext/model.xsd">
  <link:arcroleRef arcroleURI="http://xbrl.org/arcrole/2014/breakdown-tree" xlink:type="simple" xlink:href="http://www.xbrl.org/2014/table.xsd#breakdown-tree" />
  <link:arcroleRef arcroleURI="http://xbrl.org/arcrole/2014/definition-node-subtree" xlink:type="simple" xlink:href="http://www.xbrl.org/2014/table.xsd#definition-node-subtree" />
  <link:arcroleRef arcroleURI="http://xbrl.org/arcrole/2014/table-breakdown" xlink:type="simple" xlink:href="http://www.xbrl.org/2014/table.xsd#table-breakdown" />
  <link:roleRef roleURI="http://www.dnb.nl/xbrl/xtn/role/fws/FINREP-BO/wft-3-72/2017-11-01/tab/F_31.02" xlink:type="simple" xlink:href="f_31.02.xsd#role" />
  <gen:link xlink:type="extended" xlink:role="http://www.dnb.nl/xbrl/xtn/role/fws/FINREP-BO/wft-3-72/2017-11-01/tab/F_31.02">
    <table:table xlink:type="resource" xlink:label="dnb-crd_tF_31.02" id="dnb-crd_tF_31.02" />
    <table:breakdown xlink:type="resource" xlink:label="dnb-crd_a1" parentChildOrder="parent-first" id="dnb-crd_a1" />
    <table:ruleNode xlink:type="resource" xlink:label="dnb-crd_a1.root" abstract="true" merge="true" id="dnb-crd_a1.root" />
    <table:breakdownTreeArc xlink:type="arc" xlink:arcrole="http://xbrl.org/arcrole/2014/breakdown-tree" xlink:from="dnb-crd_a1" xlink:to="dnb-crd_a1.root" order="0" />
    <table:ruleNode xlink:type="resource" xlink:label="dnb-crd_c42153" abstract="true" id="dnb-crd_c42153" />
    <table:ruleNode xlink:type="resource" xlink:label="dnb-crd_c42154" id="dnb-crd_c42154">
      <formula:explicitDimension dimension="dnbeba_dim:RPR">
        <formula:member>
          <formula:qname>dnbeba_RP:x8</formula:qname>
        </formula:member>
      </formula:explicitDimension>
    </table:ruleNode>
    <table:definitionNodeSubtreeArc xlink:type="arc" xlink:arcrole="http://xbrl.org/arcrole/2014/definition-node-subtree" xlink:from="dnb-crd_c42153" xlink:to="dnb-crd_c42154" order="1" />
    <table:ruleNode xlink:type="resource" xlink:label="dnb-crd_c42155" id="dnb-crd_c42155">
      <formula:explicitDimension dimension="dnbeba_dim:RPR">
        <formula:member>
          <formula:qname>dnbeba_RP:x1</formula:qname>
        </formula:member>
      </formula:explicitDimension>
    </table:ruleNode>
    <table:definitionNodeSubtreeArc xlink:type="arc" xlink:arcrole="http://xbrl.org/arcrole/2014/definition-node-subtree" xlink:from="dnb-crd_c42153" xlink:to="dnb-crd_c42155" order="2" />
    <table:ruleNode xlink:type="resource" xlink:label="dnb-crd_c42156" id="dnb-crd_c42156">
      <formula:explicitDimension dimension="dnbeba_dim:RPR">
        <formula:member>
          <formula:qname>dnbeba_RP:x4</formula:qname>
        </formula:member>
      </formula:explicitDimension>
    </table:ruleNode>
    <table:definitionNodeSubtreeArc xlink:type="arc" xlink:arcrole="http://xbrl.org/arcrole/2014/definition-node-subtree" xlink:from="dnb-crd_c42153" xlink:to="dnb-crd_c42156" order="3" />
    <table:ruleNode xlink:type="resource" xlink:label="dnb-crd_c42157" id="dnb-crd_c42157">
      <formula:explicitDimension dimension="dnbeba_dim:RPR">
        <formula:member>
          <formula:qname>dnbeba_RP:x5</formula:qname>
        </formula:member>
      </formula:explicitDimension>
    </table:ruleNode>
    <table:definitionNodeSubtreeArc xlink:type="arc" xlink:arcrole="http://xbrl.org/arcrole/2014/definition-node-subtree" xlink:from="dnb-crd_c42153" xlink:to="dnb-crd_c42157" order="4" />
    <table:ruleNode xlink:type="resource" xlink:label="dnb-crd_c42158" id="dnb-crd_c42158">
      <formula:explicitDimension dimension="dnbeba_dim:RPR">
        <formula:member>
          <formula:qname>dnbeba_RP:x10</formula:qname>
        </formula:member>
      </formula:explicitDimension>
    </table:ruleNode>
    <table:definitionNodeSubtreeArc xlink:type="arc" xlink:arcrole="http://xbrl.org/arcrole/2014/definition-node-subtree" xlink:from="dnb-crd_c42153" xlink:to="dnb-crd_c42158" order="5" />
    <table:ruleNode xlink:type="resource" xlink:label="dnb-crd_c42167" id="dnb-crd_c42167">
      <formula:explicitDimension dimension="dnbeba_dim:RPR">
        <formula:member>
          <formula:qname>dnbeba_RP:x10</formula:qname>
        </formula:member>
      </formula:explicitDimension>
      <formula:explicitDimension dimension="dnb-crd_dim:FFT">
        <formula:member>
          <formula:qname>dnb-crd_FT:x1</formula:qname>
        </formula:member>
      </formula:explicitDimension>
    </table:ruleNode>
    <table:definitionNodeSubtreeArc xlink:type="arc" xlink:arcrole="http://xbrl.org/arcrole/2014/definition-node-subtree" xlink:from="dnb-crd_c42153" xlink:to="dnb-crd_c42167" order="6" />
    <table:definitionNodeSubtreeArc xlink:type="arc" xlink:arcrole="http://xbrl.org/arcrole/2014/definition-node-subtree" xlink:from="dnb-crd_a1.root" xlink:to="dnb-crd_c42153" order="1" />
    <table:tableBreakdownArc xlink:type="arc" xlink:arcrole="http://xbrl.org/arcrole/2014/table-breakdown" xlink:from="dnb-crd_tF_31.02" xlink:to="dnb-crd_a1" axis="x" order="1" />
    <table:breakdown xlink:type="resource" xlink:label="dnb-crd_a2" parentChildOrder="parent-first" id="dnb-crd_a2" />
    <table:ruleNode xlink:type="resource" xlink:label="dnb-crd_a2.root" abstract="true" merge="true" id="dnb-crd_a2.root" />
    <table:breakdownTreeArc xlink:type="arc" xlink:arcrole="http://xbrl.org/arcrole/2014/breakdown-tree" xlink:from="dnb-crd_a2" xlink:to="dnb-crd_a2.root" order="0" />
    <table:ruleNode xlink:type="resource" xlink:label="dnb-crd_c42159" id="dnb-crd_c42159">
      <formula:concept>
        <formula:qname>dnbeba_met:md103</formula:qname>
      </formula:concept>
      <formula:explicitDimension dimension="dnbeba_dim:BAS">
        <formula:member>
          <formula:qname>dnbeba_BA:x5</formula:qname>
        </formula:member>
      </formula:explicitDimension>
      <formula:explicitDimension dimension="dnbeba_dim:MCY">
        <formula:member>
          <formula:qname>dnbeba_MC:x212</formula:qname>
        </formula:member>
      </formula:explicitDimension>
      <formula:explicitDimension dimension="dnbeba_dim:MCE">
        <formula:member>
          <formula:qname>dnbeba_MC:x25</formula:qname>
        </formula:member>
      </formula:explicitDimension>
    </table:ruleNode>
    <table:definitionNodeSubtreeArc xlink:type="arc" xlink:arcrole="http://xbrl.org/arcrole/2014/definition-node-subtree" xlink:from="dnb-crd_a2.root" xlink:to="dnb-crd_c42159" order="1" />
    <table:ruleNode xlink:type="resource" xlink:label="dnb-crd_c42160" id="dnb-crd_c42160">
      <formula:concept>
        <formula:qname>dnbeba_met:md103</formula:qname>
      </formula:concept>
      <formula:explicitDimension dimension="dnbeba_dim:BAS">
        <formula:member>
          <formula:qname>dnbeba_BA:x3</formula:qname>
        </formula:member>
      </formula:explicitDimension>
      <formula:explicitDimension dimension="dnbeba_dim:MCY">
        <formula:member>
          <formula:qname>dnbeba_MC:x212</formula:qname>
        </formula:member>
      </formula:explicitDimension>
      <formula:explicitDimension dimension="dnbeba_dim:MCE">
        <formula:member>
          <formula:qname>dnbeba_MC:x31</formula:qname>
        </formula:member>
      </formula:explicitDimension>
    </table:ruleNode>
    <table:definitionNodeSubtreeArc xlink:type="arc" xlink:arcrole="http://xbrl.org/arcrole/2014/definition-node-subtree" xlink:from="dnb-crd_a2.root" xlink:to="dnb-crd_c42160" order="2" />
    <table:ruleNode xlink:type="resource" xlink:label="dnb-crd_c42161" id="dnb-crd_c42161">
      <formula:concept>
        <formula:qname>dnbeba_met:md103</formula:qname>
      </formula:concept>
      <formula:explicitDimension dimension="dnbeba_dim:BAS">
        <formula:member>
          <formula:qname>dnbeba_BA:x5</formula:qname>
        </formula:member>
      </formula:explicitDimension>
      <formula:explicitDimension dimension="dnbeba_dim:MCY">
        <formula:member>
          <formula:qname>dnbeba_MC:x125</formula:qname>
        </formula:member>
      </formula:explicitDimension>
      <formula:explicitDimension dimension="dnbeba_dim:MCE">
        <formula:member>
          <formula:qname>dnbeba_MC:x130</formula:qname>
        </formula:member>
      </formula:explicitDimension>
    </table:ruleNode>
    <table:definitionNodeSubtreeArc xlink:type="arc" xlink:arcrole="http://xbrl.org/arcrole/2014/definition-node-subtree" xlink:from="dnb-crd_a2.root" xlink:to="dnb-crd_c42161" order="3" />
    <table:ruleNode xlink:type="resource" xlink:label="dnb-crd_c42162" id="dnb-crd_c42162">
      <formula:concept>
        <formula:qname>dnbeba_met:md103</formula:qname>
      </formula:concept>
      <formula:explicitDimension dimension="dnbeba_dim:BAS">
        <formula:member>
          <formula:qname>dnbeba_BA:x5</formula:qname>
        </formula:member>
      </formula:explicitDimension>
      <formula:explicitDimension dimension="dnbeba_dim:MCY">
        <formula:member>
          <formula:qname>dnbeba_MC:x153</formula:qname>
        </formula:member>
      </formula:explicitDimension>
    </table:ruleNode>
    <table:definitionNodeSubtreeArc xlink:type="arc" xlink:arcrole="http://xbrl.org/arcrole/2014/definition-node-subtree" xlink:from="dnb-crd_a2.root" xlink:to="dnb-crd_c42162" order="4" />
    <table:ruleNode xlink:type="resource" xlink:label="dnb-crd_c42163" id="dnb-crd_c42163">
      <formula:concept>
        <formula:qname>dnbeba_met:md103</formula:qname>
      </formula:concept>
      <formula:explicitDimension dimension="dnbeba_dim:BAS">
        <formula:member>
          <formula:qname>dnbeba_BA:x3</formula:qname>
        </formula:member>
      </formula:explicitDimension>
      <formula:explicitDimension dimension="dnbeba_dim:MCY">
        <formula:member>
          <formula:qname>dnbeba_MC:x153</formula:qname>
        </formula:member>
      </formula:explicitDimension>
    </table:ruleNode>
    <table:definitionNodeSubtreeArc xlink:type="arc" xlink:arcrole="http://xbrl.org/arcrole/2014/definition-node-subtree" xlink:from="dnb-crd_a2.root" xlink:to="dnb-crd_c42163" order="5" />
    <table:ruleNode xlink:type="resource" xlink:label="dnb-crd_c42164" id="dnb-crd_c42164">
      <formula:concept>
        <formula:qname>dnbeba_met:md103</formula:qname>
      </formula:concept>
      <formula:explicitDimension dimension="dnbeba_dim:BAS">
        <formula:member>
          <formula:qname>dnbeba_BA:x1</formula:qname>
        </formula:member>
      </formula:explicitDimension>
      <formula:explicitDimension dimension="dnbeba_dim:MCY">
        <formula:member>
          <formula:qname>dnbeba_MC:x180</formula:qname>
        </formula:member>
      </formula:explicitDimension>
      <formula:explicitDimension dimension="dnbeba_dim:APL">
        <formula:member>
          <formula:qname>dnbeba_PL:x6</formula:qname>
        </formula:member>
      </formula:explicitDimension>
      <formula:explicitDimension dimension="dnbeba_dim:MCE">
        <formula:member>
          <formula:qname>dnbeba_MC:x45</formula:qname>
        </formula:member>
      </formula:explicitDimension>
    </table:ruleNode>
    <table:definitionNodeSubtreeArc xlink:type="arc" xlink:arcrole="http://xbrl.org/arcrole/2014/definition-node-subtree" xlink:from="dnb-crd_a2.root" xlink:to="dnb-crd_c42164" order="6" />
    <table:ruleNode xlink:type="resource" xlink:label="dnb-crd_c42165" id="dnb-crd_c42165">
      <formula:concept>
        <formula:qname>dnbeba_met:md103</formula:qname>
      </formula:concept>
      <formula:explicitDimension dimension="dnbeba_dim:BAS">
        <formula:member>
          <formula:qname>dnbeba_BA:x1</formula:qname>
        </formula:member>
      </formula:explicitDimension>
      <formula:explicitDimension dimension="dnbeba_dim:MCY">
        <formula:member>
          <formula:qname>dnbeba_MC:x180</formula:qname>
        </formula:member>
      </formula:explicitDimension>
      <formula:explicitDimension dimension="dnbeba_dim:MCE">
        <formula:member>
          <formula:qname>dnbeba_MC:x575</formula:qname>
        </formula:member>
      </formula:explicitDimension>
    </table:ruleNode>
    <table:definitionNodeSubtreeArc xlink:type="arc" xlink:arcrole="http://xbrl.org/arcrole/2014/definition-node-subtree" xlink:from="dnb-crd_a2.root" xlink:to="dnb-crd_c42165" order="7" />
    <table:ruleNode xlink:type="resource" xlink:label="dnb-crd_c42166" id="dnb-crd_c42166">
      <formula:concept>
        <formula:qname>dnbeba_met:md301</formula:qname>
      </formula:concept>
      <formula:explicitDimension dimension="dnbeba_dim:BAS">
        <formula:member>
          <formula:qname>dnbeba_BA:x17</formula:qname>
        </formula:member>
      </formula:explicitDimension>
      <formula:explicitDimension dimension="dnbeba_dim:MCY">
        <formula:member>
          <formula:qname>dnbeba_MC:x70</formula:qname>
        </formula:member>
      </formula:explicitDimension>
      <formula:explicitDimension dimension="dnbeba_dim:IMS">
        <formula:member>
          <formula:qname>dnbeba_IM:x20</formula:qname>
        </formula:member>
      </formula:explicitDimension>
    </table:ruleNode>
    <table:definitionNodeSubtreeArc xlink:type="arc" xlink:arcrole="http://xbrl.org/arcrole/2014/definition-node-subtree" xlink:from="dnb-crd_a2.root" xlink:to="dnb-crd_c42166" order="8" />
    <table:tableBreakdownArc xlink:type="arc" xlink:arcrole="http://xbrl.org/arcrole/2014/table-breakdown" xlink:from="dnb-crd_tF_31.02" xlink:to="dnb-crd_a2" axis="y" order="2" />
  </gen:link>
</link:linkbase>