﻿<?xml version="1.0" encoding="utf-8"?>
<!--© DNB-->
<link:linkbase xmlns:xsi="http://www.w3.org/2001/XMLSchema-instance" xmlns:xlink="http://www.w3.org/1999/xlink" xmlns:link="http://www.xbrl.org/2003/linkbase" xmlns:gen="http://xbrl.org/2008/generic" xmlns:label="http://xbrl.org/2008/label" xsi:schemaLocation="http://www.xbrl.org/2003/linkbase http://www.xbrl.org/2003/xbrl-linkbase-2003-12-31.xsd http://xbrl.org/2008/generic http://www.xbrl.org/2008/generic-link.xsd http://xbrl.org/2008/label http://www.xbrl.org/2008/generic-label.xsd">
  <link:arcroleRef arcroleURI="http://xbrl.org/arcrole/2008/element-label" xlink:type="simple" xlink:href="http://www.xbrl.org/2008/generic-label.xsd#element-label" />
  <link:roleRef roleURI="http://www.xbrl.org/2008/role/label" xlink:type="simple" xlink:href="http://www.xbrl.org/2008/generic-label.xsd#standard-label" />
  <link:roleRef roleURI="http://www.xbrl.org/2008/role/verboseLabel" xlink:type="simple" xlink:href="http://www.xbrl.org/2008/generic-label.xsd#verbose-label" />
  <gen:link xlink:type="extended" xlink:role="http://www.xbrl.org/2003/role/link">
    <link:loc xlink:type="locator" xlink:href="f_31.02-rend.xml#dnb-crd_tF_31.02" xlink:label="loc_dnb-crd_tF_31.02" />
    <label:label xlink:type="resource" xlink:label="label_dnb-crd_tF_31.02" xml:lang="nl" xlink:role="http://www.xbrl.org/2008/role/label">F 31.02</label:label>
    <gen:arc xlink:type="arc" xlink:arcrole="http://xbrl.org/arcrole/2008/element-label" xlink:from="loc_dnb-crd_tF_31.02" xlink:to="label_dnb-crd_tF_31.02" />
    <label:label xlink:type="resource" xlink:label="label_dnb-crd_tF_31.02_1" xml:lang="nl" xlink:role="http://www.xbrl.org/2008/role/verboseLabel">F 31.02 Verbonden partijen: baten en lasten uit transacties met</label:label>
    <gen:arc xlink:type="arc" xlink:arcrole="http://xbrl.org/arcrole/2008/element-label" xlink:from="loc_dnb-crd_tF_31.02" xlink:to="label_dnb-crd_tF_31.02_1" />
    <link:loc xlink:type="locator" xlink:href="f_31.02-rend.xml#dnb-crd_a1" xlink:label="loc_dnb-crd_a1" />
    <label:label xlink:type="resource" xlink:label="label_dnb-crd_a1" xml:lang="nl" xlink:role="http://www.xbrl.org/2008/role/label">Kolommen</label:label>
    <gen:arc xlink:type="arc" xlink:arcrole="http://xbrl.org/arcrole/2008/element-label" xlink:from="loc_dnb-crd_a1" xlink:to="label_dnb-crd_a1" />
    <link:loc xlink:type="locator" xlink:href="f_31.02-rend.xml#dnb-crd_c42153" xlink:label="loc_dnb-crd_c42153" />
    <label:label xlink:type="resource" xlink:label="label_dnb-crd_c42153" xml:lang="nl" xlink:role="http://www.xbrl.org/2008/role/label">Lopende periode</label:label>
    <gen:arc xlink:type="arc" xlink:arcrole="http://xbrl.org/arcrole/2008/element-label" xlink:from="loc_dnb-crd_c42153" xlink:to="label_dnb-crd_c42153" />
    <link:loc xlink:type="locator" xlink:href="f_31.02-rend.xml#dnb-crd_c42154" xlink:label="loc_dnb-crd_c42154" />
    <label:label xlink:type="resource" xlink:label="label_dnb-crd_c42154" xml:lang="nl" xlink:role="http://www.xbrl.org/2008/role/label">Moederonderneming en entiteiten met gezamenlijke zeggenschap of invloed van betekenis</label:label>
    <gen:arc xlink:type="arc" xlink:arcrole="http://xbrl.org/arcrole/2008/element-label" xlink:from="loc_dnb-crd_c42154" xlink:to="label_dnb-crd_c42154" />
    <link:loc xlink:type="locator" xlink:href="f_31.02-rend.xml#dnb-crd_c42155" xlink:label="loc_dnb-crd_c42155" />
    <label:label xlink:type="resource" xlink:label="label_dnb-crd_c42155" xml:lang="nl" xlink:role="http://www.xbrl.org/2008/role/label">Dochterondernemingen en overige entiteiten van dezelfde groep</label:label>
    <gen:arc xlink:type="arc" xlink:arcrole="http://xbrl.org/arcrole/2008/element-label" xlink:from="loc_dnb-crd_c42155" xlink:to="label_dnb-crd_c42155" />
    <link:loc xlink:type="locator" xlink:href="f_31.02-rend.xml#dnb-crd_c42156" xlink:label="loc_dnb-crd_c42156" />
    <label:label xlink:type="resource" xlink:label="label_dnb-crd_c42156" xml:lang="nl" xlink:role="http://www.xbrl.org/2008/role/label">Geassocieerde ondernemingen en joint ventures</label:label>
    <gen:arc xlink:type="arc" xlink:arcrole="http://xbrl.org/arcrole/2008/element-label" xlink:from="loc_dnb-crd_c42156" xlink:to="label_dnb-crd_c42156" />
    <link:loc xlink:type="locator" xlink:href="f_31.02-rend.xml#dnb-crd_c42157" xlink:label="loc_dnb-crd_c42157" />
    <label:label xlink:type="resource" xlink:label="label_dnb-crd_c42157" xml:lang="nl" xlink:role="http://www.xbrl.org/2008/role/label">Managers op sleutelposities van de instelling of haar moederonderneming</label:label>
    <gen:arc xlink:type="arc" xlink:arcrole="http://xbrl.org/arcrole/2008/element-label" xlink:from="loc_dnb-crd_c42157" xlink:to="label_dnb-crd_c42157" />
    <link:loc xlink:type="locator" xlink:href="f_31.02-rend.xml#dnb-crd_c42158" xlink:label="loc_dnb-crd_c42158" />
    <label:label xlink:type="resource" xlink:label="label_dnb-crd_c42158" xml:lang="nl" xlink:role="http://www.xbrl.org/2008/role/label">Overige verbonden partijen</label:label>
    <gen:arc xlink:type="arc" xlink:arcrole="http://xbrl.org/arcrole/2008/element-label" xlink:from="loc_dnb-crd_c42158" xlink:to="label_dnb-crd_c42158" />
    <link:loc xlink:type="locator" xlink:href="f_31.02-rend.xml#dnb-crd_c42167" xlink:label="loc_dnb-crd_c42167" />
    <label:label xlink:type="resource" xlink:label="label_dnb-crd_c42167" xml:lang="nl" xlink:role="http://www.xbrl.org/2008/role/label">Waarvan: beleggingsinstellingen onder beheer</label:label>
    <gen:arc xlink:type="arc" xlink:arcrole="http://xbrl.org/arcrole/2008/element-label" xlink:from="loc_dnb-crd_c42167" xlink:to="label_dnb-crd_c42167" />
    <link:loc xlink:type="locator" xlink:href="f_31.02-rend.xml#dnb-crd_a2" xlink:label="loc_dnb-crd_a2" />
    <label:label xlink:type="resource" xlink:label="label_dnb-crd_a2" xml:lang="nl" xlink:role="http://www.xbrl.org/2008/role/label">Rijen</label:label>
    <gen:arc xlink:type="arc" xlink:arcrole="http://xbrl.org/arcrole/2008/element-label" xlink:from="loc_dnb-crd_a2" xlink:to="label_dnb-crd_a2" />
    <link:loc xlink:type="locator" xlink:href="f_31.02-rend.xml#dnb-crd_c42159" xlink:label="loc_dnb-crd_c42159" />
    <label:label xlink:type="resource" xlink:label="label_dnb-crd_c42159" xml:lang="nl" xlink:role="http://www.xbrl.org/2008/role/label">Rentebaten</label:label>
    <gen:arc xlink:type="arc" xlink:arcrole="http://xbrl.org/arcrole/2008/element-label" xlink:from="loc_dnb-crd_c42159" xlink:to="label_dnb-crd_c42159" />
    <link:loc xlink:type="locator" xlink:href="f_31.02-rend.xml#dnb-crd_c42160" xlink:label="loc_dnb-crd_c42160" />
    <label:label xlink:type="resource" xlink:label="label_dnb-crd_c42160" xml:lang="nl" xlink:role="http://www.xbrl.org/2008/role/label">Rentelasten</label:label>
    <gen:arc xlink:type="arc" xlink:arcrole="http://xbrl.org/arcrole/2008/element-label" xlink:from="loc_dnb-crd_c42160" xlink:to="label_dnb-crd_c42160" />
    <link:loc xlink:type="locator" xlink:href="f_31.02-rend.xml#dnb-crd_c42161" xlink:label="loc_dnb-crd_c42161" />
    <label:label xlink:type="resource" xlink:label="label_dnb-crd_c42161" xml:lang="nl" xlink:role="http://www.xbrl.org/2008/role/label">Dividendinkomsten</label:label>
    <gen:arc xlink:type="arc" xlink:arcrole="http://xbrl.org/arcrole/2008/element-label" xlink:from="loc_dnb-crd_c42161" xlink:to="label_dnb-crd_c42161" />
    <link:loc xlink:type="locator" xlink:href="f_31.02-rend.xml#dnb-crd_c42162" xlink:label="loc_dnb-crd_c42162" />
    <label:label xlink:type="resource" xlink:label="label_dnb-crd_c42162" xml:lang="nl" xlink:role="http://www.xbrl.org/2008/role/label">Vergoedings- en provisiebaten</label:label>
    <gen:arc xlink:type="arc" xlink:arcrole="http://xbrl.org/arcrole/2008/element-label" xlink:from="loc_dnb-crd_c42162" xlink:to="label_dnb-crd_c42162" />
    <link:loc xlink:type="locator" xlink:href="f_31.02-rend.xml#dnb-crd_c42163" xlink:label="loc_dnb-crd_c42163" />
    <label:label xlink:type="resource" xlink:label="label_dnb-crd_c42163" xml:lang="nl" xlink:role="http://www.xbrl.org/2008/role/label">Vergoedings- en provisielasten</label:label>
    <gen:arc xlink:type="arc" xlink:arcrole="http://xbrl.org/arcrole/2008/element-label" xlink:from="loc_dnb-crd_c42163" xlink:to="label_dnb-crd_c42163" />
    <link:loc xlink:type="locator" xlink:href="f_31.02-rend.xml#dnb-crd_c42164" xlink:label="loc_dnb-crd_c42164" />
    <label:label xlink:type="resource" xlink:label="label_dnb-crd_c42164" xml:lang="nl" xlink:role="http://www.xbrl.org/2008/role/label">Winsten of (-) verliezen bij verwijdering uit de balans van financiële activa en verplichtingen die niet zijn gewaardeerd tegen reële waarde met verwerking van waardeveranderingen in de winst-en-verliesrekening</label:label>
    <gen:arc xlink:type="arc" xlink:arcrole="http://xbrl.org/arcrole/2008/element-label" xlink:from="loc_dnb-crd_c42164" xlink:to="label_dnb-crd_c42164" />
    <link:loc xlink:type="locator" xlink:href="f_31.02-rend.xml#dnb-crd_c42165" xlink:label="loc_dnb-crd_c42165" />
    <label:label xlink:type="resource" xlink:label="label_dnb-crd_c42165" xml:lang="nl" xlink:role="http://www.xbrl.org/2008/role/label">Winsten of (-) verliezen bij verwijdering uit de balans van niet-financiële activa</label:label>
    <gen:arc xlink:type="arc" xlink:arcrole="http://xbrl.org/arcrole/2008/element-label" xlink:from="loc_dnb-crd_c42165" xlink:to="label_dnb-crd_c42165" />
    <link:loc xlink:type="locator" xlink:href="f_31.02-rend.xml#dnb-crd_c42166" xlink:label="loc_dnb-crd_c42166" />
    <label:label xlink:type="resource" xlink:label="label_dnb-crd_c42166" xml:lang="nl" xlink:role="http://www.xbrl.org/2008/role/label">Bijzondere waardevermindering of (-) terugneming van bijzondere waardevermindering van niet-renderende blootstellingen</label:label>
    <gen:arc xlink:type="arc" xlink:arcrole="http://xbrl.org/arcrole/2008/element-label" xlink:from="loc_dnb-crd_c42166" xlink:to="label_dnb-crd_c42166" />
  </gen:link>
</link:linkbase>