﻿<?xml version="1.0" encoding="utf-8"?>
<!--© DNB-->
<link:linkbase xmlns:xsi="http://www.w3.org/2001/XMLSchema-instance" xmlns:xlink="http://www.w3.org/1999/xlink" xmlns:link="http://www.xbrl.org/2003/linkbase" xmlns:gen="http://xbrl.org/2008/generic" xmlns:label="http://xbrl.org/2008/label" xsi:schemaLocation="http://www.xbrl.org/2003/linkbase http://www.xbrl.org/2003/xbrl-linkbase-2003-12-31.xsd http://xbrl.org/2008/generic http://www.xbrl.org/2008/generic-link.xsd http://xbrl.org/2008/label http://www.xbrl.org/2008/generic-label.xsd">
  <link:arcroleRef arcroleURI="http://xbrl.org/arcrole/2008/element-label" xlink:type="simple" xlink:href="http://www.xbrl.org/2008/generic-label.xsd#element-label" />
  <link:roleRef roleURI="http://www.xbrl.org/2008/role/label" xlink:type="simple" xlink:href="http://www.xbrl.org/2008/generic-label.xsd#standard-label" />
  <link:roleRef roleURI="http://www.xbrl.org/2008/role/verboseLabel" xlink:type="simple" xlink:href="http://www.xbrl.org/2008/generic-label.xsd#verbose-label" />
  <gen:link xlink:type="extended" xlink:role="http://www.xbrl.org/2003/role/link">
    <link:loc xlink:type="locator" xlink:href="f_01.09-rend.xml#dnb-crd_tF_01.09" xlink:label="loc_dnb-crd_tF_01.09" />
    <label:label xlink:type="resource" xlink:label="label_dnb-crd_tF_01.09" xml:lang="nl" xlink:role="http://www.xbrl.org/2008/role/label">F 01.09</label:label>
    <gen:arc xlink:type="arc" xlink:arcrole="http://xbrl.org/arcrole/2008/element-label" xlink:from="loc_dnb-crd_tF_01.09" xlink:to="label_dnb-crd_tF_01.09" />
    <label:label xlink:type="resource" xlink:label="label_dnb-crd_tF_01.09_1" xml:lang="nl" xlink:role="http://www.xbrl.org/2008/role/verboseLabel">F 01.09 Details overige activa / overige verplichtingen</label:label>
    <gen:arc xlink:type="arc" xlink:arcrole="http://xbrl.org/arcrole/2008/element-label" xlink:from="loc_dnb-crd_tF_01.09" xlink:to="label_dnb-crd_tF_01.09_1" />
    <link:loc xlink:type="locator" xlink:href="f_01.09-rend.xml#dnb-crd_a1" xlink:label="loc_dnb-crd_a1" />
    <label:label xlink:type="resource" xlink:label="label_dnb-crd_a1" xml:lang="nl" xlink:role="http://www.xbrl.org/2008/role/label">Kolommen</label:label>
    <gen:arc xlink:type="arc" xlink:arcrole="http://xbrl.org/arcrole/2008/element-label" xlink:from="loc_dnb-crd_a1" xlink:to="label_dnb-crd_a1" />
    <link:loc xlink:type="locator" xlink:href="f_01.09-rend.xml#dnb-crd_c4" xlink:label="loc_dnb-crd_c4" />
    <label:label xlink:type="resource" xlink:label="label_dnb-crd_c4" xml:lang="nl" xlink:role="http://www.xbrl.org/2008/role/label">Omschrijving</label:label>
    <gen:arc xlink:type="arc" xlink:arcrole="http://xbrl.org/arcrole/2008/element-label" xlink:from="loc_dnb-crd_c4" xlink:to="label_dnb-crd_c4" />
    <link:loc xlink:type="locator" xlink:href="f_01.09-rend.xml#dnb-crd_c3" xlink:label="loc_dnb-crd_c3" />
    <label:label xlink:type="resource" xlink:label="label_dnb-crd_c3" xml:lang="nl" xlink:role="http://www.xbrl.org/2008/role/label">Bedrag</label:label>
    <gen:arc xlink:type="arc" xlink:arcrole="http://xbrl.org/arcrole/2008/element-label" xlink:from="loc_dnb-crd_c3" xlink:to="label_dnb-crd_c3" />
    <link:loc xlink:type="locator" xlink:href="f_01.09-rend.xml#dnb-crd_a2" xlink:label="loc_dnb-crd_a2" />
    <label:label xlink:type="resource" xlink:label="label_dnb-crd_a2" xml:lang="nl" xlink:role="http://www.xbrl.org/2008/role/label">Rijen</label:label>
    <gen:arc xlink:type="arc" xlink:arcrole="http://xbrl.org/arcrole/2008/element-label" xlink:from="loc_dnb-crd_a2" xlink:to="label_dnb-crd_a2" />
    <link:loc xlink:type="locator" xlink:href="f_01.09-rend.xml#dnb-crd_c5" xlink:label="loc_dnb-crd_c5" />
    <label:label xlink:type="resource" xlink:label="label_dnb-crd_c5" xml:lang="nl" xlink:role="http://www.xbrl.org/2008/role/label">Activa</label:label>
    <gen:arc xlink:type="arc" xlink:arcrole="http://xbrl.org/arcrole/2008/element-label" xlink:from="loc_dnb-crd_c5" xlink:to="label_dnb-crd_c5" />
    <link:loc xlink:type="locator" xlink:href="f_01.09-rend.xml#dnb-crd_c7" xlink:label="loc_dnb-crd_c7" />
    <label:label xlink:type="resource" xlink:label="label_dnb-crd_c7" xml:lang="nl" xlink:role="http://www.xbrl.org/2008/role/label">Detail bedrag 1</label:label>
    <gen:arc xlink:type="arc" xlink:arcrole="http://xbrl.org/arcrole/2008/element-label" xlink:from="loc_dnb-crd_c7" xlink:to="label_dnb-crd_c7" />
    <link:loc xlink:type="locator" xlink:href="f_01.09-rend.xml#dnb-crd_c8" xlink:label="loc_dnb-crd_c8" />
    <label:label xlink:type="resource" xlink:label="label_dnb-crd_c8" xml:lang="nl" xlink:role="http://www.xbrl.org/2008/role/label">Detail bedrag 2</label:label>
    <gen:arc xlink:type="arc" xlink:arcrole="http://xbrl.org/arcrole/2008/element-label" xlink:from="loc_dnb-crd_c8" xlink:to="label_dnb-crd_c8" />
    <link:loc xlink:type="locator" xlink:href="f_01.09-rend.xml#dnb-crd_c9" xlink:label="loc_dnb-crd_c9" />
    <label:label xlink:type="resource" xlink:label="label_dnb-crd_c9" xml:lang="nl" xlink:role="http://www.xbrl.org/2008/role/label">Detail bedrag 3</label:label>
    <gen:arc xlink:type="arc" xlink:arcrole="http://xbrl.org/arcrole/2008/element-label" xlink:from="loc_dnb-crd_c9" xlink:to="label_dnb-crd_c9" />
    <link:loc xlink:type="locator" xlink:href="f_01.09-rend.xml#dnb-crd_c10" xlink:label="loc_dnb-crd_c10" />
    <label:label xlink:type="resource" xlink:label="label_dnb-crd_c10" xml:lang="nl" xlink:role="http://www.xbrl.org/2008/role/label">Detail bedrag 4</label:label>
    <gen:arc xlink:type="arc" xlink:arcrole="http://xbrl.org/arcrole/2008/element-label" xlink:from="loc_dnb-crd_c10" xlink:to="label_dnb-crd_c10" />
    <link:loc xlink:type="locator" xlink:href="f_01.09-rend.xml#dnb-crd_c11" xlink:label="loc_dnb-crd_c11" />
    <label:label xlink:type="resource" xlink:label="label_dnb-crd_c11" xml:lang="nl" xlink:role="http://www.xbrl.org/2008/role/label">Detail bedrag 5</label:label>
    <gen:arc xlink:type="arc" xlink:arcrole="http://xbrl.org/arcrole/2008/element-label" xlink:from="loc_dnb-crd_c11" xlink:to="label_dnb-crd_c11" />
    <link:loc xlink:type="locator" xlink:href="f_01.09-rend.xml#dnb-crd_c12" xlink:label="loc_dnb-crd_c12" />
    <label:label xlink:type="resource" xlink:label="label_dnb-crd_c12" xml:lang="nl" xlink:role="http://www.xbrl.org/2008/role/label">Detail bedrag 6</label:label>
    <gen:arc xlink:type="arc" xlink:arcrole="http://xbrl.org/arcrole/2008/element-label" xlink:from="loc_dnb-crd_c12" xlink:to="label_dnb-crd_c12" />
    <link:loc xlink:type="locator" xlink:href="f_01.09-rend.xml#dnb-crd_c13" xlink:label="loc_dnb-crd_c13" />
    <label:label xlink:type="resource" xlink:label="label_dnb-crd_c13" xml:lang="nl" xlink:role="http://www.xbrl.org/2008/role/label">Detail bedrag 7</label:label>
    <gen:arc xlink:type="arc" xlink:arcrole="http://xbrl.org/arcrole/2008/element-label" xlink:from="loc_dnb-crd_c13" xlink:to="label_dnb-crd_c13" />
    <link:loc xlink:type="locator" xlink:href="f_01.09-rend.xml#dnb-crd_c14" xlink:label="loc_dnb-crd_c14" />
    <label:label xlink:type="resource" xlink:label="label_dnb-crd_c14" xml:lang="nl" xlink:role="http://www.xbrl.org/2008/role/label">Detail bedrag 8</label:label>
    <gen:arc xlink:type="arc" xlink:arcrole="http://xbrl.org/arcrole/2008/element-label" xlink:from="loc_dnb-crd_c14" xlink:to="label_dnb-crd_c14" />
    <link:loc xlink:type="locator" xlink:href="f_01.09-rend.xml#dnb-crd_c15" xlink:label="loc_dnb-crd_c15" />
    <label:label xlink:type="resource" xlink:label="label_dnb-crd_c15" xml:lang="nl" xlink:role="http://www.xbrl.org/2008/role/label">Detail bedrag 9</label:label>
    <gen:arc xlink:type="arc" xlink:arcrole="http://xbrl.org/arcrole/2008/element-label" xlink:from="loc_dnb-crd_c15" xlink:to="label_dnb-crd_c15" />
    <link:loc xlink:type="locator" xlink:href="f_01.09-rend.xml#dnb-crd_c16" xlink:label="loc_dnb-crd_c16" />
    <label:label xlink:type="resource" xlink:label="label_dnb-crd_c16" xml:lang="nl" xlink:role="http://www.xbrl.org/2008/role/label">Niet verklaarde bedragen</label:label>
    <gen:arc xlink:type="arc" xlink:arcrole="http://xbrl.org/arcrole/2008/element-label" xlink:from="loc_dnb-crd_c16" xlink:to="label_dnb-crd_c16" />
    <link:loc xlink:type="locator" xlink:href="f_01.09-rend.xml#dnb-crd_c29" xlink:label="loc_dnb-crd_c29" />
    <label:label xlink:type="resource" xlink:label="label_dnb-crd_c29" xml:lang="nl" xlink:role="http://www.xbrl.org/2008/role/label">Total overige activa</label:label>
    <gen:arc xlink:type="arc" xlink:arcrole="http://xbrl.org/arcrole/2008/element-label" xlink:from="loc_dnb-crd_c29" xlink:to="label_dnb-crd_c29" />
    <link:loc xlink:type="locator" xlink:href="f_01.09-rend.xml#dnb-crd_c17" xlink:label="loc_dnb-crd_c17" />
    <label:label xlink:type="resource" xlink:label="label_dnb-crd_c17" xml:lang="nl" xlink:role="http://www.xbrl.org/2008/role/label">Passiva</label:label>
    <gen:arc xlink:type="arc" xlink:arcrole="http://xbrl.org/arcrole/2008/element-label" xlink:from="loc_dnb-crd_c17" xlink:to="label_dnb-crd_c17" />
    <link:loc xlink:type="locator" xlink:href="f_01.09-rend.xml#dnb-crd_c19" xlink:label="loc_dnb-crd_c19" />
    <label:label xlink:type="resource" xlink:label="label_dnb-crd_c19" xml:lang="nl" xlink:role="http://www.xbrl.org/2008/role/label">Detail bedrag 1</label:label>
    <gen:arc xlink:type="arc" xlink:arcrole="http://xbrl.org/arcrole/2008/element-label" xlink:from="loc_dnb-crd_c19" xlink:to="label_dnb-crd_c19" />
    <link:loc xlink:type="locator" xlink:href="f_01.09-rend.xml#dnb-crd_c20" xlink:label="loc_dnb-crd_c20" />
    <label:label xlink:type="resource" xlink:label="label_dnb-crd_c20" xml:lang="nl" xlink:role="http://www.xbrl.org/2008/role/label">Detail bedrag 2</label:label>
    <gen:arc xlink:type="arc" xlink:arcrole="http://xbrl.org/arcrole/2008/element-label" xlink:from="loc_dnb-crd_c20" xlink:to="label_dnb-crd_c20" />
    <link:loc xlink:type="locator" xlink:href="f_01.09-rend.xml#dnb-crd_c21" xlink:label="loc_dnb-crd_c21" />
    <label:label xlink:type="resource" xlink:label="label_dnb-crd_c21" xml:lang="nl" xlink:role="http://www.xbrl.org/2008/role/label">Detail bedrag 3</label:label>
    <gen:arc xlink:type="arc" xlink:arcrole="http://xbrl.org/arcrole/2008/element-label" xlink:from="loc_dnb-crd_c21" xlink:to="label_dnb-crd_c21" />
    <link:loc xlink:type="locator" xlink:href="f_01.09-rend.xml#dnb-crd_c22" xlink:label="loc_dnb-crd_c22" />
    <label:label xlink:type="resource" xlink:label="label_dnb-crd_c22" xml:lang="nl" xlink:role="http://www.xbrl.org/2008/role/label">Detail bedrag 4</label:label>
    <gen:arc xlink:type="arc" xlink:arcrole="http://xbrl.org/arcrole/2008/element-label" xlink:from="loc_dnb-crd_c22" xlink:to="label_dnb-crd_c22" />
    <link:loc xlink:type="locator" xlink:href="f_01.09-rend.xml#dnb-crd_c23" xlink:label="loc_dnb-crd_c23" />
    <label:label xlink:type="resource" xlink:label="label_dnb-crd_c23" xml:lang="nl" xlink:role="http://www.xbrl.org/2008/role/label">Detail bedrag 5</label:label>
    <gen:arc xlink:type="arc" xlink:arcrole="http://xbrl.org/arcrole/2008/element-label" xlink:from="loc_dnb-crd_c23" xlink:to="label_dnb-crd_c23" />
    <link:loc xlink:type="locator" xlink:href="f_01.09-rend.xml#dnb-crd_c24" xlink:label="loc_dnb-crd_c24" />
    <label:label xlink:type="resource" xlink:label="label_dnb-crd_c24" xml:lang="nl" xlink:role="http://www.xbrl.org/2008/role/label">Detail bedrag 6</label:label>
    <gen:arc xlink:type="arc" xlink:arcrole="http://xbrl.org/arcrole/2008/element-label" xlink:from="loc_dnb-crd_c24" xlink:to="label_dnb-crd_c24" />
    <link:loc xlink:type="locator" xlink:href="f_01.09-rend.xml#dnb-crd_c25" xlink:label="loc_dnb-crd_c25" />
    <label:label xlink:type="resource" xlink:label="label_dnb-crd_c25" xml:lang="nl" xlink:role="http://www.xbrl.org/2008/role/label">Detail bedrag 7</label:label>
    <gen:arc xlink:type="arc" xlink:arcrole="http://xbrl.org/arcrole/2008/element-label" xlink:from="loc_dnb-crd_c25" xlink:to="label_dnb-crd_c25" />
    <link:loc xlink:type="locator" xlink:href="f_01.09-rend.xml#dnb-crd_c26" xlink:label="loc_dnb-crd_c26" />
    <label:label xlink:type="resource" xlink:label="label_dnb-crd_c26" xml:lang="nl" xlink:role="http://www.xbrl.org/2008/role/label">Detail bedrag 8</label:label>
    <gen:arc xlink:type="arc" xlink:arcrole="http://xbrl.org/arcrole/2008/element-label" xlink:from="loc_dnb-crd_c26" xlink:to="label_dnb-crd_c26" />
    <link:loc xlink:type="locator" xlink:href="f_01.09-rend.xml#dnb-crd_c27" xlink:label="loc_dnb-crd_c27" />
    <label:label xlink:type="resource" xlink:label="label_dnb-crd_c27" xml:lang="nl" xlink:role="http://www.xbrl.org/2008/role/label">Detail bedrag 9</label:label>
    <gen:arc xlink:type="arc" xlink:arcrole="http://xbrl.org/arcrole/2008/element-label" xlink:from="loc_dnb-crd_c27" xlink:to="label_dnb-crd_c27" />
    <link:loc xlink:type="locator" xlink:href="f_01.09-rend.xml#dnb-crd_c28" xlink:label="loc_dnb-crd_c28" />
    <label:label xlink:type="resource" xlink:label="label_dnb-crd_c28" xml:lang="nl" xlink:role="http://www.xbrl.org/2008/role/label">Niet verklaarde bedragen</label:label>
    <gen:arc xlink:type="arc" xlink:arcrole="http://xbrl.org/arcrole/2008/element-label" xlink:from="loc_dnb-crd_c28" xlink:to="label_dnb-crd_c28" />
    <link:loc xlink:type="locator" xlink:href="f_01.09-rend.xml#dnb-crd_c30" xlink:label="loc_dnb-crd_c30" />
    <label:label xlink:type="resource" xlink:label="label_dnb-crd_c30" xml:lang="nl" xlink:role="http://www.xbrl.org/2008/role/label">Total overige passiva</label:label>
    <gen:arc xlink:type="arc" xlink:arcrole="http://xbrl.org/arcrole/2008/element-label" xlink:from="loc_dnb-crd_c30" xlink:to="label_dnb-crd_c30" />
  </gen:link>
</link:linkbase>