﻿<?xml version="1.0" encoding="utf-8"?>
<!--© DNB-->
<link:linkbase xmlns:xsi="http://www.w3.org/2001/XMLSchema-instance" xmlns:xlink="http://www.w3.org/1999/xlink" xmlns:link="http://www.xbrl.org/2003/linkbase" xmlns:xbrldt="http://xbrl.org/2005/xbrldt" xsi:schemaLocation="http://www.xbrl.org/2003/linkbase http://www.xbrl.org/2003/xbrl-linkbase-2003-12-31.xsd http://xbrl.org/2005/xbrldt http://www.xbrl.org/2005/xbrldt-2005.xsd">
  <link:arcroleRef arcroleURI="http://xbrl.org/int/dim/arcrole/all" xlink:type="simple" xlink:href="http://www.xbrl.org/2005/xbrldt-2005.xsd#all" />
  <link:arcroleRef arcroleURI="http://xbrl.org/int/dim/arcrole/dimension-domain" xlink:type="simple" xlink:href="http://www.xbrl.org/2005/xbrldt-2005.xsd#dimension-domain" />
  <link:arcroleRef arcroleURI="http://xbrl.org/int/dim/arcrole/domain-member" xlink:type="simple" xlink:href="http://www.xbrl.org/2005/xbrldt-2005.xsd#domain-member" />
  <link:arcroleRef arcroleURI="http://xbrl.org/int/dim/arcrole/hypercube-dimension" xlink:type="simple" xlink:href="http://www.xbrl.org/2005/xbrldt-2005.xsd#hypercube-dimension" />
  <link:roleRef roleURI="http://www.dnb.nl/xbrl/xtn/role/fws/FINREP-BO/wft-3-72/2017-11-01/tab/F_01.09/1" xlink:type="simple" xlink:href="f_01.09.xsd#role1" />
  <link:roleRef roleURI="http://www.dnb.nl/xbrl/xtn/role/fws/FINREP-BO/wft-3-72/2017-11-01/tab/F_01.09/2" xlink:type="simple" xlink:href="f_01.09.xsd#role2" />
  <link:roleRef roleURI="http://www.dnb.nl/xbrl/xtn/role/fws/FINREP-BO/wft-3-72/2017-11-01/tab/F_01.09/3" xlink:type="simple" xlink:href="f_01.09.xsd#role3" />
  <link:roleRef roleURI="http://www.dnb.nl/xbrl/xtn/role/fws/FINREP-BO/wft-3-72/2017-11-01/tab/F_01.09/4" xlink:type="simple" xlink:href="f_01.09.xsd#role4" />
  <link:definitionLink xlink:type="extended" xlink:role="http://www.dnb.nl/xbrl/xtn/role/fws/FINREP-BO/wft-3-72/2017-11-01/tab/F_01.09/1">
    <link:loc xlink:type="locator" xlink:href="http://www.eba.europa.eu/eu/fr/xbrl/crr/dict/met/met.xsd#eba_mi53" xlink:label="loc_eba_mi53" />
    <link:loc xlink:type="locator" xlink:href="http://www.eurofiling.info/eu/fr/xbrl/ext/model.xsd#hyp" xlink:label="loc_hyp" />
    <link:definitionArc xlink:type="arc" xlink:arcrole="http://xbrl.org/int/dim/arcrole/all" xlink:from="loc_eba_mi53" xlink:to="loc_hyp" xbrldt:closed="true" xbrldt:contextElement="scenario" order="1" />
    <link:loc xlink:type="locator" xlink:href="http://www.eba.europa.eu/eu/fr/xbrl/crr/dict/dim/dim.xsd#eba_APL" xlink:label="loc_eba_APL" />
    <link:definitionArc xlink:type="arc" xlink:arcrole="http://xbrl.org/int/dim/arcrole/hypercube-dimension" xlink:from="loc_hyp" xlink:to="loc_eba_APL" order="1" />
    <link:loc xlink:type="locator" xlink:href="http://www.eba.europa.eu/eu/fr/xbrl/crr/dict/dom/exp.xsd#eba_PL" xlink:label="loc_eba_PL" />
    <link:definitionArc xlink:type="arc" xlink:arcrole="http://xbrl.org/int/dim/arcrole/dimension-domain" xlink:from="loc_eba_APL" xlink:to="loc_eba_PL" xbrldt:usable="false" order="1" />
    <link:loc xlink:type="locator" xlink:href="http://www.eba.europa.eu/eu/fr/xbrl/crr/dict/dom/pl/mem.xsd#eba_x79" xlink:label="loc_eba_x79" />
    <link:definitionArc xlink:type="arc" xlink:arcrole="http://xbrl.org/int/dim/arcrole/domain-member" xlink:from="loc_eba_PL" xlink:to="loc_eba_x79" order="1" />
    <link:loc xlink:type="locator" xlink:href="http://www.eba.europa.eu/eu/fr/xbrl/crr/dict/dim/dim.xsd#eba_BAS" xlink:label="loc_eba_BAS" />
    <link:definitionArc xlink:type="arc" xlink:arcrole="http://xbrl.org/int/dim/arcrole/hypercube-dimension" xlink:from="loc_hyp" xlink:to="loc_eba_BAS" order="2" />
    <link:loc xlink:type="locator" xlink:href="http://www.eba.europa.eu/eu/fr/xbrl/crr/dict/dom/exp.xsd#eba_BA" xlink:label="loc_eba_BA" />
    <link:definitionArc xlink:type="arc" xlink:arcrole="http://xbrl.org/int/dim/arcrole/dimension-domain" xlink:from="loc_eba_BAS" xlink:to="loc_eba_BA" xbrldt:usable="false" order="1" />
    <link:loc xlink:type="locator" xlink:href="http://www.eba.europa.eu/eu/fr/xbrl/crr/dict/dom/ba/mem.xsd#eba_x6" xlink:label="loc_eba_x6" />
    <link:definitionArc xlink:type="arc" xlink:arcrole="http://xbrl.org/int/dim/arcrole/domain-member" xlink:from="loc_eba_BA" xlink:to="loc_eba_x6" order="1" />
    <link:loc xlink:type="locator" xlink:href="http://www.eba.europa.eu/eu/fr/xbrl/crr/dict/dim/dim.xsd#eba_MCY" xlink:label="loc_eba_MCY" />
    <link:definitionArc xlink:type="arc" xlink:arcrole="http://xbrl.org/int/dim/arcrole/hypercube-dimension" xlink:from="loc_hyp" xlink:to="loc_eba_MCY" order="3" />
    <link:loc xlink:type="locator" xlink:href="http://www.eba.europa.eu/eu/fr/xbrl/crr/dict/dom/exp.xsd#eba_MC" xlink:label="loc_eba_MC" />
    <link:definitionArc xlink:type="arc" xlink:arcrole="http://xbrl.org/int/dim/arcrole/dimension-domain" xlink:from="loc_eba_MCY" xlink:to="loc_eba_MC" xbrldt:usable="false" order="1" />
    <link:loc xlink:type="locator" xlink:href="http://www.eba.europa.eu/eu/fr/xbrl/crr/dict/dom/mc/mem.xsd#eba_x33" xlink:label="loc_eba_x33" />
    <link:definitionArc xlink:type="arc" xlink:arcrole="http://xbrl.org/int/dim/arcrole/domain-member" xlink:from="loc_eba_MC" xlink:to="loc_eba_x33" order="1" />
    <link:loc xlink:type="locator" xlink:href="../../../../../../dict/dim/dim.xsd#dnb-crd_DRF" xlink:label="loc_dnb-crd_DRF" />
    <link:definitionArc xlink:type="arc" xlink:arcrole="http://xbrl.org/int/dim/arcrole/hypercube-dimension" xlink:from="loc_hyp" xlink:to="loc_dnb-crd_DRF" order="4" />
    <link:loc xlink:type="locator" xlink:href="../../../../../../dict/dom/exp.xsd#dnb-crd_DR" xlink:label="loc_dnb-crd_DR" />
    <link:definitionArc xlink:type="arc" xlink:arcrole="http://xbrl.org/int/dim/arcrole/dimension-domain" xlink:from="loc_dnb-crd_DRF" xlink:to="loc_dnb-crd_DR" xbrldt:usable="false" order="1" />
    <link:loc xlink:type="locator" xlink:href="../../../../../../dict/dom/dr/mem.xsd#dnb-crd_x2" xlink:label="loc_dnb-crd_x2" />
    <link:definitionArc xlink:type="arc" xlink:arcrole="http://xbrl.org/int/dim/arcrole/domain-member" xlink:from="loc_dnb-crd_DR" xlink:to="loc_dnb-crd_x2" order="1" />
    <link:loc xlink:type="locator" xlink:href="../../../../../../dict/dom/dr/mem.xsd#dnb-crd_x3" xlink:label="loc_dnb-crd_x3" />
    <link:definitionArc xlink:type="arc" xlink:arcrole="http://xbrl.org/int/dim/arcrole/domain-member" xlink:from="loc_dnb-crd_DR" xlink:to="loc_dnb-crd_x3" order="2" />
    <link:loc xlink:type="locator" xlink:href="../../../../../../dict/dom/dr/mem.xsd#dnb-crd_x4" xlink:label="loc_dnb-crd_x4" />
    <link:definitionArc xlink:type="arc" xlink:arcrole="http://xbrl.org/int/dim/arcrole/domain-member" xlink:from="loc_dnb-crd_DR" xlink:to="loc_dnb-crd_x4" order="3" />
    <link:loc xlink:type="locator" xlink:href="../../../../../../dict/dom/dr/mem.xsd#dnb-crd_x5" xlink:label="loc_dnb-crd_x5" />
    <link:definitionArc xlink:type="arc" xlink:arcrole="http://xbrl.org/int/dim/arcrole/domain-member" xlink:from="loc_dnb-crd_DR" xlink:to="loc_dnb-crd_x5" order="4" />
    <link:loc xlink:type="locator" xlink:href="../../../../../../dict/dom/dr/mem.xsd#dnb-crd_x6" xlink:label="loc_dnb-crd_x6" />
    <link:definitionArc xlink:type="arc" xlink:arcrole="http://xbrl.org/int/dim/arcrole/domain-member" xlink:from="loc_dnb-crd_DR" xlink:to="loc_dnb-crd_x6" order="5" />
    <link:loc xlink:type="locator" xlink:href="../../../../../../dict/dom/dr/mem.xsd#dnb-crd_x7" xlink:label="loc_dnb-crd_x7" />
    <link:definitionArc xlink:type="arc" xlink:arcrole="http://xbrl.org/int/dim/arcrole/domain-member" xlink:from="loc_dnb-crd_DR" xlink:to="loc_dnb-crd_x7" order="6" />
    <link:loc xlink:type="locator" xlink:href="../../../../../../dict/dom/dr/mem.xsd#dnb-crd_x8" xlink:label="loc_dnb-crd_x8" />
    <link:definitionArc xlink:type="arc" xlink:arcrole="http://xbrl.org/int/dim/arcrole/domain-member" xlink:from="loc_dnb-crd_DR" xlink:to="loc_dnb-crd_x8" order="7" />
    <link:loc xlink:type="locator" xlink:href="../../../../../../dict/dom/dr/mem.xsd#dnb-crd_x9" xlink:label="loc_dnb-crd_x9" />
    <link:definitionArc xlink:type="arc" xlink:arcrole="http://xbrl.org/int/dim/arcrole/domain-member" xlink:from="loc_dnb-crd_DR" xlink:to="loc_dnb-crd_x9" order="8" />
    <link:loc xlink:type="locator" xlink:href="../../../../../../dict/dom/dr/mem.xsd#dnb-crd_x10" xlink:label="loc_dnb-crd_x10" />
    <link:definitionArc xlink:type="arc" xlink:arcrole="http://xbrl.org/int/dim/arcrole/domain-member" xlink:from="loc_dnb-crd_DR" xlink:to="loc_dnb-crd_x10" order="9" />
    <link:loc xlink:type="locator" xlink:href="../../../../../../dict/dom/dr/mem.xsd#dnb-crd_x1" xlink:label="loc_dnb-crd_x1" />
    <link:definitionArc xlink:type="arc" xlink:arcrole="http://xbrl.org/int/dim/arcrole/domain-member" xlink:from="loc_dnb-crd_DR" xlink:to="loc_dnb-crd_x1" order="10" />
    <link:loc xlink:type="locator" xlink:href="../../../../../../dict/dom/dr/mem.xsd#dnb-crd_x0" xlink:label="loc_dnb-crd_x0" />
    <link:definitionArc xlink:type="arc" xlink:arcrole="http://xbrl.org/int/dim/arcrole/domain-member" xlink:from="loc_dnb-crd_DR" xlink:to="loc_dnb-crd_x0" order="11" />
  </link:definitionLink>
  <link:definitionLink xlink:type="extended" xlink:role="http://www.dnb.nl/xbrl/xtn/role/fws/FINREP-BO/wft-3-72/2017-11-01/tab/F_01.09/2">
    <link:loc xlink:type="locator" xlink:href="http://www.eba.europa.eu/eu/fr/xbrl/crr/dict/met/met.xsd#eba_mi53" xlink:label="loc_eba_mi53" />
    <link:loc xlink:type="locator" xlink:href="http://www.eurofiling.info/eu/fr/xbrl/ext/model.xsd#hyp" xlink:label="loc_hyp" />
    <link:definitionArc xlink:type="arc" xlink:arcrole="http://xbrl.org/int/dim/arcrole/all" xlink:from="loc_eba_mi53" xlink:to="loc_hyp" xbrldt:closed="true" xbrldt:contextElement="scenario" order="1" />
    <link:loc xlink:type="locator" xlink:href="http://www.eba.europa.eu/eu/fr/xbrl/crr/dict/dim/dim.xsd#eba_APL" xlink:label="loc_eba_APL" />
    <link:definitionArc xlink:type="arc" xlink:arcrole="http://xbrl.org/int/dim/arcrole/hypercube-dimension" xlink:from="loc_hyp" xlink:to="loc_eba_APL" order="1" />
    <link:loc xlink:type="locator" xlink:href="http://www.eba.europa.eu/eu/fr/xbrl/crr/dict/dom/exp.xsd#eba_PL" xlink:label="loc_eba_PL" />
    <link:definitionArc xlink:type="arc" xlink:arcrole="http://xbrl.org/int/dim/arcrole/dimension-domain" xlink:from="loc_eba_APL" xlink:to="loc_eba_PL" xbrldt:usable="false" order="1" />
    <link:loc xlink:type="locator" xlink:href="http://www.eba.europa.eu/eu/fr/xbrl/crr/dict/dom/pl/mem.xsd#eba_x79" xlink:label="loc_eba_x79" />
    <link:definitionArc xlink:type="arc" xlink:arcrole="http://xbrl.org/int/dim/arcrole/domain-member" xlink:from="loc_eba_PL" xlink:to="loc_eba_x79" order="1" />
    <link:loc xlink:type="locator" xlink:href="http://www.eba.europa.eu/eu/fr/xbrl/crr/dict/dim/dim.xsd#eba_BAS" xlink:label="loc_eba_BAS" />
    <link:definitionArc xlink:type="arc" xlink:arcrole="http://xbrl.org/int/dim/arcrole/hypercube-dimension" xlink:from="loc_hyp" xlink:to="loc_eba_BAS" order="2" />
    <link:loc xlink:type="locator" xlink:href="http://www.eba.europa.eu/eu/fr/xbrl/crr/dict/dom/exp.xsd#eba_BA" xlink:label="loc_eba_BA" />
    <link:definitionArc xlink:type="arc" xlink:arcrole="http://xbrl.org/int/dim/arcrole/dimension-domain" xlink:from="loc_eba_BAS" xlink:to="loc_eba_BA" xbrldt:usable="false" order="1" />
    <link:loc xlink:type="locator" xlink:href="http://www.eba.europa.eu/eu/fr/xbrl/crr/dict/dom/ba/mem.xsd#eba_x7" xlink:label="loc_eba_x7" />
    <link:definitionArc xlink:type="arc" xlink:arcrole="http://xbrl.org/int/dim/arcrole/domain-member" xlink:from="loc_eba_BA" xlink:to="loc_eba_x7" order="1" />
    <link:loc xlink:type="locator" xlink:href="http://www.eba.europa.eu/eu/fr/xbrl/crr/dict/dim/dim.xsd#eba_MCY" xlink:label="loc_eba_MCY" />
    <link:definitionArc xlink:type="arc" xlink:arcrole="http://xbrl.org/int/dim/arcrole/hypercube-dimension" xlink:from="loc_hyp" xlink:to="loc_eba_MCY" order="3" />
    <link:loc xlink:type="locator" xlink:href="http://www.eba.europa.eu/eu/fr/xbrl/crr/dict/dom/exp.xsd#eba_MC" xlink:label="loc_eba_MC" />
    <link:definitionArc xlink:type="arc" xlink:arcrole="http://xbrl.org/int/dim/arcrole/dimension-domain" xlink:from="loc_eba_MCY" xlink:to="loc_eba_MC" xbrldt:usable="false" order="1" />
    <link:loc xlink:type="locator" xlink:href="http://www.eba.europa.eu/eu/fr/xbrl/crr/dict/dom/mc/mem.xsd#eba_x220" xlink:label="loc_eba_x220" />
    <link:definitionArc xlink:type="arc" xlink:arcrole="http://xbrl.org/int/dim/arcrole/domain-member" xlink:from="loc_eba_MC" xlink:to="loc_eba_x220" order="1" />
    <link:loc xlink:type="locator" xlink:href="../../../../../../dict/dim/dim.xsd#dnb-crd_DRF" xlink:label="loc_dnb-crd_DRF" />
    <link:definitionArc xlink:type="arc" xlink:arcrole="http://xbrl.org/int/dim/arcrole/hypercube-dimension" xlink:from="loc_hyp" xlink:to="loc_dnb-crd_DRF" order="4" />
    <link:loc xlink:type="locator" xlink:href="../../../../../../dict/dom/exp.xsd#dnb-crd_DR" xlink:label="loc_dnb-crd_DR" />
    <link:definitionArc xlink:type="arc" xlink:arcrole="http://xbrl.org/int/dim/arcrole/dimension-domain" xlink:from="loc_dnb-crd_DRF" xlink:to="loc_dnb-crd_DR" xbrldt:usable="false" order="1" />
    <link:loc xlink:type="locator" xlink:href="../../../../../../dict/dom/dr/mem.xsd#dnb-crd_x2" xlink:label="loc_dnb-crd_x2" />
    <link:definitionArc xlink:type="arc" xlink:arcrole="http://xbrl.org/int/dim/arcrole/domain-member" xlink:from="loc_dnb-crd_DR" xlink:to="loc_dnb-crd_x2" order="1" />
    <link:loc xlink:type="locator" xlink:href="../../../../../../dict/dom/dr/mem.xsd#dnb-crd_x3" xlink:label="loc_dnb-crd_x3" />
    <link:definitionArc xlink:type="arc" xlink:arcrole="http://xbrl.org/int/dim/arcrole/domain-member" xlink:from="loc_dnb-crd_DR" xlink:to="loc_dnb-crd_x3" order="2" />
    <link:loc xlink:type="locator" xlink:href="../../../../../../dict/dom/dr/mem.xsd#dnb-crd_x4" xlink:label="loc_dnb-crd_x4" />
    <link:definitionArc xlink:type="arc" xlink:arcrole="http://xbrl.org/int/dim/arcrole/domain-member" xlink:from="loc_dnb-crd_DR" xlink:to="loc_dnb-crd_x4" order="3" />
    <link:loc xlink:type="locator" xlink:href="../../../../../../dict/dom/dr/mem.xsd#dnb-crd_x5" xlink:label="loc_dnb-crd_x5" />
    <link:definitionArc xlink:type="arc" xlink:arcrole="http://xbrl.org/int/dim/arcrole/domain-member" xlink:from="loc_dnb-crd_DR" xlink:to="loc_dnb-crd_x5" order="4" />
    <link:loc xlink:type="locator" xlink:href="../../../../../../dict/dom/dr/mem.xsd#dnb-crd_x6" xlink:label="loc_dnb-crd_x6" />
    <link:definitionArc xlink:type="arc" xlink:arcrole="http://xbrl.org/int/dim/arcrole/domain-member" xlink:from="loc_dnb-crd_DR" xlink:to="loc_dnb-crd_x6" order="5" />
    <link:loc xlink:type="locator" xlink:href="../../../../../../dict/dom/dr/mem.xsd#dnb-crd_x7" xlink:label="loc_dnb-crd_x7" />
    <link:definitionArc xlink:type="arc" xlink:arcrole="http://xbrl.org/int/dim/arcrole/domain-member" xlink:from="loc_dnb-crd_DR" xlink:to="loc_dnb-crd_x7" order="6" />
    <link:loc xlink:type="locator" xlink:href="../../../../../../dict/dom/dr/mem.xsd#dnb-crd_x8" xlink:label="loc_dnb-crd_x8" />
    <link:definitionArc xlink:type="arc" xlink:arcrole="http://xbrl.org/int/dim/arcrole/domain-member" xlink:from="loc_dnb-crd_DR" xlink:to="loc_dnb-crd_x8" order="7" />
    <link:loc xlink:type="locator" xlink:href="../../../../../../dict/dom/dr/mem.xsd#dnb-crd_x9" xlink:label="loc_dnb-crd_x9" />
    <link:definitionArc xlink:type="arc" xlink:arcrole="http://xbrl.org/int/dim/arcrole/domain-member" xlink:from="loc_dnb-crd_DR" xlink:to="loc_dnb-crd_x9" order="8" />
    <link:loc xlink:type="locator" xlink:href="../../../../../../dict/dom/dr/mem.xsd#dnb-crd_x10" xlink:label="loc_dnb-crd_x10" />
    <link:definitionArc xlink:type="arc" xlink:arcrole="http://xbrl.org/int/dim/arcrole/domain-member" xlink:from="loc_dnb-crd_DR" xlink:to="loc_dnb-crd_x10" order="9" />
    <link:loc xlink:type="locator" xlink:href="../../../../../../dict/dom/dr/mem.xsd#dnb-crd_x1" xlink:label="loc_dnb-crd_x1" />
    <link:definitionArc xlink:type="arc" xlink:arcrole="http://xbrl.org/int/dim/arcrole/domain-member" xlink:from="loc_dnb-crd_DR" xlink:to="loc_dnb-crd_x1" order="10" />
    <link:loc xlink:type="locator" xlink:href="../../../../../../dict/dom/dr/mem.xsd#dnb-crd_x0" xlink:label="loc_dnb-crd_x0" />
    <link:definitionArc xlink:type="arc" xlink:arcrole="http://xbrl.org/int/dim/arcrole/domain-member" xlink:from="loc_dnb-crd_DR" xlink:to="loc_dnb-crd_x0" order="11" />
  </link:definitionLink>
  <link:definitionLink xlink:type="extended" xlink:role="http://www.dnb.nl/xbrl/xtn/role/fws/FINREP-BO/wft-3-72/2017-11-01/tab/F_01.09/3">
    <link:loc xlink:type="locator" xlink:href="../../../../../../dict/met/met.xsd#dnb-crd_si1000" xlink:label="loc_dnb-crd_si1000" />
    <link:loc xlink:type="locator" xlink:href="http://www.eurofiling.info/eu/fr/xbrl/ext/model.xsd#hyp" xlink:label="loc_hyp" />
    <link:definitionArc xlink:type="arc" xlink:arcrole="http://xbrl.org/int/dim/arcrole/all" xlink:from="loc_dnb-crd_si1000" xlink:to="loc_hyp" xbrldt:closed="true" xbrldt:contextElement="scenario" order="1" />
    <link:loc xlink:type="locator" xlink:href="http://www.eba.europa.eu/eu/fr/xbrl/crr/dict/dim/dim.xsd#eba_APL" xlink:label="loc_eba_APL" />
    <link:definitionArc xlink:type="arc" xlink:arcrole="http://xbrl.org/int/dim/arcrole/hypercube-dimension" xlink:from="loc_hyp" xlink:to="loc_eba_APL" order="1" />
    <link:loc xlink:type="locator" xlink:href="http://www.eba.europa.eu/eu/fr/xbrl/crr/dict/dom/exp.xsd#eba_PL" xlink:label="loc_eba_PL" />
    <link:definitionArc xlink:type="arc" xlink:arcrole="http://xbrl.org/int/dim/arcrole/dimension-domain" xlink:from="loc_eba_APL" xlink:to="loc_eba_PL" xbrldt:usable="false" order="1" />
    <link:loc xlink:type="locator" xlink:href="http://www.eba.europa.eu/eu/fr/xbrl/crr/dict/dom/pl/mem.xsd#eba_x79" xlink:label="loc_eba_x79" />
    <link:definitionArc xlink:type="arc" xlink:arcrole="http://xbrl.org/int/dim/arcrole/domain-member" xlink:from="loc_eba_PL" xlink:to="loc_eba_x79" order="1" />
    <link:loc xlink:type="locator" xlink:href="http://www.eba.europa.eu/eu/fr/xbrl/crr/dict/dim/dim.xsd#eba_BAS" xlink:label="loc_eba_BAS" />
    <link:definitionArc xlink:type="arc" xlink:arcrole="http://xbrl.org/int/dim/arcrole/hypercube-dimension" xlink:from="loc_hyp" xlink:to="loc_eba_BAS" order="2" />
    <link:loc xlink:type="locator" xlink:href="http://www.eba.europa.eu/eu/fr/xbrl/crr/dict/dom/exp.xsd#eba_BA" xlink:label="loc_eba_BA" />
    <link:definitionArc xlink:type="arc" xlink:arcrole="http://xbrl.org/int/dim/arcrole/dimension-domain" xlink:from="loc_eba_BAS" xlink:to="loc_eba_BA" xbrldt:usable="false" order="1" />
    <link:loc xlink:type="locator" xlink:href="http://www.eba.europa.eu/eu/fr/xbrl/crr/dict/dom/ba/mem.xsd#eba_x6" xlink:label="loc_eba_x6" />
    <link:definitionArc xlink:type="arc" xlink:arcrole="http://xbrl.org/int/dim/arcrole/domain-member" xlink:from="loc_eba_BA" xlink:to="loc_eba_x6" order="1" />
    <link:loc xlink:type="locator" xlink:href="http://www.eba.europa.eu/eu/fr/xbrl/crr/dict/dim/dim.xsd#eba_MCY" xlink:label="loc_eba_MCY" />
    <link:definitionArc xlink:type="arc" xlink:arcrole="http://xbrl.org/int/dim/arcrole/hypercube-dimension" xlink:from="loc_hyp" xlink:to="loc_eba_MCY" order="3" />
    <link:loc xlink:type="locator" xlink:href="http://www.eba.europa.eu/eu/fr/xbrl/crr/dict/dom/exp.xsd#eba_MC" xlink:label="loc_eba_MC" />
    <link:definitionArc xlink:type="arc" xlink:arcrole="http://xbrl.org/int/dim/arcrole/dimension-domain" xlink:from="loc_eba_MCY" xlink:to="loc_eba_MC" xbrldt:usable="false" order="1" />
    <link:loc xlink:type="locator" xlink:href="http://www.eba.europa.eu/eu/fr/xbrl/crr/dict/dom/mc/mem.xsd#eba_x33" xlink:label="loc_eba_x33" />
    <link:definitionArc xlink:type="arc" xlink:arcrole="http://xbrl.org/int/dim/arcrole/domain-member" xlink:from="loc_eba_MC" xlink:to="loc_eba_x33" order="1" />
    <link:loc xlink:type="locator" xlink:href="../../../../../../dict/dim/dim.xsd#dnb-crd_DRF" xlink:label="loc_dnb-crd_DRF" />
    <link:definitionArc xlink:type="arc" xlink:arcrole="http://xbrl.org/int/dim/arcrole/hypercube-dimension" xlink:from="loc_hyp" xlink:to="loc_dnb-crd_DRF" order="4" />
    <link:loc xlink:type="locator" xlink:href="../../../../../../dict/dom/exp.xsd#dnb-crd_DR" xlink:label="loc_dnb-crd_DR" />
    <link:definitionArc xlink:type="arc" xlink:arcrole="http://xbrl.org/int/dim/arcrole/dimension-domain" xlink:from="loc_dnb-crd_DRF" xlink:to="loc_dnb-crd_DR" xbrldt:usable="false" order="1" />
    <link:loc xlink:type="locator" xlink:href="../../../../../../dict/dom/dr/mem.xsd#dnb-crd_x2" xlink:label="loc_dnb-crd_x2" />
    <link:definitionArc xlink:type="arc" xlink:arcrole="http://xbrl.org/int/dim/arcrole/domain-member" xlink:from="loc_dnb-crd_DR" xlink:to="loc_dnb-crd_x2" order="1" />
    <link:loc xlink:type="locator" xlink:href="../../../../../../dict/dom/dr/mem.xsd#dnb-crd_x3" xlink:label="loc_dnb-crd_x3" />
    <link:definitionArc xlink:type="arc" xlink:arcrole="http://xbrl.org/int/dim/arcrole/domain-member" xlink:from="loc_dnb-crd_DR" xlink:to="loc_dnb-crd_x3" order="2" />
    <link:loc xlink:type="locator" xlink:href="../../../../../../dict/dom/dr/mem.xsd#dnb-crd_x4" xlink:label="loc_dnb-crd_x4" />
    <link:definitionArc xlink:type="arc" xlink:arcrole="http://xbrl.org/int/dim/arcrole/domain-member" xlink:from="loc_dnb-crd_DR" xlink:to="loc_dnb-crd_x4" order="3" />
    <link:loc xlink:type="locator" xlink:href="../../../../../../dict/dom/dr/mem.xsd#dnb-crd_x5" xlink:label="loc_dnb-crd_x5" />
    <link:definitionArc xlink:type="arc" xlink:arcrole="http://xbrl.org/int/dim/arcrole/domain-member" xlink:from="loc_dnb-crd_DR" xlink:to="loc_dnb-crd_x5" order="4" />
    <link:loc xlink:type="locator" xlink:href="../../../../../../dict/dom/dr/mem.xsd#dnb-crd_x6" xlink:label="loc_dnb-crd_x6" />
    <link:definitionArc xlink:type="arc" xlink:arcrole="http://xbrl.org/int/dim/arcrole/domain-member" xlink:from="loc_dnb-crd_DR" xlink:to="loc_dnb-crd_x6" order="5" />
    <link:loc xlink:type="locator" xlink:href="../../../../../../dict/dom/dr/mem.xsd#dnb-crd_x7" xlink:label="loc_dnb-crd_x7" />
    <link:definitionArc xlink:type="arc" xlink:arcrole="http://xbrl.org/int/dim/arcrole/domain-member" xlink:from="loc_dnb-crd_DR" xlink:to="loc_dnb-crd_x7" order="6" />
    <link:loc xlink:type="locator" xlink:href="../../../../../../dict/dom/dr/mem.xsd#dnb-crd_x8" xlink:label="loc_dnb-crd_x8" />
    <link:definitionArc xlink:type="arc" xlink:arcrole="http://xbrl.org/int/dim/arcrole/domain-member" xlink:from="loc_dnb-crd_DR" xlink:to="loc_dnb-crd_x8" order="7" />
    <link:loc xlink:type="locator" xlink:href="../../../../../../dict/dom/dr/mem.xsd#dnb-crd_x9" xlink:label="loc_dnb-crd_x9" />
    <link:definitionArc xlink:type="arc" xlink:arcrole="http://xbrl.org/int/dim/arcrole/domain-member" xlink:from="loc_dnb-crd_DR" xlink:to="loc_dnb-crd_x9" order="8" />
    <link:loc xlink:type="locator" xlink:href="../../../../../../dict/dom/dr/mem.xsd#dnb-crd_x10" xlink:label="loc_dnb-crd_x10" />
    <link:definitionArc xlink:type="arc" xlink:arcrole="http://xbrl.org/int/dim/arcrole/domain-member" xlink:from="loc_dnb-crd_DR" xlink:to="loc_dnb-crd_x10" order="9" />
  </link:definitionLink>
  <link:definitionLink xlink:type="extended" xlink:role="http://www.dnb.nl/xbrl/xtn/role/fws/FINREP-BO/wft-3-72/2017-11-01/tab/F_01.09/4">
    <link:loc xlink:type="locator" xlink:href="../../../../../../dict/met/met.xsd#dnb-crd_si1000" xlink:label="loc_dnb-crd_si1000" />
    <link:loc xlink:type="locator" xlink:href="http://www.eurofiling.info/eu/fr/xbrl/ext/model.xsd#hyp" xlink:label="loc_hyp" />
    <link:definitionArc xlink:type="arc" xlink:arcrole="http://xbrl.org/int/dim/arcrole/all" xlink:from="loc_dnb-crd_si1000" xlink:to="loc_hyp" xbrldt:closed="true" xbrldt:contextElement="scenario" order="1" />
    <link:loc xlink:type="locator" xlink:href="http://www.eba.europa.eu/eu/fr/xbrl/crr/dict/dim/dim.xsd#eba_APL" xlink:label="loc_eba_APL" />
    <link:definitionArc xlink:type="arc" xlink:arcrole="http://xbrl.org/int/dim/arcrole/hypercube-dimension" xlink:from="loc_hyp" xlink:to="loc_eba_APL" order="1" />
    <link:loc xlink:type="locator" xlink:href="http://www.eba.europa.eu/eu/fr/xbrl/crr/dict/dom/exp.xsd#eba_PL" xlink:label="loc_eba_PL" />
    <link:definitionArc xlink:type="arc" xlink:arcrole="http://xbrl.org/int/dim/arcrole/dimension-domain" xlink:from="loc_eba_APL" xlink:to="loc_eba_PL" xbrldt:usable="false" order="1" />
    <link:loc xlink:type="locator" xlink:href="http://www.eba.europa.eu/eu/fr/xbrl/crr/dict/dom/pl/mem.xsd#eba_x79" xlink:label="loc_eba_x79" />
    <link:definitionArc xlink:type="arc" xlink:arcrole="http://xbrl.org/int/dim/arcrole/domain-member" xlink:from="loc_eba_PL" xlink:to="loc_eba_x79" order="1" />
    <link:loc xlink:type="locator" xlink:href="http://www.eba.europa.eu/eu/fr/xbrl/crr/dict/dim/dim.xsd#eba_BAS" xlink:label="loc_eba_BAS" />
    <link:definitionArc xlink:type="arc" xlink:arcrole="http://xbrl.org/int/dim/arcrole/hypercube-dimension" xlink:from="loc_hyp" xlink:to="loc_eba_BAS" order="2" />
    <link:loc xlink:type="locator" xlink:href="http://www.eba.europa.eu/eu/fr/xbrl/crr/dict/dom/exp.xsd#eba_BA" xlink:label="loc_eba_BA" />
    <link:definitionArc xlink:type="arc" xlink:arcrole="http://xbrl.org/int/dim/arcrole/dimension-domain" xlink:from="loc_eba_BAS" xlink:to="loc_eba_BA" xbrldt:usable="false" order="1" />
    <link:loc xlink:type="locator" xlink:href="http://www.eba.europa.eu/eu/fr/xbrl/crr/dict/dom/ba/mem.xsd#eba_x7" xlink:label="loc_eba_x7" />
    <link:definitionArc xlink:type="arc" xlink:arcrole="http://xbrl.org/int/dim/arcrole/domain-member" xlink:from="loc_eba_BA" xlink:to="loc_eba_x7" order="1" />
    <link:loc xlink:type="locator" xlink:href="http://www.eba.europa.eu/eu/fr/xbrl/crr/dict/dim/dim.xsd#eba_MCY" xlink:label="loc_eba_MCY" />
    <link:definitionArc xlink:type="arc" xlink:arcrole="http://xbrl.org/int/dim/arcrole/hypercube-dimension" xlink:from="loc_hyp" xlink:to="loc_eba_MCY" order="3" />
    <link:loc xlink:type="locator" xlink:href="http://www.eba.europa.eu/eu/fr/xbrl/crr/dict/dom/exp.xsd#eba_MC" xlink:label="loc_eba_MC" />
    <link:definitionArc xlink:type="arc" xlink:arcrole="http://xbrl.org/int/dim/arcrole/dimension-domain" xlink:from="loc_eba_MCY" xlink:to="loc_eba_MC" xbrldt:usable="false" order="1" />
    <link:loc xlink:type="locator" xlink:href="http://www.eba.europa.eu/eu/fr/xbrl/crr/dict/dom/mc/mem.xsd#eba_x220" xlink:label="loc_eba_x220" />
    <link:definitionArc xlink:type="arc" xlink:arcrole="http://xbrl.org/int/dim/arcrole/domain-member" xlink:from="loc_eba_MC" xlink:to="loc_eba_x220" order="1" />
    <link:loc xlink:type="locator" xlink:href="../../../../../../dict/dim/dim.xsd#dnb-crd_DRF" xlink:label="loc_dnb-crd_DRF" />
    <link:definitionArc xlink:type="arc" xlink:arcrole="http://xbrl.org/int/dim/arcrole/hypercube-dimension" xlink:from="loc_hyp" xlink:to="loc_dnb-crd_DRF" order="4" />
    <link:loc xlink:type="locator" xlink:href="../../../../../../dict/dom/exp.xsd#dnb-crd_DR" xlink:label="loc_dnb-crd_DR" />
    <link:definitionArc xlink:type="arc" xlink:arcrole="http://xbrl.org/int/dim/arcrole/dimension-domain" xlink:from="loc_dnb-crd_DRF" xlink:to="loc_dnb-crd_DR" xbrldt:usable="false" order="1" />
    <link:loc xlink:type="locator" xlink:href="../../../../../../dict/dom/dr/mem.xsd#dnb-crd_x2" xlink:label="loc_dnb-crd_x2" />
    <link:definitionArc xlink:type="arc" xlink:arcrole="http://xbrl.org/int/dim/arcrole/domain-member" xlink:from="loc_dnb-crd_DR" xlink:to="loc_dnb-crd_x2" order="1" />
    <link:loc xlink:type="locator" xlink:href="../../../../../../dict/dom/dr/mem.xsd#dnb-crd_x3" xlink:label="loc_dnb-crd_x3" />
    <link:definitionArc xlink:type="arc" xlink:arcrole="http://xbrl.org/int/dim/arcrole/domain-member" xlink:from="loc_dnb-crd_DR" xlink:to="loc_dnb-crd_x3" order="2" />
    <link:loc xlink:type="locator" xlink:href="../../../../../../dict/dom/dr/mem.xsd#dnb-crd_x4" xlink:label="loc_dnb-crd_x4" />
    <link:definitionArc xlink:type="arc" xlink:arcrole="http://xbrl.org/int/dim/arcrole/domain-member" xlink:from="loc_dnb-crd_DR" xlink:to="loc_dnb-crd_x4" order="3" />
    <link:loc xlink:type="locator" xlink:href="../../../../../../dict/dom/dr/mem.xsd#dnb-crd_x5" xlink:label="loc_dnb-crd_x5" />
    <link:definitionArc xlink:type="arc" xlink:arcrole="http://xbrl.org/int/dim/arcrole/domain-member" xlink:from="loc_dnb-crd_DR" xlink:to="loc_dnb-crd_x5" order="4" />
    <link:loc xlink:type="locator" xlink:href="../../../../../../dict/dom/dr/mem.xsd#dnb-crd_x6" xlink:label="loc_dnb-crd_x6" />
    <link:definitionArc xlink:type="arc" xlink:arcrole="http://xbrl.org/int/dim/arcrole/domain-member" xlink:from="loc_dnb-crd_DR" xlink:to="loc_dnb-crd_x6" order="5" />
    <link:loc xlink:type="locator" xlink:href="../../../../../../dict/dom/dr/mem.xsd#dnb-crd_x7" xlink:label="loc_dnb-crd_x7" />
    <link:definitionArc xlink:type="arc" xlink:arcrole="http://xbrl.org/int/dim/arcrole/domain-member" xlink:from="loc_dnb-crd_DR" xlink:to="loc_dnb-crd_x7" order="6" />
    <link:loc xlink:type="locator" xlink:href="../../../../../../dict/dom/dr/mem.xsd#dnb-crd_x8" xlink:label="loc_dnb-crd_x8" />
    <link:definitionArc xlink:type="arc" xlink:arcrole="http://xbrl.org/int/dim/arcrole/domain-member" xlink:from="loc_dnb-crd_DR" xlink:to="loc_dnb-crd_x8" order="7" />
    <link:loc xlink:type="locator" xlink:href="../../../../../../dict/dom/dr/mem.xsd#dnb-crd_x9" xlink:label="loc_dnb-crd_x9" />
    <link:definitionArc xlink:type="arc" xlink:arcrole="http://xbrl.org/int/dim/arcrole/domain-member" xlink:from="loc_dnb-crd_DR" xlink:to="loc_dnb-crd_x9" order="8" />
    <link:loc xlink:type="locator" xlink:href="../../../../../../dict/dom/dr/mem.xsd#dnb-crd_x10" xlink:label="loc_dnb-crd_x10" />
    <link:definitionArc xlink:type="arc" xlink:arcrole="http://xbrl.org/int/dim/arcrole/domain-member" xlink:from="loc_dnb-crd_DR" xlink:to="loc_dnb-crd_x10" order="9" />
  </link:definitionLink>
</link:linkbase>