﻿<?xml version="1.0" encoding="utf-8"?>
<!--© DNB-->
<link:linkbase xmlns:xsi="http://www.w3.org/2001/XMLSchema-instance" xmlns:xlink="http://www.w3.org/1999/xlink" xmlns:link="http://www.xbrl.org/2003/linkbase" xmlns:gen="http://xbrl.org/2008/generic" xmlns:label="http://xbrl.org/2008/label" xmlns:formula="http://xbrl.org/2008/formula" xmlns:df="http://xbrl.org/2008/filter/dimension" xmlns:table="http://xbrl.org/2014/table" xmlns:model="http://www.eurofiling.info/xbrl/ext/model" xmlns:dnb-crd_met="http://www.dnb.nl/xbrl/xtn/dict/met" xmlns:dnbeba_dim="http://www.eba.europa.eu/xbrl/crr/dict/dim" xmlns:dnbeba_PL="http://www.eba.europa.eu/xbrl/crr/dict/dom/PL" xmlns:dnbeba_met="http://www.eba.europa.eu/xbrl/crr/dict/met" xmlns:dnbeba_BA="http://www.eba.europa.eu/xbrl/crr/dict/dom/BA" xmlns:dnbeba_MC="http://www.eba.europa.eu/xbrl/crr/dict/dom/MC" xmlns:dnb-crd_dim="http://www.dnb.nl/xbrl/xtn/dict/dim" xmlns:dnb-crd_DR="http://www.dnb.nl/xbrl/xtn/dict/dom/DR" xsi:schemaLocation="http://www.xbrl.org/2003/linkbase http://www.xbrl.org/2003/xbrl-linkbase-2003-12-31.xsd http://xbrl.org/2008/generic http://www.xbrl.org/2008/generic-link.xsd http://xbrl.org/2008/label http://www.xbrl.org/2008/generic-label.xsd http://xbrl.org/2008/formula http://www.xbrl.org/2008/formula.xsd http://xbrl.org/2008/filter/dimension http://www.xbrl.org/2008/dimension-filter.xsd http://xbrl.org/2014/table http://www.xbrl.org/2014/table.xsd http://www.eurofiling.info/xbrl/ext/model http://www.eurofiling.info/eu/fr/xbrl/ext/model.xsd">
  <link:arcroleRef arcroleURI="http://xbrl.org/arcrole/2014/breakdown-tree" xlink:type="simple" xlink:href="http://www.xbrl.org/2014/table.xsd#breakdown-tree" />
  <link:arcroleRef arcroleURI="http://xbrl.org/arcrole/2014/definition-node-subtree" xlink:type="simple" xlink:href="http://www.xbrl.org/2014/table.xsd#definition-node-subtree" />
  <link:arcroleRef arcroleURI="http://xbrl.org/arcrole/2014/table-breakdown" xlink:type="simple" xlink:href="http://www.xbrl.org/2014/table.xsd#table-breakdown" />
  <link:roleRef roleURI="http://www.dnb.nl/xbrl/xtn/role/fws/FINREP-BO/wft-3-72/2017-11-01/tab/F_01.09" xlink:type="simple" xlink:href="f_01.09.xsd#role" />
  <gen:link xlink:type="extended" xlink:role="http://www.dnb.nl/xbrl/xtn/role/fws/FINREP-BO/wft-3-72/2017-11-01/tab/F_01.09">
    <table:table xlink:type="resource" xlink:label="dnb-crd_tF_01.09" id="dnb-crd_tF_01.09" />
    <table:breakdown xlink:type="resource" xlink:label="dnb-crd_a1" parentChildOrder="parent-first" id="dnb-crd_a1" />
    <table:ruleNode xlink:type="resource" xlink:label="dnb-crd_a1.root" abstract="true" merge="true" id="dnb-crd_a1.root" />
    <table:breakdownTreeArc xlink:type="arc" xlink:arcrole="http://xbrl.org/arcrole/2014/breakdown-tree" xlink:from="dnb-crd_a1" xlink:to="dnb-crd_a1.root" order="0" />
    <table:ruleNode xlink:type="resource" xlink:label="dnb-crd_c4" id="dnb-crd_c4">
      <formula:concept>
        <formula:qname>dnb-crd_met:si1000</formula:qname>
      </formula:concept>
      <formula:explicitDimension dimension="dnbeba_dim:APL">
        <formula:member>
          <formula:qname>dnbeba_PL:x79</formula:qname>
        </formula:member>
      </formula:explicitDimension>
    </table:ruleNode>
    <table:definitionNodeSubtreeArc xlink:type="arc" xlink:arcrole="http://xbrl.org/arcrole/2014/definition-node-subtree" xlink:from="dnb-crd_a1.root" xlink:to="dnb-crd_c4" order="1" />
    <table:ruleNode xlink:type="resource" xlink:label="dnb-crd_c3" id="dnb-crd_c3">
      <formula:concept>
        <formula:qname>dnbeba_met:mi53</formula:qname>
      </formula:concept>
      <formula:explicitDimension dimension="dnbeba_dim:APL">
        <formula:member>
          <formula:qname>dnbeba_PL:x79</formula:qname>
        </formula:member>
      </formula:explicitDimension>
    </table:ruleNode>
    <table:definitionNodeSubtreeArc xlink:type="arc" xlink:arcrole="http://xbrl.org/arcrole/2014/definition-node-subtree" xlink:from="dnb-crd_a1.root" xlink:to="dnb-crd_c3" order="2" />
    <table:tableBreakdownArc xlink:type="arc" xlink:arcrole="http://xbrl.org/arcrole/2014/table-breakdown" xlink:from="dnb-crd_tF_01.09" xlink:to="dnb-crd_a1" axis="x" order="1" />
    <table:breakdown xlink:type="resource" xlink:label="dnb-crd_a2" parentChildOrder="parent-first" id="dnb-crd_a2" />
    <table:ruleNode xlink:type="resource" xlink:label="dnb-crd_a2.root" abstract="true" merge="true" id="dnb-crd_a2.root" />
    <table:breakdownTreeArc xlink:type="arc" xlink:arcrole="http://xbrl.org/arcrole/2014/breakdown-tree" xlink:from="dnb-crd_a2" xlink:to="dnb-crd_a2.root" order="0" />
    <table:ruleNode xlink:type="resource" xlink:label="dnb-crd_c5" abstract="true" id="dnb-crd_c5" />
    <table:ruleNode xlink:type="resource" xlink:label="dnb-crd_c7" id="dnb-crd_c7">
      <formula:explicitDimension dimension="dnbeba_dim:BAS">
        <formula:member>
          <formula:qname>dnbeba_BA:x6</formula:qname>
        </formula:member>
      </formula:explicitDimension>
      <formula:explicitDimension dimension="dnbeba_dim:MCY">
        <formula:member>
          <formula:qname>dnbeba_MC:x33</formula:qname>
        </formula:member>
      </formula:explicitDimension>
      <formula:explicitDimension dimension="dnb-crd_dim:DRF">
        <formula:member>
          <formula:qname>dnb-crd_DR:x2</formula:qname>
        </formula:member>
      </formula:explicitDimension>
    </table:ruleNode>
    <table:definitionNodeSubtreeArc xlink:type="arc" xlink:arcrole="http://xbrl.org/arcrole/2014/definition-node-subtree" xlink:from="dnb-crd_c5" xlink:to="dnb-crd_c7" order="1" />
    <table:ruleNode xlink:type="resource" xlink:label="dnb-crd_c8" id="dnb-crd_c8">
      <formula:explicitDimension dimension="dnbeba_dim:BAS">
        <formula:member>
          <formula:qname>dnbeba_BA:x6</formula:qname>
        </formula:member>
      </formula:explicitDimension>
      <formula:explicitDimension dimension="dnbeba_dim:MCY">
        <formula:member>
          <formula:qname>dnbeba_MC:x33</formula:qname>
        </formula:member>
      </formula:explicitDimension>
      <formula:explicitDimension dimension="dnb-crd_dim:DRF">
        <formula:member>
          <formula:qname>dnb-crd_DR:x3</formula:qname>
        </formula:member>
      </formula:explicitDimension>
    </table:ruleNode>
    <table:definitionNodeSubtreeArc xlink:type="arc" xlink:arcrole="http://xbrl.org/arcrole/2014/definition-node-subtree" xlink:from="dnb-crd_c5" xlink:to="dnb-crd_c8" order="2" />
    <table:ruleNode xlink:type="resource" xlink:label="dnb-crd_c9" id="dnb-crd_c9">
      <formula:explicitDimension dimension="dnbeba_dim:BAS">
        <formula:member>
          <formula:qname>dnbeba_BA:x6</formula:qname>
        </formula:member>
      </formula:explicitDimension>
      <formula:explicitDimension dimension="dnbeba_dim:MCY">
        <formula:member>
          <formula:qname>dnbeba_MC:x33</formula:qname>
        </formula:member>
      </formula:explicitDimension>
      <formula:explicitDimension dimension="dnb-crd_dim:DRF">
        <formula:member>
          <formula:qname>dnb-crd_DR:x4</formula:qname>
        </formula:member>
      </formula:explicitDimension>
    </table:ruleNode>
    <table:definitionNodeSubtreeArc xlink:type="arc" xlink:arcrole="http://xbrl.org/arcrole/2014/definition-node-subtree" xlink:from="dnb-crd_c5" xlink:to="dnb-crd_c9" order="3" />
    <table:ruleNode xlink:type="resource" xlink:label="dnb-crd_c10" id="dnb-crd_c10">
      <formula:explicitDimension dimension="dnbeba_dim:BAS">
        <formula:member>
          <formula:qname>dnbeba_BA:x6</formula:qname>
        </formula:member>
      </formula:explicitDimension>
      <formula:explicitDimension dimension="dnbeba_dim:MCY">
        <formula:member>
          <formula:qname>dnbeba_MC:x33</formula:qname>
        </formula:member>
      </formula:explicitDimension>
      <formula:explicitDimension dimension="dnb-crd_dim:DRF">
        <formula:member>
          <formula:qname>dnb-crd_DR:x5</formula:qname>
        </formula:member>
      </formula:explicitDimension>
    </table:ruleNode>
    <table:definitionNodeSubtreeArc xlink:type="arc" xlink:arcrole="http://xbrl.org/arcrole/2014/definition-node-subtree" xlink:from="dnb-crd_c5" xlink:to="dnb-crd_c10" order="4" />
    <table:ruleNode xlink:type="resource" xlink:label="dnb-crd_c11" id="dnb-crd_c11">
      <formula:explicitDimension dimension="dnbeba_dim:BAS">
        <formula:member>
          <formula:qname>dnbeba_BA:x6</formula:qname>
        </formula:member>
      </formula:explicitDimension>
      <formula:explicitDimension dimension="dnbeba_dim:MCY">
        <formula:member>
          <formula:qname>dnbeba_MC:x33</formula:qname>
        </formula:member>
      </formula:explicitDimension>
      <formula:explicitDimension dimension="dnb-crd_dim:DRF">
        <formula:member>
          <formula:qname>dnb-crd_DR:x6</formula:qname>
        </formula:member>
      </formula:explicitDimension>
    </table:ruleNode>
    <table:definitionNodeSubtreeArc xlink:type="arc" xlink:arcrole="http://xbrl.org/arcrole/2014/definition-node-subtree" xlink:from="dnb-crd_c5" xlink:to="dnb-crd_c11" order="5" />
    <table:ruleNode xlink:type="resource" xlink:label="dnb-crd_c12" id="dnb-crd_c12">
      <formula:explicitDimension dimension="dnbeba_dim:BAS">
        <formula:member>
          <formula:qname>dnbeba_BA:x6</formula:qname>
        </formula:member>
      </formula:explicitDimension>
      <formula:explicitDimension dimension="dnbeba_dim:MCY">
        <formula:member>
          <formula:qname>dnbeba_MC:x33</formula:qname>
        </formula:member>
      </formula:explicitDimension>
      <formula:explicitDimension dimension="dnb-crd_dim:DRF">
        <formula:member>
          <formula:qname>dnb-crd_DR:x7</formula:qname>
        </formula:member>
      </formula:explicitDimension>
    </table:ruleNode>
    <table:definitionNodeSubtreeArc xlink:type="arc" xlink:arcrole="http://xbrl.org/arcrole/2014/definition-node-subtree" xlink:from="dnb-crd_c5" xlink:to="dnb-crd_c12" order="6" />
    <table:ruleNode xlink:type="resource" xlink:label="dnb-crd_c13" id="dnb-crd_c13">
      <formula:explicitDimension dimension="dnbeba_dim:BAS">
        <formula:member>
          <formula:qname>dnbeba_BA:x6</formula:qname>
        </formula:member>
      </formula:explicitDimension>
      <formula:explicitDimension dimension="dnbeba_dim:MCY">
        <formula:member>
          <formula:qname>dnbeba_MC:x33</formula:qname>
        </formula:member>
      </formula:explicitDimension>
      <formula:explicitDimension dimension="dnb-crd_dim:DRF">
        <formula:member>
          <formula:qname>dnb-crd_DR:x8</formula:qname>
        </formula:member>
      </formula:explicitDimension>
    </table:ruleNode>
    <table:definitionNodeSubtreeArc xlink:type="arc" xlink:arcrole="http://xbrl.org/arcrole/2014/definition-node-subtree" xlink:from="dnb-crd_c5" xlink:to="dnb-crd_c13" order="7" />
    <table:ruleNode xlink:type="resource" xlink:label="dnb-crd_c14" id="dnb-crd_c14">
      <formula:explicitDimension dimension="dnbeba_dim:BAS">
        <formula:member>
          <formula:qname>dnbeba_BA:x6</formula:qname>
        </formula:member>
      </formula:explicitDimension>
      <formula:explicitDimension dimension="dnbeba_dim:MCY">
        <formula:member>
          <formula:qname>dnbeba_MC:x33</formula:qname>
        </formula:member>
      </formula:explicitDimension>
      <formula:explicitDimension dimension="dnb-crd_dim:DRF">
        <formula:member>
          <formula:qname>dnb-crd_DR:x9</formula:qname>
        </formula:member>
      </formula:explicitDimension>
    </table:ruleNode>
    <table:definitionNodeSubtreeArc xlink:type="arc" xlink:arcrole="http://xbrl.org/arcrole/2014/definition-node-subtree" xlink:from="dnb-crd_c5" xlink:to="dnb-crd_c14" order="8" />
    <table:ruleNode xlink:type="resource" xlink:label="dnb-crd_c15" id="dnb-crd_c15">
      <formula:explicitDimension dimension="dnbeba_dim:BAS">
        <formula:member>
          <formula:qname>dnbeba_BA:x6</formula:qname>
        </formula:member>
      </formula:explicitDimension>
      <formula:explicitDimension dimension="dnbeba_dim:MCY">
        <formula:member>
          <formula:qname>dnbeba_MC:x33</formula:qname>
        </formula:member>
      </formula:explicitDimension>
      <formula:explicitDimension dimension="dnb-crd_dim:DRF">
        <formula:member>
          <formula:qname>dnb-crd_DR:x10</formula:qname>
        </formula:member>
      </formula:explicitDimension>
    </table:ruleNode>
    <table:definitionNodeSubtreeArc xlink:type="arc" xlink:arcrole="http://xbrl.org/arcrole/2014/definition-node-subtree" xlink:from="dnb-crd_c5" xlink:to="dnb-crd_c15" order="9" />
    <table:ruleNode xlink:type="resource" xlink:label="dnb-crd_c16" id="dnb-crd_c16">
      <formula:explicitDimension dimension="dnbeba_dim:BAS">
        <formula:member>
          <formula:qname>dnbeba_BA:x6</formula:qname>
        </formula:member>
      </formula:explicitDimension>
      <formula:explicitDimension dimension="dnbeba_dim:MCY">
        <formula:member>
          <formula:qname>dnbeba_MC:x33</formula:qname>
        </formula:member>
      </formula:explicitDimension>
      <formula:explicitDimension dimension="dnb-crd_dim:DRF">
        <formula:member>
          <formula:qname>dnb-crd_DR:x1</formula:qname>
        </formula:member>
      </formula:explicitDimension>
    </table:ruleNode>
    <table:definitionNodeSubtreeArc xlink:type="arc" xlink:arcrole="http://xbrl.org/arcrole/2014/definition-node-subtree" xlink:from="dnb-crd_c5" xlink:to="dnb-crd_c16" order="10" />
    <table:ruleNode xlink:type="resource" xlink:label="dnb-crd_c29" id="dnb-crd_c29">
      <formula:explicitDimension dimension="dnbeba_dim:BAS">
        <formula:member>
          <formula:qname>dnbeba_BA:x6</formula:qname>
        </formula:member>
      </formula:explicitDimension>
      <formula:explicitDimension dimension="dnbeba_dim:MCY">
        <formula:member>
          <formula:qname>dnbeba_MC:x33</formula:qname>
        </formula:member>
      </formula:explicitDimension>
    </table:ruleNode>
    <table:definitionNodeSubtreeArc xlink:type="arc" xlink:arcrole="http://xbrl.org/arcrole/2014/definition-node-subtree" xlink:from="dnb-crd_c5" xlink:to="dnb-crd_c29" order="11" />
    <table:definitionNodeSubtreeArc xlink:type="arc" xlink:arcrole="http://xbrl.org/arcrole/2014/definition-node-subtree" xlink:from="dnb-crd_a2.root" xlink:to="dnb-crd_c5" order="1" />
    <table:ruleNode xlink:type="resource" xlink:label="dnb-crd_c17" abstract="true" id="dnb-crd_c17" />
    <table:ruleNode xlink:type="resource" xlink:label="dnb-crd_c19" id="dnb-crd_c19">
      <formula:explicitDimension dimension="dnbeba_dim:BAS">
        <formula:member>
          <formula:qname>dnbeba_BA:x7</formula:qname>
        </formula:member>
      </formula:explicitDimension>
      <formula:explicitDimension dimension="dnbeba_dim:MCY">
        <formula:member>
          <formula:qname>dnbeba_MC:x220</formula:qname>
        </formula:member>
      </formula:explicitDimension>
      <formula:explicitDimension dimension="dnb-crd_dim:DRF">
        <formula:member>
          <formula:qname>dnb-crd_DR:x2</formula:qname>
        </formula:member>
      </formula:explicitDimension>
    </table:ruleNode>
    <table:definitionNodeSubtreeArc xlink:type="arc" xlink:arcrole="http://xbrl.org/arcrole/2014/definition-node-subtree" xlink:from="dnb-crd_c17" xlink:to="dnb-crd_c19" order="1" />
    <table:ruleNode xlink:type="resource" xlink:label="dnb-crd_c20" id="dnb-crd_c20">
      <formula:explicitDimension dimension="dnbeba_dim:BAS">
        <formula:member>
          <formula:qname>dnbeba_BA:x7</formula:qname>
        </formula:member>
      </formula:explicitDimension>
      <formula:explicitDimension dimension="dnbeba_dim:MCY">
        <formula:member>
          <formula:qname>dnbeba_MC:x220</formula:qname>
        </formula:member>
      </formula:explicitDimension>
      <formula:explicitDimension dimension="dnb-crd_dim:DRF">
        <formula:member>
          <formula:qname>dnb-crd_DR:x3</formula:qname>
        </formula:member>
      </formula:explicitDimension>
    </table:ruleNode>
    <table:definitionNodeSubtreeArc xlink:type="arc" xlink:arcrole="http://xbrl.org/arcrole/2014/definition-node-subtree" xlink:from="dnb-crd_c17" xlink:to="dnb-crd_c20" order="2" />
    <table:ruleNode xlink:type="resource" xlink:label="dnb-crd_c21" id="dnb-crd_c21">
      <formula:explicitDimension dimension="dnbeba_dim:BAS">
        <formula:member>
          <formula:qname>dnbeba_BA:x7</formula:qname>
        </formula:member>
      </formula:explicitDimension>
      <formula:explicitDimension dimension="dnbeba_dim:MCY">
        <formula:member>
          <formula:qname>dnbeba_MC:x220</formula:qname>
        </formula:member>
      </formula:explicitDimension>
      <formula:explicitDimension dimension="dnb-crd_dim:DRF">
        <formula:member>
          <formula:qname>dnb-crd_DR:x4</formula:qname>
        </formula:member>
      </formula:explicitDimension>
    </table:ruleNode>
    <table:definitionNodeSubtreeArc xlink:type="arc" xlink:arcrole="http://xbrl.org/arcrole/2014/definition-node-subtree" xlink:from="dnb-crd_c17" xlink:to="dnb-crd_c21" order="3" />
    <table:ruleNode xlink:type="resource" xlink:label="dnb-crd_c22" id="dnb-crd_c22">
      <formula:explicitDimension dimension="dnbeba_dim:BAS">
        <formula:member>
          <formula:qname>dnbeba_BA:x7</formula:qname>
        </formula:member>
      </formula:explicitDimension>
      <formula:explicitDimension dimension="dnbeba_dim:MCY">
        <formula:member>
          <formula:qname>dnbeba_MC:x220</formula:qname>
        </formula:member>
      </formula:explicitDimension>
      <formula:explicitDimension dimension="dnb-crd_dim:DRF">
        <formula:member>
          <formula:qname>dnb-crd_DR:x5</formula:qname>
        </formula:member>
      </formula:explicitDimension>
    </table:ruleNode>
    <table:definitionNodeSubtreeArc xlink:type="arc" xlink:arcrole="http://xbrl.org/arcrole/2014/definition-node-subtree" xlink:from="dnb-crd_c17" xlink:to="dnb-crd_c22" order="4" />
    <table:ruleNode xlink:type="resource" xlink:label="dnb-crd_c23" id="dnb-crd_c23">
      <formula:explicitDimension dimension="dnbeba_dim:BAS">
        <formula:member>
          <formula:qname>dnbeba_BA:x7</formula:qname>
        </formula:member>
      </formula:explicitDimension>
      <formula:explicitDimension dimension="dnbeba_dim:MCY">
        <formula:member>
          <formula:qname>dnbeba_MC:x220</formula:qname>
        </formula:member>
      </formula:explicitDimension>
      <formula:explicitDimension dimension="dnb-crd_dim:DRF">
        <formula:member>
          <formula:qname>dnb-crd_DR:x6</formula:qname>
        </formula:member>
      </formula:explicitDimension>
    </table:ruleNode>
    <table:definitionNodeSubtreeArc xlink:type="arc" xlink:arcrole="http://xbrl.org/arcrole/2014/definition-node-subtree" xlink:from="dnb-crd_c17" xlink:to="dnb-crd_c23" order="5" />
    <table:ruleNode xlink:type="resource" xlink:label="dnb-crd_c24" id="dnb-crd_c24">
      <formula:explicitDimension dimension="dnbeba_dim:BAS">
        <formula:member>
          <formula:qname>dnbeba_BA:x7</formula:qname>
        </formula:member>
      </formula:explicitDimension>
      <formula:explicitDimension dimension="dnbeba_dim:MCY">
        <formula:member>
          <formula:qname>dnbeba_MC:x220</formula:qname>
        </formula:member>
      </formula:explicitDimension>
      <formula:explicitDimension dimension="dnb-crd_dim:DRF">
        <formula:member>
          <formula:qname>dnb-crd_DR:x7</formula:qname>
        </formula:member>
      </formula:explicitDimension>
    </table:ruleNode>
    <table:definitionNodeSubtreeArc xlink:type="arc" xlink:arcrole="http://xbrl.org/arcrole/2014/definition-node-subtree" xlink:from="dnb-crd_c17" xlink:to="dnb-crd_c24" order="6" />
    <table:ruleNode xlink:type="resource" xlink:label="dnb-crd_c25" id="dnb-crd_c25">
      <formula:explicitDimension dimension="dnbeba_dim:BAS">
        <formula:member>
          <formula:qname>dnbeba_BA:x7</formula:qname>
        </formula:member>
      </formula:explicitDimension>
      <formula:explicitDimension dimension="dnbeba_dim:MCY">
        <formula:member>
          <formula:qname>dnbeba_MC:x220</formula:qname>
        </formula:member>
      </formula:explicitDimension>
      <formula:explicitDimension dimension="dnb-crd_dim:DRF">
        <formula:member>
          <formula:qname>dnb-crd_DR:x8</formula:qname>
        </formula:member>
      </formula:explicitDimension>
    </table:ruleNode>
    <table:definitionNodeSubtreeArc xlink:type="arc" xlink:arcrole="http://xbrl.org/arcrole/2014/definition-node-subtree" xlink:from="dnb-crd_c17" xlink:to="dnb-crd_c25" order="7" />
    <table:ruleNode xlink:type="resource" xlink:label="dnb-crd_c26" id="dnb-crd_c26">
      <formula:explicitDimension dimension="dnbeba_dim:BAS">
        <formula:member>
          <formula:qname>dnbeba_BA:x7</formula:qname>
        </formula:member>
      </formula:explicitDimension>
      <formula:explicitDimension dimension="dnbeba_dim:MCY">
        <formula:member>
          <formula:qname>dnbeba_MC:x220</formula:qname>
        </formula:member>
      </formula:explicitDimension>
      <formula:explicitDimension dimension="dnb-crd_dim:DRF">
        <formula:member>
          <formula:qname>dnb-crd_DR:x9</formula:qname>
        </formula:member>
      </formula:explicitDimension>
    </table:ruleNode>
    <table:definitionNodeSubtreeArc xlink:type="arc" xlink:arcrole="http://xbrl.org/arcrole/2014/definition-node-subtree" xlink:from="dnb-crd_c17" xlink:to="dnb-crd_c26" order="8" />
    <table:ruleNode xlink:type="resource" xlink:label="dnb-crd_c27" id="dnb-crd_c27">
      <formula:explicitDimension dimension="dnbeba_dim:BAS">
        <formula:member>
          <formula:qname>dnbeba_BA:x7</formula:qname>
        </formula:member>
      </formula:explicitDimension>
      <formula:explicitDimension dimension="dnbeba_dim:MCY">
        <formula:member>
          <formula:qname>dnbeba_MC:x220</formula:qname>
        </formula:member>
      </formula:explicitDimension>
      <formula:explicitDimension dimension="dnb-crd_dim:DRF">
        <formula:member>
          <formula:qname>dnb-crd_DR:x10</formula:qname>
        </formula:member>
      </formula:explicitDimension>
    </table:ruleNode>
    <table:definitionNodeSubtreeArc xlink:type="arc" xlink:arcrole="http://xbrl.org/arcrole/2014/definition-node-subtree" xlink:from="dnb-crd_c17" xlink:to="dnb-crd_c27" order="9" />
    <table:ruleNode xlink:type="resource" xlink:label="dnb-crd_c28" id="dnb-crd_c28">
      <formula:explicitDimension dimension="dnbeba_dim:BAS">
        <formula:member>
          <formula:qname>dnbeba_BA:x7</formula:qname>
        </formula:member>
      </formula:explicitDimension>
      <formula:explicitDimension dimension="dnbeba_dim:MCY">
        <formula:member>
          <formula:qname>dnbeba_MC:x220</formula:qname>
        </formula:member>
      </formula:explicitDimension>
      <formula:explicitDimension dimension="dnb-crd_dim:DRF">
        <formula:member>
          <formula:qname>dnb-crd_DR:x1</formula:qname>
        </formula:member>
      </formula:explicitDimension>
    </table:ruleNode>
    <table:definitionNodeSubtreeArc xlink:type="arc" xlink:arcrole="http://xbrl.org/arcrole/2014/definition-node-subtree" xlink:from="dnb-crd_c17" xlink:to="dnb-crd_c28" order="10" />
    <table:ruleNode xlink:type="resource" xlink:label="dnb-crd_c30" id="dnb-crd_c30">
      <formula:explicitDimension dimension="dnbeba_dim:BAS">
        <formula:member>
          <formula:qname>dnbeba_BA:x7</formula:qname>
        </formula:member>
      </formula:explicitDimension>
      <formula:explicitDimension dimension="dnbeba_dim:MCY">
        <formula:member>
          <formula:qname>dnbeba_MC:x220</formula:qname>
        </formula:member>
      </formula:explicitDimension>
    </table:ruleNode>
    <table:definitionNodeSubtreeArc xlink:type="arc" xlink:arcrole="http://xbrl.org/arcrole/2014/definition-node-subtree" xlink:from="dnb-crd_c17" xlink:to="dnb-crd_c30" order="11" />
    <table:definitionNodeSubtreeArc xlink:type="arc" xlink:arcrole="http://xbrl.org/arcrole/2014/definition-node-subtree" xlink:from="dnb-crd_a2.root" xlink:to="dnb-crd_c17" order="2" />
    <table:tableBreakdownArc xlink:type="arc" xlink:arcrole="http://xbrl.org/arcrole/2014/table-breakdown" xlink:from="dnb-crd_tF_01.09" xlink:to="dnb-crd_a2" axis="y" order="2" />
  </gen:link>
</link:linkbase>