﻿<?xml version="1.0" encoding="utf-8"?>
<!--© DNB-->
<link:linkbase xmlns:xsi="http://www.w3.org/2001/XMLSchema-instance" xmlns:xlink="http://www.w3.org/1999/xlink" xmlns:link="http://www.xbrl.org/2003/linkbase" xmlns:gen="http://xbrl.org/2008/generic" xmlns:label="http://xbrl.org/2008/label" xsi:schemaLocation="http://www.xbrl.org/2003/linkbase http://www.xbrl.org/2003/xbrl-linkbase-2003-12-31.xsd http://xbrl.org/2008/generic http://www.xbrl.org/2008/generic-link.xsd http://xbrl.org/2008/label http://www.xbrl.org/2008/generic-label.xsd">
  <link:arcroleRef arcroleURI="http://xbrl.org/arcrole/2008/element-label" xlink:type="simple" xlink:href="http://www.xbrl.org/2008/generic-label.xsd#element-label" />
  <link:roleRef roleURI="http://www.xbrl.org/2008/role/label" xlink:type="simple" xlink:href="http://www.xbrl.org/2008/generic-label.xsd#standard-label" />
  <link:roleRef roleURI="http://www.xbrl.org/2008/role/verboseLabel" xlink:type="simple" xlink:href="http://www.xbrl.org/2008/generic-label.xsd#verbose-label" />
  <gen:link xlink:type="extended" xlink:role="http://www.xbrl.org/2003/role/link">
    <link:loc xlink:type="locator" xlink:href="f_00.01-rend.xml#dnb-crd_tF_00.01" xlink:label="loc_dnb-crd_tF_00.01" />
    <label:label xlink:type="resource" xlink:label="label_dnb-crd_tF_00.01" xml:lang="nl" xlink:role="http://www.xbrl.org/2008/role/label">F 00.01</label:label>
    <gen:arc xlink:type="arc" xlink:arcrole="http://xbrl.org/arcrole/2008/element-label" xlink:from="loc_dnb-crd_tF_00.01" xlink:to="label_dnb-crd_tF_00.01" />
    <label:label xlink:type="resource" xlink:label="label_dnb-crd_tF_00.01_1" xml:lang="nl" xlink:role="http://www.xbrl.org/2008/role/verboseLabel">F 00.01 Aard van het verslag (FINREP)</label:label>
    <gen:arc xlink:type="arc" xlink:arcrole="http://xbrl.org/arcrole/2008/element-label" xlink:from="loc_dnb-crd_tF_00.01" xlink:to="label_dnb-crd_tF_00.01_1" />
    <link:loc xlink:type="locator" xlink:href="f_00.01-rend.xml#dnb-crd_a1" xlink:label="loc_dnb-crd_a1" />
    <label:label xlink:type="resource" xlink:label="label_dnb-crd_a1" xml:lang="nl" xlink:role="http://www.xbrl.org/2008/role/label">Kolommen</label:label>
    <gen:arc xlink:type="arc" xlink:arcrole="http://xbrl.org/arcrole/2008/element-label" xlink:from="loc_dnb-crd_a1" xlink:to="label_dnb-crd_a1" />
    <link:loc xlink:type="locator" xlink:href="f_00.01-rend.xml#dnb-crd_c23546" xlink:label="loc_dnb-crd_c23546" />
    <label:label xlink:type="resource" xlink:label="label_dnb-crd_c23546" xml:lang="nl" xlink:role="http://www.xbrl.org/2008/role/label">Aard van het verslag</label:label>
    <gen:arc xlink:type="arc" xlink:arcrole="http://xbrl.org/arcrole/2008/element-label" xlink:from="loc_dnb-crd_c23546" xlink:to="label_dnb-crd_c23546" />
    <link:loc xlink:type="locator" xlink:href="f_00.01-rend.xml#dnb-crd_a2" xlink:label="loc_dnb-crd_a2" />
    <label:label xlink:type="resource" xlink:label="label_dnb-crd_a2" xml:lang="nl" xlink:role="http://www.xbrl.org/2008/role/label">Rijen</label:label>
    <gen:arc xlink:type="arc" xlink:arcrole="http://xbrl.org/arcrole/2008/element-label" xlink:from="loc_dnb-crd_a2" xlink:to="label_dnb-crd_a2" />
    <link:loc xlink:type="locator" xlink:href="f_00.01-rend.xml#dnb-crd_c23547" xlink:label="loc_dnb-crd_c23547" />
    <label:label xlink:type="resource" xlink:label="label_dnb-crd_c23547" xml:lang="nl" xlink:role="http://www.xbrl.org/2008/role/label">Boekhoudkundig kader</label:label>
    <gen:arc xlink:type="arc" xlink:arcrole="http://xbrl.org/arcrole/2008/element-label" xlink:from="loc_dnb-crd_c23547" xlink:to="label_dnb-crd_c23547" />
    <link:loc xlink:type="locator" xlink:href="f_00.01-rend.xml#dnb-crd_c23548" xlink:label="loc_dnb-crd_c23548" />
    <label:label xlink:type="resource" xlink:label="label_dnb-crd_c23548" xml:lang="nl" xlink:role="http://www.xbrl.org/2008/role/label">Rapportageniveau</label:label>
    <gen:arc xlink:type="arc" xlink:arcrole="http://xbrl.org/arcrole/2008/element-label" xlink:from="loc_dnb-crd_c23548" xlink:to="label_dnb-crd_c23548" />
  </gen:link>
</link:linkbase>