﻿<?xml version="1.0" encoding="utf-8"?>
<!--© DNB-->
<link:linkbase xmlns:xsi="http://www.w3.org/2001/XMLSchema-instance" xmlns:xlink="http://www.w3.org/1999/xlink" xmlns:link="http://www.xbrl.org/2003/linkbase" xmlns:gen="http://xbrl.org/2008/generic" xmlns:label="http://xbrl.org/2008/label" xmlns:formula="http://xbrl.org/2008/formula" xmlns:df="http://xbrl.org/2008/filter/dimension" xmlns:table="http://xbrl.org/2014/table" xmlns:model="http://www.eurofiling.info/xbrl/ext/model" xmlns:dnbeba_dim="http://www.eba.europa.eu/xbrl/crr/dict/dim" xmlns:dnbeba_BA="http://www.eba.europa.eu/xbrl/crr/dict/dom/BA" xmlns:dnbeba_met="http://www.eba.europa.eu/xbrl/crr/dict/met" xsi:schemaLocation="http://www.xbrl.org/2003/linkbase http://www.xbrl.org/2003/xbrl-linkbase-2003-12-31.xsd http://xbrl.org/2008/generic http://www.xbrl.org/2008/generic-link.xsd http://xbrl.org/2008/label http://www.xbrl.org/2008/generic-label.xsd http://xbrl.org/2008/formula http://www.xbrl.org/2008/formula.xsd http://xbrl.org/2008/filter/dimension http://www.xbrl.org/2008/dimension-filter.xsd http://xbrl.org/2014/table http://www.xbrl.org/2014/table.xsd http://www.eurofiling.info/xbrl/ext/model http://www.eurofiling.info/eu/fr/xbrl/ext/model.xsd">
  <link:arcroleRef arcroleURI="http://xbrl.org/arcrole/2014/breakdown-tree" xlink:type="simple" xlink:href="http://www.xbrl.org/2014/table.xsd#breakdown-tree" />
  <link:arcroleRef arcroleURI="http://xbrl.org/arcrole/2014/definition-node-subtree" xlink:type="simple" xlink:href="http://www.xbrl.org/2014/table.xsd#definition-node-subtree" />
  <link:arcroleRef arcroleURI="http://xbrl.org/arcrole/2014/table-breakdown" xlink:type="simple" xlink:href="http://www.xbrl.org/2014/table.xsd#table-breakdown" />
  <link:roleRef roleURI="http://www.dnb.nl/xbrl/xtn/role/fws/FINREP-BO/wft-3-72/2017-11-01/tab/F_00.01" xlink:type="simple" xlink:href="f_00.01.xsd#role" />
  <gen:link xlink:type="extended" xlink:role="http://www.dnb.nl/xbrl/xtn/role/fws/FINREP-BO/wft-3-72/2017-11-01/tab/F_00.01">
    <table:table xlink:type="resource" xlink:label="dnb-crd_tF_00.01" id="dnb-crd_tF_00.01" />
    <table:breakdown xlink:type="resource" xlink:label="dnb-crd_a1" parentChildOrder="parent-first" id="dnb-crd_a1" />
    <table:ruleNode xlink:type="resource" xlink:label="dnb-crd_a1.root" abstract="true" merge="true" id="dnb-crd_a1.root" />
    <table:breakdownTreeArc xlink:type="arc" xlink:arcrole="http://xbrl.org/arcrole/2014/breakdown-tree" xlink:from="dnb-crd_a1" xlink:to="dnb-crd_a1.root" order="0" />
    <table:ruleNode xlink:type="resource" xlink:label="dnb-crd_c23546" id="dnb-crd_c23546" />
    <table:definitionNodeSubtreeArc xlink:type="arc" xlink:arcrole="http://xbrl.org/arcrole/2014/definition-node-subtree" xlink:from="dnb-crd_a1.root" xlink:to="dnb-crd_c23546" order="1" />
    <table:tableBreakdownArc xlink:type="arc" xlink:arcrole="http://xbrl.org/arcrole/2014/table-breakdown" xlink:from="dnb-crd_tF_00.01" xlink:to="dnb-crd_a1" axis="x" order="1" />
    <table:breakdown xlink:type="resource" xlink:label="dnb-crd_a2" parentChildOrder="parent-first" id="dnb-crd_a2" />
    <table:ruleNode xlink:type="resource" xlink:label="dnb-crd_a2.root" abstract="true" merge="true" id="dnb-crd_a2.root">
      <formula:explicitDimension dimension="dnbeba_dim:BAS">
        <formula:member>
          <formula:qname>dnbeba_BA:x17</formula:qname>
        </formula:member>
      </formula:explicitDimension>
    </table:ruleNode>
    <table:breakdownTreeArc xlink:type="arc" xlink:arcrole="http://xbrl.org/arcrole/2014/breakdown-tree" xlink:from="dnb-crd_a2" xlink:to="dnb-crd_a2.root" order="0" />
    <table:ruleNode xlink:type="resource" xlink:label="dnb-crd_c23547" id="dnb-crd_c23547">
      <formula:concept>
        <formula:qname>dnbeba_met:ei4</formula:qname>
      </formula:concept>
    </table:ruleNode>
    <table:definitionNodeSubtreeArc xlink:type="arc" xlink:arcrole="http://xbrl.org/arcrole/2014/definition-node-subtree" xlink:from="dnb-crd_a2.root" xlink:to="dnb-crd_c23547" order="1" />
    <table:ruleNode xlink:type="resource" xlink:label="dnb-crd_c23548" id="dnb-crd_c23548">
      <formula:concept>
        <formula:qname>dnbeba_met:ei207</formula:qname>
      </formula:concept>
    </table:ruleNode>
    <table:definitionNodeSubtreeArc xlink:type="arc" xlink:arcrole="http://xbrl.org/arcrole/2014/definition-node-subtree" xlink:from="dnb-crd_a2.root" xlink:to="dnb-crd_c23548" order="2" />
    <table:tableBreakdownArc xlink:type="arc" xlink:arcrole="http://xbrl.org/arcrole/2014/table-breakdown" xlink:from="dnb-crd_tF_00.01" xlink:to="dnb-crd_a2" axis="y" order="2" />
  </gen:link>
</link:linkbase>