﻿<?xml version="1.0" encoding="utf-8"?>
<!--© DNB-->
<link:linkbase xmlns:xsi="http://www.w3.org/2001/XMLSchema-instance" xmlns:xlink="http://www.w3.org/1999/xlink" xmlns:link="http://www.xbrl.org/2003/linkbase" xsi:schemaLocation="http://www.xbrl.org/2003/linkbase http://www.xbrl.org/2003/xbrl-linkbase-2003-12-31.xsd">
  <link:labelLink xlink:type="extended" xlink:role="http://www.xbrl.org/2003/role/link">
    <link:loc xlink:type="locator" xlink:href="mem.xsd#dnb-crd_x1000" xlink:label="loc_dnb-crd_x1000" />
    <link:label xlink:type="resource" xlink:label="label_dnb-crd_x1000" xml:lang="en" xlink:role="http://www.xbrl.org/2003/role/label">Advice to undertakings on capital structure, industrial strategy and related matters and advice and services relating to mergers and the purchase of undertakings</link:label>
    <link:labelArc xlink:type="arc" xlink:arcrole="http://www.xbrl.org/2003/arcrole/concept-label" xlink:from="loc_dnb-crd_x1000" xlink:to="label_dnb-crd_x1000" />
    <link:loc xlink:type="locator" xlink:href="mem.xsd#dnb-crd_x1001" xlink:label="loc_dnb-crd_x1001" />
    <link:label xlink:type="resource" xlink:label="label_dnb-crd_x1001" xml:lang="en" xlink:role="http://www.xbrl.org/2003/role/label">Dealing on own account</link:label>
    <link:labelArc xlink:type="arc" xlink:arcrole="http://www.xbrl.org/2003/arcrole/concept-label" xlink:from="loc_dnb-crd_x1001" xlink:to="label_dnb-crd_x1001" />
    <link:loc xlink:type="locator" xlink:href="mem.xsd#dnb-crd_x1002" xlink:label="loc_dnb-crd_x1002" />
    <link:label xlink:type="resource" xlink:label="label_dnb-crd_x1002" xml:lang="en" xlink:role="http://www.xbrl.org/2003/role/label">Execution of orders on behalf of clients</link:label>
    <link:labelArc xlink:type="arc" xlink:arcrole="http://www.xbrl.org/2003/arcrole/concept-label" xlink:from="loc_dnb-crd_x1002" xlink:to="label_dnb-crd_x1002" />
    <link:loc xlink:type="locator" xlink:href="mem.xsd#dnb-crd_x1003" xlink:label="loc_dnb-crd_x1003" />
    <link:label xlink:type="resource" xlink:label="label_dnb-crd_x1003" xml:lang="en" xlink:role="http://www.xbrl.org/2003/role/label">Foreign exchange services where these are connected to the provision of investment services</link:label>
    <link:labelArc xlink:type="arc" xlink:arcrole="http://www.xbrl.org/2003/arcrole/concept-label" xlink:from="loc_dnb-crd_x1003" xlink:to="label_dnb-crd_x1003" />
    <link:loc xlink:type="locator" xlink:href="mem.xsd#dnb-crd_x1004" xlink:label="loc_dnb-crd_x1004" />
    <link:label xlink:type="resource" xlink:label="label_dnb-crd_x1004" xml:lang="en" xlink:role="http://www.xbrl.org/2003/role/label">Granting credits or loans to an investor to allow him to carry out a transaction in one or more financial instruments, where the firm granting the credit or loan is involved in the transaction</link:label>
    <link:labelArc xlink:type="arc" xlink:arcrole="http://www.xbrl.org/2003/arcrole/concept-label" xlink:from="loc_dnb-crd_x1004" xlink:to="label_dnb-crd_x1004" />
    <link:loc xlink:type="locator" xlink:href="mem.xsd#dnb-crd_x1005" xlink:label="loc_dnb-crd_x1005" />
    <link:label xlink:type="resource" xlink:label="label_dnb-crd_x1005" xml:lang="en" xlink:role="http://www.xbrl.org/2003/role/label">Investment advice</link:label>
    <link:labelArc xlink:type="arc" xlink:arcrole="http://www.xbrl.org/2003/arcrole/concept-label" xlink:from="loc_dnb-crd_x1005" xlink:to="label_dnb-crd_x1005" />
    <link:loc xlink:type="locator" xlink:href="mem.xsd#dnb-crd_x1006" xlink:label="loc_dnb-crd_x1006" />
    <link:label xlink:type="resource" xlink:label="label_dnb-crd_x1006" xml:lang="en" xlink:role="http://www.xbrl.org/2003/role/label">Investment research and financial analysis or other forms of general recommendation relating to transactions in financial instruments</link:label>
    <link:labelArc xlink:type="arc" xlink:arcrole="http://www.xbrl.org/2003/arcrole/concept-label" xlink:from="loc_dnb-crd_x1006" xlink:to="label_dnb-crd_x1006" />
    <link:loc xlink:type="locator" xlink:href="mem.xsd#dnb-crd_x1007" xlink:label="loc_dnb-crd_x1007" />
    <link:label xlink:type="resource" xlink:label="label_dnb-crd_x1007" xml:lang="en" xlink:role="http://www.xbrl.org/2003/role/label">Investment services and activities as well as ancillary services of the type included under Section A or B of Annex 1 related to the underlying of the derivatives included under points (5), (6), (7) and (10) of Section C where these are connected to the provision of investment or ancillary services.</link:label>
    <link:labelArc xlink:type="arc" xlink:arcrole="http://www.xbrl.org/2003/arcrole/concept-label" xlink:from="loc_dnb-crd_x1007" xlink:to="label_dnb-crd_x1007" />
    <link:loc xlink:type="locator" xlink:href="mem.xsd#dnb-crd_x1008" xlink:label="loc_dnb-crd_x1008" />
    <link:label xlink:type="resource" xlink:label="label_dnb-crd_x1008" xml:lang="en" xlink:role="http://www.xbrl.org/2003/role/label">Operation of an MTF</link:label>
    <link:labelArc xlink:type="arc" xlink:arcrole="http://www.xbrl.org/2003/arcrole/concept-label" xlink:from="loc_dnb-crd_x1008" xlink:to="label_dnb-crd_x1008" />
    <link:loc xlink:type="locator" xlink:href="mem.xsd#dnb-crd_x1009" xlink:label="loc_dnb-crd_x1009" />
    <link:label xlink:type="resource" xlink:label="label_dnb-crd_x1009" xml:lang="en" xlink:role="http://www.xbrl.org/2003/role/label">Operation of an OTF</link:label>
    <link:labelArc xlink:type="arc" xlink:arcrole="http://www.xbrl.org/2003/arcrole/concept-label" xlink:from="loc_dnb-crd_x1009" xlink:to="label_dnb-crd_x1009" />
    <link:loc xlink:type="locator" xlink:href="mem.xsd#dnb-crd_x1010" xlink:label="loc_dnb-crd_x1010" />
    <link:label xlink:type="resource" xlink:label="label_dnb-crd_x1010" xml:lang="en" xlink:role="http://www.xbrl.org/2003/role/label">Placing of financial instruments without a firm commitment basis</link:label>
    <link:labelArc xlink:type="arc" xlink:arcrole="http://www.xbrl.org/2003/arcrole/concept-label" xlink:from="loc_dnb-crd_x1010" xlink:to="label_dnb-crd_x1010" />
    <link:loc xlink:type="locator" xlink:href="mem.xsd#dnb-crd_x1011" xlink:label="loc_dnb-crd_x1011" />
    <link:label xlink:type="resource" xlink:label="label_dnb-crd_x1011" xml:lang="en" xlink:role="http://www.xbrl.org/2003/role/label">Portfolio management</link:label>
    <link:labelArc xlink:type="arc" xlink:arcrole="http://www.xbrl.org/2003/arcrole/concept-label" xlink:from="loc_dnb-crd_x1011" xlink:to="label_dnb-crd_x1011" />
    <link:loc xlink:type="locator" xlink:href="mem.xsd#dnb-crd_x1012" xlink:label="loc_dnb-crd_x1012" />
    <link:label xlink:type="resource" xlink:label="label_dnb-crd_x1012" xml:lang="en" xlink:role="http://www.xbrl.org/2003/role/label">Reception and transmission of orders in relation to one or more financial instruments</link:label>
    <link:labelArc xlink:type="arc" xlink:arcrole="http://www.xbrl.org/2003/arcrole/concept-label" xlink:from="loc_dnb-crd_x1012" xlink:to="label_dnb-crd_x1012" />
    <link:loc xlink:type="locator" xlink:href="mem.xsd#dnb-crd_x1013" xlink:label="loc_dnb-crd_x1013" />
    <link:label xlink:type="resource" xlink:label="label_dnb-crd_x1013" xml:lang="en" xlink:role="http://www.xbrl.org/2003/role/label">Safekeeping and administration of financial instruments for the account of clients, including custodianship and related services such as cash/collateral management and excluding maintaining securities accounts at the top tier level</link:label>
    <link:labelArc xlink:type="arc" xlink:arcrole="http://www.xbrl.org/2003/arcrole/concept-label" xlink:from="loc_dnb-crd_x1013" xlink:to="label_dnb-crd_x1013" />
    <link:loc xlink:type="locator" xlink:href="mem.xsd#dnb-crd_x1014" xlink:label="loc_dnb-crd_x1014" />
    <link:label xlink:type="resource" xlink:label="label_dnb-crd_x1014" xml:lang="en" xlink:role="http://www.xbrl.org/2003/role/label">Services related to underwriting.</link:label>
    <link:labelArc xlink:type="arc" xlink:arcrole="http://www.xbrl.org/2003/arcrole/concept-label" xlink:from="loc_dnb-crd_x1014" xlink:to="label_dnb-crd_x1014" />
    <link:loc xlink:type="locator" xlink:href="mem.xsd#dnb-crd_x1015" xlink:label="loc_dnb-crd_x1015" />
    <link:label xlink:type="resource" xlink:label="label_dnb-crd_x1015" xml:lang="en" xlink:role="http://www.xbrl.org/2003/role/label">Underwriting of financial instruments and/or placing of financial instruments on a firm commitment basis</link:label>
    <link:labelArc xlink:type="arc" xlink:arcrole="http://www.xbrl.org/2003/arcrole/concept-label" xlink:from="loc_dnb-crd_x1015" xlink:to="label_dnb-crd_x1015" />
    <link:loc xlink:type="locator" xlink:href="mem.xsd#dnb-crd_x1016" xlink:label="loc_dnb-crd_x1016" />
    <link:label xlink:type="resource" xlink:label="label_dnb-crd_x1016" xml:lang="en" xlink:role="http://www.xbrl.org/2003/role/label">Fund management</link:label>
    <link:labelArc xlink:type="arc" xlink:arcrole="http://www.xbrl.org/2003/arcrole/concept-label" xlink:from="loc_dnb-crd_x1016" xlink:to="label_dnb-crd_x1016" />
    <link:loc xlink:type="locator" xlink:href="mem.xsd#dnb-crd_x1017" xlink:label="loc_dnb-crd_x1017" />
    <link:label xlink:type="resource" xlink:label="label_dnb-crd_x1017" xml:lang="en" xlink:role="http://www.xbrl.org/2003/role/label">Investment firm</link:label>
    <link:labelArc xlink:type="arc" xlink:arcrole="http://www.xbrl.org/2003/arcrole/concept-label" xlink:from="loc_dnb-crd_x1017" xlink:to="label_dnb-crd_x1017" />
    <link:loc xlink:type="locator" xlink:href="mem.xsd#dnb-crd_x1018" xlink:label="loc_dnb-crd_x1018" />
    <link:label xlink:type="resource" xlink:label="label_dnb-crd_x1018" xml:lang="en" xlink:role="http://www.xbrl.org/2003/role/label">Trust Activities</link:label>
    <link:labelArc xlink:type="arc" xlink:arcrole="http://www.xbrl.org/2003/arcrole/concept-label" xlink:from="loc_dnb-crd_x1018" xlink:to="label_dnb-crd_x1018" />
    <link:loc xlink:type="locator" xlink:href="mem.xsd#dnb-crd_x1019" xlink:label="loc_dnb-crd_x1019" />
    <link:label xlink:type="resource" xlink:label="label_dnb-crd_x1019" xml:lang="en" xlink:role="http://www.xbrl.org/2003/role/label">Activities other than Payment services, Trust Activities, Clearing and settlement</link:label>
    <link:labelArc xlink:type="arc" xlink:arcrole="http://www.xbrl.org/2003/arcrole/concept-label" xlink:from="loc_dnb-crd_x1019" xlink:to="label_dnb-crd_x1019" />
  </link:labelLink>
</link:linkbase>