﻿<?xml version="1.0" encoding="utf-8"?>
<!--© DNB-->
<link:linkbase xmlns:xsi="http://www.w3.org/2001/XMLSchema-instance" xmlns:xlink="http://www.w3.org/1999/xlink" xmlns:link="http://www.xbrl.org/2003/linkbase" xmlns:xbrldt="http://xbrl.org/2005/xbrldt" xsi:schemaLocation="http://www.xbrl.org/2003/linkbase http://www.xbrl.org/2003/xbrl-linkbase-2003-12-31.xsd http://xbrl.org/2005/xbrldt http://www.xbrl.org/2005/xbrldt-2005.xsd">
  <link:arcroleRef arcroleURI="http://xbrl.org/int/dim/arcrole/domain-member" xlink:type="simple" xlink:href="http://www.xbrl.org/2005/xbrldt-2005.xsd#domain-member" />
  <link:definitionLink xlink:type="extended" xlink:role="http://www.xbrl.org/2003/role/link">
    <link:loc xlink:type="locator" xlink:href="http://www.eba.europa.eu/eu/fr/xbrl/crr/dict/dom/exp.xsd#eba_TA" xlink:label="loc_eba_TA" />
    <link:loc xlink:type="locator" xlink:href="mem.xsd#dnb-crd_x1000" xlink:label="loc_dnb-crd_x1000" />
    <link:definitionArc xlink:type="arc" xlink:arcrole="http://xbrl.org/int/dim/arcrole/domain-member" xlink:from="loc_eba_TA" xlink:to="loc_dnb-crd_x1000" order="1" />
    <link:loc xlink:type="locator" xlink:href="mem.xsd#dnb-crd_x1001" xlink:label="loc_dnb-crd_x1001" />
    <link:definitionArc xlink:type="arc" xlink:arcrole="http://xbrl.org/int/dim/arcrole/domain-member" xlink:from="loc_eba_TA" xlink:to="loc_dnb-crd_x1001" order="2" />
    <link:loc xlink:type="locator" xlink:href="mem.xsd#dnb-crd_x1002" xlink:label="loc_dnb-crd_x1002" />
    <link:definitionArc xlink:type="arc" xlink:arcrole="http://xbrl.org/int/dim/arcrole/domain-member" xlink:from="loc_eba_TA" xlink:to="loc_dnb-crd_x1002" order="3" />
    <link:loc xlink:type="locator" xlink:href="mem.xsd#dnb-crd_x1003" xlink:label="loc_dnb-crd_x1003" />
    <link:definitionArc xlink:type="arc" xlink:arcrole="http://xbrl.org/int/dim/arcrole/domain-member" xlink:from="loc_eba_TA" xlink:to="loc_dnb-crd_x1003" order="4" />
    <link:loc xlink:type="locator" xlink:href="mem.xsd#dnb-crd_x1004" xlink:label="loc_dnb-crd_x1004" />
    <link:definitionArc xlink:type="arc" xlink:arcrole="http://xbrl.org/int/dim/arcrole/domain-member" xlink:from="loc_eba_TA" xlink:to="loc_dnb-crd_x1004" order="5" />
    <link:loc xlink:type="locator" xlink:href="mem.xsd#dnb-crd_x1005" xlink:label="loc_dnb-crd_x1005" />
    <link:definitionArc xlink:type="arc" xlink:arcrole="http://xbrl.org/int/dim/arcrole/domain-member" xlink:from="loc_eba_TA" xlink:to="loc_dnb-crd_x1005" order="6" />
    <link:loc xlink:type="locator" xlink:href="mem.xsd#dnb-crd_x1006" xlink:label="loc_dnb-crd_x1006" />
    <link:definitionArc xlink:type="arc" xlink:arcrole="http://xbrl.org/int/dim/arcrole/domain-member" xlink:from="loc_eba_TA" xlink:to="loc_dnb-crd_x1006" order="7" />
    <link:loc xlink:type="locator" xlink:href="mem.xsd#dnb-crd_x1007" xlink:label="loc_dnb-crd_x1007" />
    <link:definitionArc xlink:type="arc" xlink:arcrole="http://xbrl.org/int/dim/arcrole/domain-member" xlink:from="loc_eba_TA" xlink:to="loc_dnb-crd_x1007" order="8" />
    <link:loc xlink:type="locator" xlink:href="mem.xsd#dnb-crd_x1008" xlink:label="loc_dnb-crd_x1008" />
    <link:definitionArc xlink:type="arc" xlink:arcrole="http://xbrl.org/int/dim/arcrole/domain-member" xlink:from="loc_eba_TA" xlink:to="loc_dnb-crd_x1008" order="9" />
    <link:loc xlink:type="locator" xlink:href="mem.xsd#dnb-crd_x1009" xlink:label="loc_dnb-crd_x1009" />
    <link:definitionArc xlink:type="arc" xlink:arcrole="http://xbrl.org/int/dim/arcrole/domain-member" xlink:from="loc_eba_TA" xlink:to="loc_dnb-crd_x1009" order="10" />
    <link:loc xlink:type="locator" xlink:href="mem.xsd#dnb-crd_x1010" xlink:label="loc_dnb-crd_x1010" />
    <link:definitionArc xlink:type="arc" xlink:arcrole="http://xbrl.org/int/dim/arcrole/domain-member" xlink:from="loc_eba_TA" xlink:to="loc_dnb-crd_x1010" order="11" />
    <link:loc xlink:type="locator" xlink:href="mem.xsd#dnb-crd_x1011" xlink:label="loc_dnb-crd_x1011" />
    <link:definitionArc xlink:type="arc" xlink:arcrole="http://xbrl.org/int/dim/arcrole/domain-member" xlink:from="loc_eba_TA" xlink:to="loc_dnb-crd_x1011" order="12" />
    <link:loc xlink:type="locator" xlink:href="mem.xsd#dnb-crd_x1012" xlink:label="loc_dnb-crd_x1012" />
    <link:definitionArc xlink:type="arc" xlink:arcrole="http://xbrl.org/int/dim/arcrole/domain-member" xlink:from="loc_eba_TA" xlink:to="loc_dnb-crd_x1012" order="13" />
    <link:loc xlink:type="locator" xlink:href="mem.xsd#dnb-crd_x1013" xlink:label="loc_dnb-crd_x1013" />
    <link:definitionArc xlink:type="arc" xlink:arcrole="http://xbrl.org/int/dim/arcrole/domain-member" xlink:from="loc_eba_TA" xlink:to="loc_dnb-crd_x1013" order="14" />
    <link:loc xlink:type="locator" xlink:href="mem.xsd#dnb-crd_x1014" xlink:label="loc_dnb-crd_x1014" />
    <link:definitionArc xlink:type="arc" xlink:arcrole="http://xbrl.org/int/dim/arcrole/domain-member" xlink:from="loc_eba_TA" xlink:to="loc_dnb-crd_x1014" order="15" />
    <link:loc xlink:type="locator" xlink:href="mem.xsd#dnb-crd_x1015" xlink:label="loc_dnb-crd_x1015" />
    <link:definitionArc xlink:type="arc" xlink:arcrole="http://xbrl.org/int/dim/arcrole/domain-member" xlink:from="loc_eba_TA" xlink:to="loc_dnb-crd_x1015" order="16" />
    <link:loc xlink:type="locator" xlink:href="mem.xsd#dnb-crd_x1016" xlink:label="loc_dnb-crd_x1016" />
    <link:definitionArc xlink:type="arc" xlink:arcrole="http://xbrl.org/int/dim/arcrole/domain-member" xlink:from="loc_eba_TA" xlink:to="loc_dnb-crd_x1016" order="17" />
    <link:loc xlink:type="locator" xlink:href="mem.xsd#dnb-crd_x1017" xlink:label="loc_dnb-crd_x1017" />
    <link:definitionArc xlink:type="arc" xlink:arcrole="http://xbrl.org/int/dim/arcrole/domain-member" xlink:from="loc_eba_TA" xlink:to="loc_dnb-crd_x1017" order="18" />
    <link:loc xlink:type="locator" xlink:href="mem.xsd#dnb-crd_x1018" xlink:label="loc_dnb-crd_x1018" />
    <link:definitionArc xlink:type="arc" xlink:arcrole="http://xbrl.org/int/dim/arcrole/domain-member" xlink:from="loc_eba_TA" xlink:to="loc_dnb-crd_x1018" order="19" />
    <link:loc xlink:type="locator" xlink:href="mem.xsd#dnb-crd_x1019" xlink:label="loc_dnb-crd_x1019" />
    <link:definitionArc xlink:type="arc" xlink:arcrole="http://xbrl.org/int/dim/arcrole/domain-member" xlink:from="loc_eba_TA" xlink:to="loc_dnb-crd_x1019" order="20" />
  </link:definitionLink>
</link:linkbase>