﻿<?xml version="1.0" encoding="utf-8"?>
<!--© DNB-->
<link:linkbase xmlns:xsi="http://www.w3.org/2001/XMLSchema-instance" xmlns:xlink="http://www.w3.org/1999/xlink" xmlns:link="http://www.xbrl.org/2003/linkbase" xmlns:gen="http://xbrl.org/2008/generic" xmlns:label="http://xbrl.org/2008/label" xsi:schemaLocation="http://www.xbrl.org/2003/linkbase http://www.xbrl.org/2003/xbrl-linkbase-2003-12-31.xsd http://xbrl.org/2008/generic http://www.xbrl.org/2008/generic-link.xsd http://xbrl.org/2008/label http://www.xbrl.org/2008/generic-label.xsd">
  <link:arcroleRef arcroleURI="http://xbrl.org/arcrole/2008/element-label" xlink:type="simple" xlink:href="http://www.xbrl.org/2008/generic-label.xsd#element-label" />
  <link:roleRef roleURI="http://www.eurofiling.info/xbrl/role/filing-indicator-code" xlink:type="simple" xlink:href="http://www.eurofiling.info/eu/fr/xbrl/ext/model.xsd#filing-indicator-code" />
  <link:roleRef roleURI="http://www.eurofiling.info/xbrl/role/rc-code" xlink:type="simple" xlink:href="http://www.eurofiling.info/eu/fr/xbrl/ext/model.xsd#rc-code" />
  <gen:link xlink:type="extended" xlink:role="http://www.xbrl.org/2003/role/link">
    <link:loc xlink:type="locator" xlink:href="f_71.00-rend.xml#dnb-crd_tF_71.00" xlink:label="loc_dnb-crd_tF_71.00" />
    <label:label xlink:type="resource" xlink:label="label_dnb-crd_tF_71.00" xml:lang="en" xlink:role="http://www.eurofiling.info/xbrl/role/rc-code">F 71.00</label:label>
    <gen:arc xlink:type="arc" xlink:arcrole="http://xbrl.org/arcrole/2008/element-label" xlink:from="loc_dnb-crd_tF_71.00" xlink:to="label_dnb-crd_tF_71.00" />
    <link:loc xlink:type="locator" xlink:href="f_71.00-rend.xml#dnb-crd_c2" xlink:label="loc_dnb-crd_c2" />
    <label:label xlink:type="resource" xlink:label="label_dnb-crd_c2" xml:lang="en" xlink:role="http://www.eurofiling.info/xbrl/role/rc-code">010</label:label>
    <gen:arc xlink:type="arc" xlink:arcrole="http://xbrl.org/arcrole/2008/element-label" xlink:from="loc_dnb-crd_c2" xlink:to="label_dnb-crd_c2" />
    <link:loc xlink:type="locator" xlink:href="f_71.00-rend.xml#dnb-crd_c4" xlink:label="loc_dnb-crd_c4" />
    <label:label xlink:type="resource" xlink:label="label_dnb-crd_c4" xml:lang="en" xlink:role="http://www.eurofiling.info/xbrl/role/rc-code">010</label:label>
    <gen:arc xlink:type="arc" xlink:arcrole="http://xbrl.org/arcrole/2008/element-label" xlink:from="loc_dnb-crd_c4" xlink:to="label_dnb-crd_c4" />
    <link:loc xlink:type="locator" xlink:href="f_71.00-rend.xml#dnb-crd_c5" xlink:label="loc_dnb-crd_c5" />
    <label:label xlink:type="resource" xlink:label="label_dnb-crd_c5" xml:lang="en" xlink:role="http://www.eurofiling.info/xbrl/role/rc-code">020</label:label>
    <gen:arc xlink:type="arc" xlink:arcrole="http://xbrl.org/arcrole/2008/element-label" xlink:from="loc_dnb-crd_c5" xlink:to="label_dnb-crd_c5" />
    <link:loc xlink:type="locator" xlink:href="f_71.00-rend.xml#dnb-crd_c6" xlink:label="loc_dnb-crd_c6" />
    <label:label xlink:type="resource" xlink:label="label_dnb-crd_c6" xml:lang="en" xlink:role="http://www.eurofiling.info/xbrl/role/rc-code">030</label:label>
    <gen:arc xlink:type="arc" xlink:arcrole="http://xbrl.org/arcrole/2008/element-label" xlink:from="loc_dnb-crd_c6" xlink:to="label_dnb-crd_c6" />
    <link:loc xlink:type="locator" xlink:href="f_71.00-rend.xml#dnb-crd_c33" xlink:label="loc_dnb-crd_c33" />
    <label:label xlink:type="resource" xlink:label="label_dnb-crd_c33" xml:lang="en" xlink:role="http://www.eurofiling.info/xbrl/role/rc-code">040</label:label>
    <gen:arc xlink:type="arc" xlink:arcrole="http://xbrl.org/arcrole/2008/element-label" xlink:from="loc_dnb-crd_c33" xlink:to="label_dnb-crd_c33" />
    <link:loc xlink:type="locator" xlink:href="f_71.00-rend.xml#dnb-crd_c34" xlink:label="loc_dnb-crd_c34" />
    <label:label xlink:type="resource" xlink:label="label_dnb-crd_c34" xml:lang="en" xlink:role="http://www.eurofiling.info/xbrl/role/rc-code">050</label:label>
    <gen:arc xlink:type="arc" xlink:arcrole="http://xbrl.org/arcrole/2008/element-label" xlink:from="loc_dnb-crd_c34" xlink:to="label_dnb-crd_c34" />
    <link:loc xlink:type="locator" xlink:href="f_71.00-rend.xml#dnb-crd_c35" xlink:label="loc_dnb-crd_c35" />
    <label:label xlink:type="resource" xlink:label="label_dnb-crd_c35" xml:lang="en" xlink:role="http://www.eurofiling.info/xbrl/role/rc-code">060</label:label>
    <gen:arc xlink:type="arc" xlink:arcrole="http://xbrl.org/arcrole/2008/element-label" xlink:from="loc_dnb-crd_c35" xlink:to="label_dnb-crd_c35" />
    <link:loc xlink:type="locator" xlink:href="f_71.00-rend.xml#dnb-crd_c36" xlink:label="loc_dnb-crd_c36" />
    <label:label xlink:type="resource" xlink:label="label_dnb-crd_c36" xml:lang="en" xlink:role="http://www.eurofiling.info/xbrl/role/rc-code">070</label:label>
    <gen:arc xlink:type="arc" xlink:arcrole="http://xbrl.org/arcrole/2008/element-label" xlink:from="loc_dnb-crd_c36" xlink:to="label_dnb-crd_c36" />
    <link:loc xlink:type="locator" xlink:href="f_71.00-rend.xml#dnb-crd_c37" xlink:label="loc_dnb-crd_c37" />
    <label:label xlink:type="resource" xlink:label="label_dnb-crd_c37" xml:lang="en" xlink:role="http://www.eurofiling.info/xbrl/role/rc-code">080</label:label>
    <gen:arc xlink:type="arc" xlink:arcrole="http://xbrl.org/arcrole/2008/element-label" xlink:from="loc_dnb-crd_c37" xlink:to="label_dnb-crd_c37" />
    <link:loc xlink:type="locator" xlink:href="f_71.00-rend.xml#dnb-crd_c27" xlink:label="loc_dnb-crd_c27" />
    <label:label xlink:type="resource" xlink:label="label_dnb-crd_c27" xml:lang="en" xlink:role="http://www.eurofiling.info/xbrl/role/rc-code">090</label:label>
    <gen:arc xlink:type="arc" xlink:arcrole="http://xbrl.org/arcrole/2008/element-label" xlink:from="loc_dnb-crd_c27" xlink:to="label_dnb-crd_c27" />
    <link:loc xlink:type="locator" xlink:href="f_71.00-rend.xml#dnb-crd_c28" xlink:label="loc_dnb-crd_c28" />
    <label:label xlink:type="resource" xlink:label="label_dnb-crd_c28" xml:lang="en" xlink:role="http://www.eurofiling.info/xbrl/role/rc-code">100</label:label>
    <gen:arc xlink:type="arc" xlink:arcrole="http://xbrl.org/arcrole/2008/element-label" xlink:from="loc_dnb-crd_c28" xlink:to="label_dnb-crd_c28" />
    <link:loc xlink:type="locator" xlink:href="f_71.00-rend.xml#dnb-crd_c29" xlink:label="loc_dnb-crd_c29" />
    <label:label xlink:type="resource" xlink:label="label_dnb-crd_c29" xml:lang="en" xlink:role="http://www.eurofiling.info/xbrl/role/rc-code">110</label:label>
    <gen:arc xlink:type="arc" xlink:arcrole="http://xbrl.org/arcrole/2008/element-label" xlink:from="loc_dnb-crd_c29" xlink:to="label_dnb-crd_c29" />
    <link:loc xlink:type="locator" xlink:href="f_71.00-rend.xml#dnb-crd_c30" xlink:label="loc_dnb-crd_c30" />
    <label:label xlink:type="resource" xlink:label="label_dnb-crd_c30" xml:lang="en" xlink:role="http://www.eurofiling.info/xbrl/role/rc-code">120</label:label>
    <gen:arc xlink:type="arc" xlink:arcrole="http://xbrl.org/arcrole/2008/element-label" xlink:from="loc_dnb-crd_c30" xlink:to="label_dnb-crd_c30" />
    <link:loc xlink:type="locator" xlink:href="f_71.00-rend.xml#dnb-crd_c25" xlink:label="loc_dnb-crd_c25" />
    <label:label xlink:type="resource" xlink:label="label_dnb-crd_c25" xml:lang="en" xlink:role="http://www.eurofiling.info/xbrl/role/rc-code">130</label:label>
    <gen:arc xlink:type="arc" xlink:arcrole="http://xbrl.org/arcrole/2008/element-label" xlink:from="loc_dnb-crd_c25" xlink:to="label_dnb-crd_c25" />
    <link:loc xlink:type="locator" xlink:href="f_71.00-rend.xml#dnb-crd_c31" xlink:label="loc_dnb-crd_c31" />
    <label:label xlink:type="resource" xlink:label="label_dnb-crd_c31" xml:lang="en" xlink:role="http://www.eurofiling.info/xbrl/role/rc-code">140</label:label>
    <gen:arc xlink:type="arc" xlink:arcrole="http://xbrl.org/arcrole/2008/element-label" xlink:from="loc_dnb-crd_c31" xlink:to="label_dnb-crd_c31" />
    <link:loc xlink:type="locator" xlink:href="f_71.00-rend.xml#dnb-crd_c32" xlink:label="loc_dnb-crd_c32" />
    <label:label xlink:type="resource" xlink:label="label_dnb-crd_c32" xml:lang="en" xlink:role="http://www.eurofiling.info/xbrl/role/rc-code">150</label:label>
    <gen:arc xlink:type="arc" xlink:arcrole="http://xbrl.org/arcrole/2008/element-label" xlink:from="loc_dnb-crd_c32" xlink:to="label_dnb-crd_c32" />
    <label:label xlink:type="resource" xlink:label="label_dnb-crd_tF_71.00_1" xml:lang="en" xlink:role="http://www.eurofiling.info/xbrl/role/filing-indicator-code">F_71.00</label:label>
    <gen:arc xlink:type="arc" xlink:arcrole="http://xbrl.org/arcrole/2008/element-label" xlink:from="loc_dnb-crd_tF_71.00" xlink:to="label_dnb-crd_tF_71.00_1" />
  </gen:link>
</link:linkbase>