﻿<?xml version="1.0" encoding="utf-8"?>
<!--© DNB-->
<link:linkbase xmlns:xsi="http://www.w3.org/2001/XMLSchema-instance" xmlns:xlink="http://www.w3.org/1999/xlink" xmlns:link="http://www.xbrl.org/2003/linkbase" xmlns:gen="http://xbrl.org/2008/generic" xmlns:label="http://xbrl.org/2008/label" xsi:schemaLocation="http://www.xbrl.org/2003/linkbase http://www.xbrl.org/2003/xbrl-linkbase-2003-12-31.xsd http://xbrl.org/2008/generic http://www.xbrl.org/2008/generic-link.xsd http://xbrl.org/2008/label http://www.xbrl.org/2008/generic-label.xsd">
  <link:arcroleRef arcroleURI="http://xbrl.org/arcrole/2008/element-label" xlink:type="simple" xlink:href="http://www.xbrl.org/2008/generic-label.xsd#element-label" />
  <link:roleRef roleURI="http://www.xbrl.org/2008/role/label" xlink:type="simple" xlink:href="http://www.xbrl.org/2008/generic-label.xsd#standard-label" />
  <link:roleRef roleURI="http://www.xbrl.org/2008/role/verboseLabel" xlink:type="simple" xlink:href="http://www.xbrl.org/2008/generic-label.xsd#verbose-label" />
  <gen:link xlink:type="extended" xlink:role="http://www.xbrl.org/2003/role/link">
    <link:loc xlink:type="locator" xlink:href="f_71.00-rend.xml#dnb-crd_tF_71.00" xlink:label="loc_dnb-crd_tF_71.00" />
    <label:label xlink:type="resource" xlink:label="label_dnb-crd_tF_71.00" xml:lang="en" xlink:role="http://www.xbrl.org/2008/role/label">F 71.00</label:label>
    <gen:arc xlink:type="arc" xlink:arcrole="http://xbrl.org/arcrole/2008/element-label" xlink:from="loc_dnb-crd_tF_71.00" xlink:to="label_dnb-crd_tF_71.00" />
    <label:label xlink:type="resource" xlink:label="label_dnb-crd_tF_71.00_1" xml:lang="en" xlink:role="http://www.xbrl.org/2008/role/verboseLabel">F 71.00 Capital requirements: Fund management</label:label>
    <gen:arc xlink:type="arc" xlink:arcrole="http://xbrl.org/arcrole/2008/element-label" xlink:from="loc_dnb-crd_tF_71.00" xlink:to="label_dnb-crd_tF_71.00_1" />
    <link:loc xlink:type="locator" xlink:href="f_71.00-rend.xml#dnb-crd_a1" xlink:label="loc_dnb-crd_a1" />
    <label:label xlink:type="resource" xlink:label="label_dnb-crd_a1" xml:lang="en" xlink:role="http://www.xbrl.org/2008/role/label">Columns</label:label>
    <gen:arc xlink:type="arc" xlink:arcrole="http://xbrl.org/arcrole/2008/element-label" xlink:from="loc_dnb-crd_a1" xlink:to="label_dnb-crd_a1" />
    <link:loc xlink:type="locator" xlink:href="f_71.00-rend.xml#dnb-crd_c2" xlink:label="loc_dnb-crd_c2" />
    <label:label xlink:type="resource" xlink:label="label_dnb-crd_c2" xml:lang="en" xlink:role="http://www.xbrl.org/2008/role/label">Nature of Fund Management / Amount</label:label>
    <gen:arc xlink:type="arc" xlink:arcrole="http://xbrl.org/arcrole/2008/element-label" xlink:from="loc_dnb-crd_c2" xlink:to="label_dnb-crd_c2" />
    <link:loc xlink:type="locator" xlink:href="f_71.00-rend.xml#dnb-crd_a2" xlink:label="loc_dnb-crd_a2" />
    <label:label xlink:type="resource" xlink:label="label_dnb-crd_a2" xml:lang="en" xlink:role="http://www.xbrl.org/2008/role/label">Rows</label:label>
    <gen:arc xlink:type="arc" xlink:arcrole="http://xbrl.org/arcrole/2008/element-label" xlink:from="loc_dnb-crd_a2" xlink:to="label_dnb-crd_a2" />
    <link:loc xlink:type="locator" xlink:href="f_71.00-rend.xml#dnb-crd_c4" xlink:label="loc_dnb-crd_c4" />
    <label:label xlink:type="resource" xlink:label="label_dnb-crd_c4" xml:lang="en" xlink:role="http://www.xbrl.org/2008/role/label">Type of fund manager (Management style)</label:label>
    <gen:arc xlink:type="arc" xlink:arcrole="http://xbrl.org/arcrole/2008/element-label" xlink:from="loc_dnb-crd_c4" xlink:to="label_dnb-crd_c4" />
    <link:loc xlink:type="locator" xlink:href="f_71.00-rend.xml#dnb-crd_c5" xlink:label="loc_dnb-crd_c5" />
    <label:label xlink:type="resource" xlink:label="label_dnb-crd_c5" xml:lang="en" xlink:role="http://www.xbrl.org/2008/role/label">Licence type (Type of managed funds)</label:label>
    <gen:arc xlink:type="arc" xlink:arcrole="http://xbrl.org/arcrole/2008/element-label" xlink:from="loc_dnb-crd_c5" xlink:to="label_dnb-crd_c5" />
    <link:loc xlink:type="locator" xlink:href="f_71.00-rend.xml#dnb-crd_c6" xlink:label="loc_dnb-crd_c6" />
    <label:label xlink:type="resource" xlink:label="label_dnb-crd_c6" xml:lang="en" xlink:role="http://www.xbrl.org/2008/role/label">Total assets under management (licenced)</label:label>
    <gen:arc xlink:type="arc" xlink:arcrole="http://xbrl.org/arcrole/2008/element-label" xlink:from="loc_dnb-crd_c6" xlink:to="label_dnb-crd_c6" />
    <link:loc xlink:type="locator" xlink:href="f_71.00-rend.xml#dnb-crd_c9" xlink:label="loc_dnb-crd_c9" />
    <label:label xlink:type="resource" xlink:label="label_dnb-crd_c9" xml:lang="en" xlink:role="http://www.xbrl.org/2008/role/label">Professional indemnity insurance</label:label>
    <gen:arc xlink:type="arc" xlink:arcrole="http://xbrl.org/arcrole/2008/element-label" xlink:from="loc_dnb-crd_c9" xlink:to="label_dnb-crd_c9" />
    <link:loc xlink:type="locator" xlink:href="f_71.00-rend.xml#dnb-crd_c33" xlink:label="loc_dnb-crd_c33" />
    <label:label xlink:type="resource" xlink:label="label_dnb-crd_c33" xml:lang="en" xlink:role="http://www.xbrl.org/2008/role/label">Has professional indemnity insurance</label:label>
    <gen:arc xlink:type="arc" xlink:arcrole="http://xbrl.org/arcrole/2008/element-label" xlink:from="loc_dnb-crd_c33" xlink:to="label_dnb-crd_c33" />
    <link:loc xlink:type="locator" xlink:href="f_71.00-rend.xml#dnb-crd_c34" xlink:label="loc_dnb-crd_c34" />
    <label:label xlink:type="resource" xlink:label="label_dnb-crd_c34" xml:lang="en" xlink:role="http://www.xbrl.org/2008/role/label">Coverage for each individual claim</label:label>
    <gen:arc xlink:type="arc" xlink:arcrole="http://xbrl.org/arcrole/2008/element-label" xlink:from="loc_dnb-crd_c34" xlink:to="label_dnb-crd_c34" />
    <link:loc xlink:type="locator" xlink:href="f_71.00-rend.xml#dnb-crd_c35" xlink:label="loc_dnb-crd_c35" />
    <label:label xlink:type="resource" xlink:label="label_dnb-crd_c35" xml:lang="en" xlink:role="http://www.xbrl.org/2008/role/label">Aggregate of coverage for claims per year</label:label>
    <gen:arc xlink:type="arc" xlink:arcrole="http://xbrl.org/arcrole/2008/element-label" xlink:from="loc_dnb-crd_c35" xlink:to="label_dnb-crd_c35" />
    <link:loc xlink:type="locator" xlink:href="f_71.00-rend.xml#dnb-crd_c36" xlink:label="loc_dnb-crd_c36" />
    <label:label xlink:type="resource" xlink:label="label_dnb-crd_c36" xml:lang="en" xlink:role="http://www.xbrl.org/2008/role/label">Excess from coverage for each individual claim</label:label>
    <gen:arc xlink:type="arc" xlink:arcrole="http://xbrl.org/arcrole/2008/element-label" xlink:from="loc_dnb-crd_c36" xlink:to="label_dnb-crd_c36" />
    <link:loc xlink:type="locator" xlink:href="f_71.00-rend.xml#dnb-crd_c37" xlink:label="loc_dnb-crd_c37" />
    <label:label xlink:type="resource" xlink:label="label_dnb-crd_c37" xml:lang="en" xlink:role="http://www.xbrl.org/2008/role/label">Excess from aggregate of coverage for claims per year</label:label>
    <gen:arc xlink:type="arc" xlink:arcrole="http://xbrl.org/arcrole/2008/element-label" xlink:from="loc_dnb-crd_c37" xlink:to="label_dnb-crd_c37" />
    <link:loc xlink:type="locator" xlink:href="f_71.00-rend.xml#dnb-crd_c11" xlink:label="loc_dnb-crd_c11" />
    <label:label xlink:type="resource" xlink:label="label_dnb-crd_c11" xml:lang="en" xlink:role="http://www.xbrl.org/2008/role/label">Calculating Capital requirements</label:label>
    <gen:arc xlink:type="arc" xlink:arcrole="http://xbrl.org/arcrole/2008/element-label" xlink:from="loc_dnb-crd_c11" xlink:to="label_dnb-crd_c11" />
    <link:loc xlink:type="locator" xlink:href="f_71.00-rend.xml#dnb-crd_c27" xlink:label="loc_dnb-crd_c27" />
    <label:label xlink:type="resource" xlink:label="label_dnb-crd_c27" xml:lang="en" xlink:role="http://www.xbrl.org/2008/role/label">Own funds requirement based on assets under management</label:label>
    <gen:arc xlink:type="arc" xlink:arcrole="http://xbrl.org/arcrole/2008/element-label" xlink:from="loc_dnb-crd_c27" xlink:to="label_dnb-crd_c27" />
    <link:loc xlink:type="locator" xlink:href="f_71.00-rend.xml#dnb-crd_c28" xlink:label="loc_dnb-crd_c28" />
    <label:label xlink:type="resource" xlink:label="label_dnb-crd_c28" xml:lang="en" xlink:role="http://www.xbrl.org/2008/role/label">Initial capital required</label:label>
    <gen:arc xlink:type="arc" xlink:arcrole="http://xbrl.org/arcrole/2008/element-label" xlink:from="loc_dnb-crd_c28" xlink:to="label_dnb-crd_c28" />
    <link:loc xlink:type="locator" xlink:href="f_71.00-rend.xml#dnb-crd_c29" xlink:label="loc_dnb-crd_c29" />
    <label:label xlink:type="resource" xlink:label="label_dnb-crd_c29" xml:lang="en" xlink:role="http://www.xbrl.org/2008/role/label">Additional capital requirements AuM (0.02% * AuM &gt; EUR 250 million)</label:label>
    <gen:arc xlink:type="arc" xlink:arcrole="http://xbrl.org/arcrole/2008/element-label" xlink:from="loc_dnb-crd_c29" xlink:to="label_dnb-crd_c29" />
    <link:loc xlink:type="locator" xlink:href="f_71.00-rend.xml#dnb-crd_c30" xlink:label="loc_dnb-crd_c30" />
    <label:label xlink:type="resource" xlink:label="label_dnb-crd_c30" xml:lang="en" xlink:role="http://www.xbrl.org/2008/role/label">Additional capital requirements related to professional liability risks</label:label>
    <gen:arc xlink:type="arc" xlink:arcrole="http://xbrl.org/arcrole/2008/element-label" xlink:from="loc_dnb-crd_c30" xlink:to="label_dnb-crd_c30" />
    <link:loc xlink:type="locator" xlink:href="f_71.00-rend.xml#dnb-crd_c25" xlink:label="loc_dnb-crd_c25" />
    <label:label xlink:type="resource" xlink:label="label_dnb-crd_c25" xml:lang="en" xlink:role="http://www.xbrl.org/2008/role/label">Own funds requirement based on fixed overheads</label:label>
    <gen:arc xlink:type="arc" xlink:arcrole="http://xbrl.org/arcrole/2008/element-label" xlink:from="loc_dnb-crd_c25" xlink:to="label_dnb-crd_c25" />
    <link:loc xlink:type="locator" xlink:href="f_71.00-rend.xml#dnb-crd_c31" xlink:label="loc_dnb-crd_c31" />
    <label:label xlink:type="resource" xlink:label="label_dnb-crd_c31" xml:lang="en" xlink:role="http://www.xbrl.org/2008/role/label">25% of fixed overheads of the previous year</label:label>
    <gen:arc xlink:type="arc" xlink:arcrole="http://xbrl.org/arcrole/2008/element-label" xlink:from="loc_dnb-crd_c31" xlink:to="label_dnb-crd_c31" />
    <link:loc xlink:type="locator" xlink:href="f_71.00-rend.xml#dnb-crd_c32" xlink:label="loc_dnb-crd_c32" />
    <label:label xlink:type="resource" xlink:label="label_dnb-crd_c32" xml:lang="en" xlink:role="http://www.xbrl.org/2008/role/label">Additional capital requirements related to professional liability risks</label:label>
    <gen:arc xlink:type="arc" xlink:arcrole="http://xbrl.org/arcrole/2008/element-label" xlink:from="loc_dnb-crd_c32" xlink:to="label_dnb-crd_c32" />
  </gen:link>
</link:linkbase>