﻿<?xml version="1.0" encoding="utf-8"?>
<!--© DNB-->
<link:linkbase xmlns:xsi="http://www.w3.org/2001/XMLSchema-instance" xmlns:xlink="http://www.w3.org/1999/xlink" xmlns:link="http://www.xbrl.org/2003/linkbase" xmlns:gen="http://xbrl.org/2008/generic" xmlns:label="http://xbrl.org/2008/label" xsi:schemaLocation="http://www.xbrl.org/2003/linkbase http://www.xbrl.org/2003/xbrl-linkbase-2003-12-31.xsd http://xbrl.org/2008/generic http://www.xbrl.org/2008/generic-link.xsd http://xbrl.org/2008/label http://www.xbrl.org/2008/generic-label.xsd">
  <link:arcroleRef arcroleURI="http://xbrl.org/arcrole/2008/element-label" xlink:type="simple" xlink:href="http://www.xbrl.org/2008/generic-label.xsd#element-label" />
  <link:roleRef roleURI="http://www.xbrl.org/2008/role/label" xlink:type="simple" xlink:href="http://www.xbrl.org/2008/generic-label.xsd#standard-label" />
  <link:roleRef roleURI="http://www.xbrl.org/2008/role/verboseLabel" xlink:type="simple" xlink:href="http://www.xbrl.org/2008/generic-label.xsd#verbose-label" />
  <gen:link xlink:type="extended" xlink:role="http://www.xbrl.org/2003/role/link">
    <link:loc xlink:type="locator" xlink:href="f_71.00-rend.xml#dnb-crd_tF_71.00" xlink:label="loc_dnb-crd_tF_71.00" />
    <label:label xlink:type="resource" xlink:label="label_dnb-crd_tF_71.00" xml:lang="nl" xlink:role="http://www.xbrl.org/2008/role/label">F 71.00</label:label>
    <gen:arc xlink:type="arc" xlink:arcrole="http://xbrl.org/arcrole/2008/element-label" xlink:from="loc_dnb-crd_tF_71.00" xlink:to="label_dnb-crd_tF_71.00" />
    <label:label xlink:type="resource" xlink:label="label_dnb-crd_tF_71.00_1" xml:lang="nl" xlink:role="http://www.xbrl.org/2008/role/verboseLabel">F 71.00 Kapitaalseisen: Vermogensbeheer</label:label>
    <gen:arc xlink:type="arc" xlink:arcrole="http://xbrl.org/arcrole/2008/element-label" xlink:from="loc_dnb-crd_tF_71.00" xlink:to="label_dnb-crd_tF_71.00_1" />
    <link:loc xlink:type="locator" xlink:href="f_71.00-rend.xml#dnb-crd_a1" xlink:label="loc_dnb-crd_a1" />
    <label:label xlink:type="resource" xlink:label="label_dnb-crd_a1" xml:lang="nl" xlink:role="http://www.xbrl.org/2008/role/label">Kolommen</label:label>
    <gen:arc xlink:type="arc" xlink:arcrole="http://xbrl.org/arcrole/2008/element-label" xlink:from="loc_dnb-crd_a1" xlink:to="label_dnb-crd_a1" />
    <link:loc xlink:type="locator" xlink:href="f_71.00-rend.xml#dnb-crd_c2" xlink:label="loc_dnb-crd_c2" />
    <label:label xlink:type="resource" xlink:label="label_dnb-crd_c2" xml:lang="nl" xlink:role="http://www.xbrl.org/2008/role/label">Aard van het vermogensbeheer / Bedrag</label:label>
    <gen:arc xlink:type="arc" xlink:arcrole="http://xbrl.org/arcrole/2008/element-label" xlink:from="loc_dnb-crd_c2" xlink:to="label_dnb-crd_c2" />
    <link:loc xlink:type="locator" xlink:href="f_71.00-rend.xml#dnb-crd_a2" xlink:label="loc_dnb-crd_a2" />
    <label:label xlink:type="resource" xlink:label="label_dnb-crd_a2" xml:lang="nl" xlink:role="http://www.xbrl.org/2008/role/label">Rijen</label:label>
    <gen:arc xlink:type="arc" xlink:arcrole="http://xbrl.org/arcrole/2008/element-label" xlink:from="loc_dnb-crd_a2" xlink:to="label_dnb-crd_a2" />
    <link:loc xlink:type="locator" xlink:href="f_71.00-rend.xml#dnb-crd_c4" xlink:label="loc_dnb-crd_c4" />
    <label:label xlink:type="resource" xlink:label="label_dnb-crd_c4" xml:lang="nl" xlink:role="http://www.xbrl.org/2008/role/label">Type vermogensbeheerder</label:label>
    <gen:arc xlink:type="arc" xlink:arcrole="http://xbrl.org/arcrole/2008/element-label" xlink:from="loc_dnb-crd_c4" xlink:to="label_dnb-crd_c4" />
    <link:loc xlink:type="locator" xlink:href="f_71.00-rend.xml#dnb-crd_c5" xlink:label="loc_dnb-crd_c5" />
    <label:label xlink:type="resource" xlink:label="label_dnb-crd_c5" xml:lang="nl" xlink:role="http://www.xbrl.org/2008/role/label">Type vergunning (type beleggingsinstellingen onder beheer)</label:label>
    <gen:arc xlink:type="arc" xlink:arcrole="http://xbrl.org/arcrole/2008/element-label" xlink:from="loc_dnb-crd_c5" xlink:to="label_dnb-crd_c5" />
    <link:loc xlink:type="locator" xlink:href="f_71.00-rend.xml#dnb-crd_c6" xlink:label="loc_dnb-crd_c6" />
    <label:label xlink:type="resource" xlink:label="label_dnb-crd_c6" xml:lang="nl" xlink:role="http://www.xbrl.org/2008/role/label">Totaal beheerd vermogen (onder vergunning)</label:label>
    <gen:arc xlink:type="arc" xlink:arcrole="http://xbrl.org/arcrole/2008/element-label" xlink:from="loc_dnb-crd_c6" xlink:to="label_dnb-crd_c6" />
    <link:loc xlink:type="locator" xlink:href="f_71.00-rend.xml#dnb-crd_c9" xlink:label="loc_dnb-crd_c9" />
    <label:label xlink:type="resource" xlink:label="label_dnb-crd_c9" xml:lang="nl" xlink:role="http://www.xbrl.org/2008/role/label">Beroepsaansprakelijkheidsverzekering</label:label>
    <gen:arc xlink:type="arc" xlink:arcrole="http://xbrl.org/arcrole/2008/element-label" xlink:from="loc_dnb-crd_c9" xlink:to="label_dnb-crd_c9" />
    <link:loc xlink:type="locator" xlink:href="f_71.00-rend.xml#dnb-crd_c33" xlink:label="loc_dnb-crd_c33" />
    <label:label xlink:type="resource" xlink:label="label_dnb-crd_c33" xml:lang="nl" xlink:role="http://www.xbrl.org/2008/role/label">Heeft beroepsaansprakelijkheidsverzekering</label:label>
    <gen:arc xlink:type="arc" xlink:arcrole="http://xbrl.org/arcrole/2008/element-label" xlink:from="loc_dnb-crd_c33" xlink:to="label_dnb-crd_c33" />
    <link:loc xlink:type="locator" xlink:href="f_71.00-rend.xml#dnb-crd_c34" xlink:label="loc_dnb-crd_c34" />
    <label:label xlink:type="resource" xlink:label="label_dnb-crd_c34" xml:lang="nl" xlink:role="http://www.xbrl.org/2008/role/label">Verzekeringsdekking van elke afzonderlijke verzekeringsclaim</label:label>
    <gen:arc xlink:type="arc" xlink:arcrole="http://xbrl.org/arcrole/2008/element-label" xlink:from="loc_dnb-crd_c34" xlink:to="label_dnb-crd_c34" />
    <link:loc xlink:type="locator" xlink:href="f_71.00-rend.xml#dnb-crd_c35" xlink:label="loc_dnb-crd_c35" />
    <label:label xlink:type="resource" xlink:label="label_dnb-crd_c35" xml:lang="nl" xlink:role="http://www.xbrl.org/2008/role/label">Verzekeringsdekking voor het totaal van aanspraken per jaar</label:label>
    <gen:arc xlink:type="arc" xlink:arcrole="http://xbrl.org/arcrole/2008/element-label" xlink:from="loc_dnb-crd_c35" xlink:to="label_dnb-crd_c35" />
    <link:loc xlink:type="locator" xlink:href="f_71.00-rend.xml#dnb-crd_c36" xlink:label="loc_dnb-crd_c36" />
    <label:label xlink:type="resource" xlink:label="label_dnb-crd_c36" xml:lang="nl" xlink:role="http://www.xbrl.org/2008/role/label">Overschot uit dekking voor iedere individuele aanspraak</label:label>
    <gen:arc xlink:type="arc" xlink:arcrole="http://xbrl.org/arcrole/2008/element-label" xlink:from="loc_dnb-crd_c36" xlink:to="label_dnb-crd_c36" />
    <link:loc xlink:type="locator" xlink:href="f_71.00-rend.xml#dnb-crd_c37" xlink:label="loc_dnb-crd_c37" />
    <label:label xlink:type="resource" xlink:label="label_dnb-crd_c37" xml:lang="nl" xlink:role="http://www.xbrl.org/2008/role/label">Overschot uit de totale dekking voor aanspraken per jaar</label:label>
    <gen:arc xlink:type="arc" xlink:arcrole="http://xbrl.org/arcrole/2008/element-label" xlink:from="loc_dnb-crd_c37" xlink:to="label_dnb-crd_c37" />
    <link:loc xlink:type="locator" xlink:href="f_71.00-rend.xml#dnb-crd_c11" xlink:label="loc_dnb-crd_c11" />
    <label:label xlink:type="resource" xlink:label="label_dnb-crd_c11" xml:lang="nl" xlink:role="http://www.xbrl.org/2008/role/label">Berekening van kapitaaleisen</label:label>
    <gen:arc xlink:type="arc" xlink:arcrole="http://xbrl.org/arcrole/2008/element-label" xlink:from="loc_dnb-crd_c11" xlink:to="label_dnb-crd_c11" />
    <link:loc xlink:type="locator" xlink:href="f_71.00-rend.xml#dnb-crd_c27" xlink:label="loc_dnb-crd_c27" />
    <label:label xlink:type="resource" xlink:label="label_dnb-crd_c27" xml:lang="nl" xlink:role="http://www.xbrl.org/2008/role/label">Kapitaalseis op basis van beheerd vermogen</label:label>
    <gen:arc xlink:type="arc" xlink:arcrole="http://xbrl.org/arcrole/2008/element-label" xlink:from="loc_dnb-crd_c27" xlink:to="label_dnb-crd_c27" />
    <link:loc xlink:type="locator" xlink:href="f_71.00-rend.xml#dnb-crd_c28" xlink:label="loc_dnb-crd_c28" />
    <label:label xlink:type="resource" xlink:label="label_dnb-crd_c28" xml:lang="nl" xlink:role="http://www.xbrl.org/2008/role/label">Wettelijk minimum vermogen</label:label>
    <gen:arc xlink:type="arc" xlink:arcrole="http://xbrl.org/arcrole/2008/element-label" xlink:from="loc_dnb-crd_c28" xlink:to="label_dnb-crd_c28" />
    <link:loc xlink:type="locator" xlink:href="f_71.00-rend.xml#dnb-crd_c29" xlink:label="loc_dnb-crd_c29" />
    <label:label xlink:type="resource" xlink:label="label_dnb-crd_c29" xml:lang="nl" xlink:role="http://www.xbrl.org/2008/role/label">Additioneel kapitaalbeslag AuM (0.02% * beheerd vermogen &gt; EUR 250 miljoen)</label:label>
    <gen:arc xlink:type="arc" xlink:arcrole="http://xbrl.org/arcrole/2008/element-label" xlink:from="loc_dnb-crd_c29" xlink:to="label_dnb-crd_c29" />
    <link:loc xlink:type="locator" xlink:href="f_71.00-rend.xml#dnb-crd_c30" xlink:label="loc_dnb-crd_c30" />
    <label:label xlink:type="resource" xlink:label="label_dnb-crd_c30" xml:lang="nl" xlink:role="http://www.xbrl.org/2008/role/label">Additioneel kapitaalbeslag i.v.m. beroepsaansprakelijkheidsrisico's</label:label>
    <gen:arc xlink:type="arc" xlink:arcrole="http://xbrl.org/arcrole/2008/element-label" xlink:from="loc_dnb-crd_c30" xlink:to="label_dnb-crd_c30" />
    <link:loc xlink:type="locator" xlink:href="f_71.00-rend.xml#dnb-crd_c25" xlink:label="loc_dnb-crd_c25" />
    <label:label xlink:type="resource" xlink:label="label_dnb-crd_c25" xml:lang="nl" xlink:role="http://www.xbrl.org/2008/role/label">Kapitaalseis op basis van de vastekosteneis</label:label>
    <gen:arc xlink:type="arc" xlink:arcrole="http://xbrl.org/arcrole/2008/element-label" xlink:from="loc_dnb-crd_c25" xlink:to="label_dnb-crd_c25" />
    <link:loc xlink:type="locator" xlink:href="f_71.00-rend.xml#dnb-crd_c31" xlink:label="loc_dnb-crd_c31" />
    <label:label xlink:type="resource" xlink:label="label_dnb-crd_c31" xml:lang="nl" xlink:role="http://www.xbrl.org/2008/role/label">Vastekosteneis  (25%  van  grondslag  voor  vastekosteneis)</label:label>
    <gen:arc xlink:type="arc" xlink:arcrole="http://xbrl.org/arcrole/2008/element-label" xlink:from="loc_dnb-crd_c31" xlink:to="label_dnb-crd_c31" />
    <link:loc xlink:type="locator" xlink:href="f_71.00-rend.xml#dnb-crd_c32" xlink:label="loc_dnb-crd_c32" />
    <label:label xlink:type="resource" xlink:label="label_dnb-crd_c32" xml:lang="nl" xlink:role="http://www.xbrl.org/2008/role/label">Additioneel kapitaalbeslag i.v.m. beroepsaansprakelijkheidsrisico's</label:label>
    <gen:arc xlink:type="arc" xlink:arcrole="http://xbrl.org/arcrole/2008/element-label" xlink:from="loc_dnb-crd_c32" xlink:to="label_dnb-crd_c32" />
  </gen:link>
</link:linkbase>