﻿<?xml version="1.0" encoding="utf-8"?>
<!--© DNB-->
<link:linkbase xmlns:xsi="http://www.w3.org/2001/XMLSchema-instance" xmlns:xlink="http://www.w3.org/1999/xlink" xmlns:link="http://www.xbrl.org/2003/linkbase" xsi:schemaLocation="http://www.xbrl.org/2003/linkbase http://www.xbrl.org/2003/xbrl-linkbase-2003-12-31.xsd">
  <link:labelLink xlink:type="extended" xlink:role="http://www.xbrl.org/2003/role/link">
    <link:loc xlink:type="locator" xlink:href="met.xsd#dnb-crd_si1000" xlink:label="loc_dnb-crd_si1000" />
    <link:label xlink:type="resource" xlink:label="label_dnb-crd_si1000" xml:lang="en" xlink:role="http://www.xbrl.org/2003/role/label">Description</link:label>
    <link:labelArc xlink:type="arc" xlink:arcrole="http://www.xbrl.org/2003/arcrole/concept-label" xlink:from="loc_dnb-crd_si1000" xlink:to="label_dnb-crd_si1000" />
    <link:loc xlink:type="locator" xlink:href="met.xsd#dnb-crd_bi1001" xlink:label="loc_dnb-crd_bi1001" />
    <link:label xlink:type="resource" xlink:label="label_dnb-crd_bi1001" xml:lang="en" xlink:role="http://www.xbrl.org/2003/role/label">Off-balance sheet items applicable</link:label>
    <link:labelArc xlink:type="arc" xlink:arcrole="http://www.xbrl.org/2003/arcrole/concept-label" xlink:from="loc_dnb-crd_bi1001" xlink:to="label_dnb-crd_bi1001" />
    <link:loc xlink:type="locator" xlink:href="met.xsd#dnb-crd_ii1002" xlink:label="loc_dnb-crd_ii1002" />
    <link:label xlink:type="resource" xlink:label="label_dnb-crd_ii1002" xml:lang="en" xlink:role="http://www.xbrl.org/2003/role/label">Number of clients</link:label>
    <link:labelArc xlink:type="arc" xlink:arcrole="http://www.xbrl.org/2003/arcrole/concept-label" xlink:from="loc_dnb-crd_ii1002" xlink:to="label_dnb-crd_ii1002" />
    <link:loc xlink:type="locator" xlink:href="met.xsd#dnb-crd_ii1003" xlink:label="loc_dnb-crd_ii1003" />
    <link:label xlink:type="resource" xlink:label="label_dnb-crd_ii1003" xml:lang="en" xlink:role="http://www.xbrl.org/2003/role/label">Number of participants</link:label>
    <link:labelArc xlink:type="arc" xlink:arcrole="http://www.xbrl.org/2003/arcrole/concept-label" xlink:from="loc_dnb-crd_ii1003" xlink:to="label_dnb-crd_ii1003" />
    <link:loc xlink:type="locator" xlink:href="met.xsd#dnb-crd_ei1004" xlink:label="loc_dnb-crd_ei1004" />
    <link:label xlink:type="resource" xlink:label="label_dnb-crd_ei1004" xml:lang="en" xlink:role="http://www.xbrl.org/2003/role/label">Type of fund manager</link:label>
    <link:labelArc xlink:type="arc" xlink:arcrole="http://www.xbrl.org/2003/arcrole/concept-label" xlink:from="loc_dnb-crd_ei1004" xlink:to="label_dnb-crd_ei1004" />
    <link:loc xlink:type="locator" xlink:href="met.xsd#dnb-crd_ei1005" xlink:label="loc_dnb-crd_ei1005" />
    <link:label xlink:type="resource" xlink:label="label_dnb-crd_ei1005" xml:lang="en" xlink:role="http://www.xbrl.org/2003/role/label">Fund management licence type</link:label>
    <link:labelArc xlink:type="arc" xlink:arcrole="http://www.xbrl.org/2003/arcrole/concept-label" xlink:from="loc_dnb-crd_ei1005" xlink:to="label_dnb-crd_ei1005" />
    <link:loc xlink:type="locator" xlink:href="met.xsd#dnb-crd_bi1006" xlink:label="loc_dnb-crd_bi1006" />
    <link:label xlink:type="resource" xlink:label="label_dnb-crd_bi1006" xml:lang="en" xlink:role="http://www.xbrl.org/2003/role/label">Has indemnity insurance</link:label>
    <link:labelArc xlink:type="arc" xlink:arcrole="http://www.xbrl.org/2003/arcrole/concept-label" xlink:from="loc_dnb-crd_bi1006" xlink:to="label_dnb-crd_bi1006" />
    <link:loc xlink:type="locator" xlink:href="met.xsd#dnb-crd_ii1007" xlink:label="loc_dnb-crd_ii1007" />
    <link:label xlink:type="resource" xlink:label="label_dnb-crd_ii1007" xml:lang="en" xlink:role="http://www.xbrl.org/2003/role/label">Number of managed funds</link:label>
    <link:labelArc xlink:type="arc" xlink:arcrole="http://www.xbrl.org/2003/arcrole/concept-label" xlink:from="loc_dnb-crd_ii1007" xlink:to="label_dnb-crd_ii1007" />
    <link:loc xlink:type="locator" xlink:href="met.xsd#dnb-crd_si1008" xlink:label="loc_dnb-crd_si1008" />
    <link:label xlink:type="resource" xlink:label="label_dnb-crd_si1008" xml:lang="en" xlink:role="http://www.xbrl.org/2003/role/label">Fund identification code</link:label>
    <link:labelArc xlink:type="arc" xlink:arcrole="http://www.xbrl.org/2003/arcrole/concept-label" xlink:from="loc_dnb-crd_si1008" xlink:to="label_dnb-crd_si1008" />
    <link:loc xlink:type="locator" xlink:href="met.xsd#dnb-crd_di1009" xlink:label="loc_dnb-crd_di1009" />
    <link:label xlink:type="resource" xlink:label="label_dnb-crd_di1009" xml:lang="en" xlink:role="http://www.xbrl.org/2003/role/label">Inception date</link:label>
    <link:labelArc xlink:type="arc" xlink:arcrole="http://www.xbrl.org/2003/arcrole/concept-label" xlink:from="loc_dnb-crd_di1009" xlink:to="label_dnb-crd_di1009" />
    <link:loc xlink:type="locator" xlink:href="met.xsd#dnb-crd_bi1010" xlink:label="loc_dnb-crd_bi1010" />
    <link:label xlink:type="resource" xlink:label="label_dnb-crd_bi1010" xml:lang="en" xlink:role="http://www.xbrl.org/2003/role/label">Based in European Economic Area</link:label>
    <link:labelArc xlink:type="arc" xlink:arcrole="http://www.xbrl.org/2003/arcrole/concept-label" xlink:from="loc_dnb-crd_bi1010" xlink:to="label_dnb-crd_bi1010" />
    <link:loc xlink:type="locator" xlink:href="met.xsd#dnb-crd_ei1011" xlink:label="loc_dnb-crd_ei1011" />
    <link:label xlink:type="resource" xlink:label="label_dnb-crd_ei1011" xml:lang="en" xlink:role="http://www.xbrl.org/2003/role/label">Fund domicile</link:label>
    <link:labelArc xlink:type="arc" xlink:arcrole="http://www.xbrl.org/2003/arcrole/concept-label" xlink:from="loc_dnb-crd_ei1011" xlink:to="label_dnb-crd_ei1011" />
    <link:loc xlink:type="locator" xlink:href="met.xsd#dnb-crd_ei1012" xlink:label="loc_dnb-crd_ei1012" />
    <link:label xlink:type="resource" xlink:label="label_dnb-crd_ei1012" xml:lang="en" xlink:role="http://www.xbrl.org/2003/role/label">Predominant investment type</link:label>
    <link:labelArc xlink:type="arc" xlink:arcrole="http://www.xbrl.org/2003/arcrole/concept-label" xlink:from="loc_dnb-crd_ei1012" xlink:to="label_dnb-crd_ei1012" />
    <link:loc xlink:type="locator" xlink:href="met.xsd#dnb-crd_bi1013" xlink:label="loc_dnb-crd_bi1013" />
    <link:label xlink:type="resource" xlink:label="label_dnb-crd_bi1013" xml:lang="en" xlink:role="http://www.xbrl.org/2003/role/label">Fund is open-end</link:label>
    <link:labelArc xlink:type="arc" xlink:arcrole="http://www.xbrl.org/2003/arcrole/concept-label" xlink:from="loc_dnb-crd_bi1013" xlink:to="label_dnb-crd_bi1013" />
    <link:loc xlink:type="locator" xlink:href="met.xsd#dnb-crd_mi1014" xlink:label="loc_dnb-crd_mi1014" />
    <link:label xlink:type="resource" xlink:label="label_dnb-crd_mi1014" xml:lang="en" xlink:role="http://www.xbrl.org/2003/role/label">Haircut amount</link:label>
    <link:labelArc xlink:type="arc" xlink:arcrole="http://www.xbrl.org/2003/arcrole/concept-label" xlink:from="loc_dnb-crd_mi1014" xlink:to="label_dnb-crd_mi1014" />
    <link:loc xlink:type="locator" xlink:href="met.xsd#dnb-crd_ei1015" xlink:label="loc_dnb-crd_ei1015" />
    <link:label xlink:type="resource" xlink:label="label_dnb-crd_ei1015" xml:lang="en" xlink:role="http://www.xbrl.org/2003/role/label">Capital Requirements article applicable</link:label>
    <link:labelArc xlink:type="arc" xlink:arcrole="http://www.xbrl.org/2003/arcrole/concept-label" xlink:from="loc_dnb-crd_ei1015" xlink:to="label_dnb-crd_ei1015" />
    <link:loc xlink:type="locator" xlink:href="met.xsd#dnb-crd_mi1016" xlink:label="loc_dnb-crd_mi1016" />
    <link:label xlink:type="resource" xlink:label="label_dnb-crd_mi1016" xml:lang="en" xlink:role="http://www.xbrl.org/2003/role/label">Trading result</link:label>
    <link:labelArc xlink:type="arc" xlink:arcrole="http://www.xbrl.org/2003/arcrole/concept-label" xlink:from="loc_dnb-crd_mi1016" xlink:to="label_dnb-crd_mi1016" />
    <link:loc xlink:type="locator" xlink:href="met.xsd#dnb-crd_ei1017" xlink:label="loc_dnb-crd_ei1017" />
    <link:label xlink:type="resource" xlink:label="label_dnb-crd_ei1017" xml:lang="en" xlink:role="http://www.xbrl.org/2003/role/label">Type of fund</link:label>
    <link:labelArc xlink:type="arc" xlink:arcrole="http://www.xbrl.org/2003/arcrole/concept-label" xlink:from="loc_dnb-crd_ei1017" xlink:to="label_dnb-crd_ei1017" />
    <link:loc xlink:type="locator" xlink:href="met.xsd#dnb-crd_ii1018" xlink:label="loc_dnb-crd_ii1018" />
    <link:label xlink:type="resource" xlink:label="label_dnb-crd_ii1018" xml:lang="en" xlink:role="http://www.xbrl.org/2003/role/label">Number of employees</link:label>
    <link:labelArc xlink:type="arc" xlink:arcrole="http://www.xbrl.org/2003/arcrole/concept-label" xlink:from="loc_dnb-crd_ii1018" xlink:to="label_dnb-crd_ii1018" />
    <link:loc xlink:type="locator" xlink:href="met.xsd#dnb-crd_ei1019" xlink:label="loc_dnb-crd_ei1019" />
    <link:label xlink:type="resource" xlink:label="label_dnb-crd_ei1019" xml:lang="en" xlink:role="http://www.xbrl.org/2003/role/label">Payment services licence type</link:label>
    <link:labelArc xlink:type="arc" xlink:arcrole="http://www.xbrl.org/2003/arcrole/concept-label" xlink:from="loc_dnb-crd_ei1019" xlink:to="label_dnb-crd_ei1019" />
    <link:loc xlink:type="locator" xlink:href="met.xsd#dnb-crd_ei1020" xlink:label="loc_dnb-crd_ei1020" />
    <link:label xlink:type="resource" xlink:label="label_dnb-crd_ei1020" xml:lang="en" xlink:role="http://www.xbrl.org/2003/role/label">Safeguarding method</link:label>
    <link:labelArc xlink:type="arc" xlink:arcrole="http://www.xbrl.org/2003/arcrole/concept-label" xlink:from="loc_dnb-crd_ei1020" xlink:to="label_dnb-crd_ei1020" />
    <link:loc xlink:type="locator" xlink:href="met.xsd#dnb-crd_ei1021" xlink:label="loc_dnb-crd_ei1021" />
    <link:label xlink:type="resource" xlink:label="label_dnb-crd_ei1021" xml:lang="en" xlink:role="http://www.xbrl.org/2003/role/label">Duties and responsibilities outsourced by the institution</link:label>
    <link:labelArc xlink:type="arc" xlink:arcrole="http://www.xbrl.org/2003/arcrole/concept-label" xlink:from="loc_dnb-crd_ei1021" xlink:to="label_dnb-crd_ei1021" />
    <link:loc xlink:type="locator" xlink:href="met.xsd#dnb-crd_mi1022" xlink:label="loc_dnb-crd_mi1022" />
    <link:label xlink:type="resource" xlink:label="label_dnb-crd_mi1022" xml:lang="en" xlink:role="http://www.xbrl.org/2003/role/label">Net operating income from licensed payment activities</link:label>
    <link:labelArc xlink:type="arc" xlink:arcrole="http://www.xbrl.org/2003/arcrole/concept-label" xlink:from="loc_dnb-crd_mi1022" xlink:to="label_dnb-crd_mi1022" />
    <link:loc xlink:type="locator" xlink:href="met.xsd#dnb-crd_ei1023" xlink:label="loc_dnb-crd_ei1023" />
    <link:label xlink:type="resource" xlink:label="label_dnb-crd_ei1023" xml:lang="en" xlink:role="http://www.xbrl.org/2003/role/label">Own funds requirement method</link:label>
    <link:labelArc xlink:type="arc" xlink:arcrole="http://www.xbrl.org/2003/arcrole/concept-label" xlink:from="loc_dnb-crd_ei1023" xlink:to="label_dnb-crd_ei1023" />
    <link:loc xlink:type="locator" xlink:href="met.xsd#dnb-crd_md1024" xlink:label="loc_dnb-crd_md1024" />
    <link:label xlink:type="resource" xlink:label="label_dnb-crd_md1024" xml:lang="en" xlink:role="http://www.xbrl.org/2003/role/label">Payment volume (flow)</link:label>
    <link:labelArc xlink:type="arc" xlink:arcrole="http://www.xbrl.org/2003/arcrole/concept-label" xlink:from="loc_dnb-crd_md1024" xlink:to="label_dnb-crd_md1024" />
    <link:loc xlink:type="locator" xlink:href="met.xsd#dnb-crd_bi1025" xlink:label="loc_dnb-crd_bi1025" />
    <link:label xlink:type="resource" xlink:label="label_dnb-crd_bi1025" xml:lang="en" xlink:role="http://www.xbrl.org/2003/role/label">Has licence</link:label>
    <link:labelArc xlink:type="arc" xlink:arcrole="http://www.xbrl.org/2003/arcrole/concept-label" xlink:from="loc_dnb-crd_bi1025" xlink:to="label_dnb-crd_bi1025" />
    <link:loc xlink:type="locator" xlink:href="met.xsd#dnb-crd_md1026" xlink:label="loc_dnb-crd_md1026" />
    <link:label xlink:type="resource" xlink:label="label_dnb-crd_md1026" xml:lang="en" xlink:role="http://www.xbrl.org/2003/role/label">Average amount (flow)</link:label>
    <link:labelArc xlink:type="arc" xlink:arcrole="http://www.xbrl.org/2003/arcrole/concept-label" xlink:from="loc_dnb-crd_md1026" xlink:to="label_dnb-crd_md1026" />
    <link:loc xlink:type="locator" xlink:href="met.xsd#dnb-crd_ri1027" xlink:label="loc_dnb-crd_ri1027" />
    <link:label xlink:type="resource" xlink:label="label_dnb-crd_ri1027" xml:lang="en" xlink:role="http://www.xbrl.org/2003/role/label">Scaling factor</link:label>
    <link:labelArc xlink:type="arc" xlink:arcrole="http://www.xbrl.org/2003/arcrole/concept-label" xlink:from="loc_dnb-crd_ri1027" xlink:to="label_dnb-crd_ri1027" />
    <link:loc xlink:type="locator" xlink:href="met.xsd#dnb-crd_mi1028" xlink:label="loc_dnb-crd_mi1028" />
    <link:label xlink:type="resource" xlink:label="label_dnb-crd_mi1028" xml:lang="en" xlink:role="http://www.xbrl.org/2003/role/label">One twelfth of the total amount of the preceding year</link:label>
    <link:labelArc xlink:type="arc" xlink:arcrole="http://www.xbrl.org/2003/arcrole/concept-label" xlink:from="loc_dnb-crd_mi1028" xlink:to="label_dnb-crd_mi1028" />
    <link:loc xlink:type="locator" xlink:href="met.xsd#dnb-crd_mi1029" xlink:label="loc_dnb-crd_mi1029" />
    <link:label xlink:type="resource" xlink:label="label_dnb-crd_mi1029" xml:lang="en" xlink:role="http://www.xbrl.org/2003/role/label">Sliced total</link:label>
    <link:labelArc xlink:type="arc" xlink:arcrole="http://www.xbrl.org/2003/arcrole/concept-label" xlink:from="loc_dnb-crd_mi1029" xlink:to="label_dnb-crd_mi1029" />
    <link:loc xlink:type="locator" xlink:href="met.xsd#dnb-crd_mi1030" xlink:label="loc_dnb-crd_mi1030" />
    <link:label xlink:type="resource" xlink:label="label_dnb-crd_mi1030" xml:lang="en" xlink:role="http://www.xbrl.org/2003/role/label">Slice</link:label>
    <link:labelArc xlink:type="arc" xlink:arcrole="http://www.xbrl.org/2003/arcrole/concept-label" xlink:from="loc_dnb-crd_mi1030" xlink:to="label_dnb-crd_mi1030" />
    <link:loc xlink:type="locator" xlink:href="met.xsd#dnb-crd_mi1031" xlink:label="loc_dnb-crd_mi1031" />
    <link:label xlink:type="resource" xlink:label="label_dnb-crd_mi1031" xml:lang="en" xlink:role="http://www.xbrl.org/2003/role/label">Average amount</link:label>
    <link:labelArc xlink:type="arc" xlink:arcrole="http://www.xbrl.org/2003/arcrole/concept-label" xlink:from="loc_dnb-crd_mi1031" xlink:to="label_dnb-crd_mi1031" />
    <link:loc xlink:type="locator" xlink:href="met.xsd#dnb-crd_mi1032" xlink:label="loc_dnb-crd_mi1032" />
    <link:label xlink:type="resource" xlink:label="label_dnb-crd_mi1032" xml:lang="en" xlink:role="http://www.xbrl.org/2003/role/label">Value used for relevant indicator</link:label>
    <link:labelArc xlink:type="arc" xlink:arcrole="http://www.xbrl.org/2003/arcrole/concept-label" xlink:from="loc_dnb-crd_mi1032" xlink:to="label_dnb-crd_mi1032" />
    <link:loc xlink:type="locator" xlink:href="met.xsd#dnb-crd_si1033" xlink:label="loc_dnb-crd_si1033" />
    <link:label xlink:type="resource" xlink:label="label_dnb-crd_si1033" xml:lang="en" xlink:role="http://www.xbrl.org/2003/role/label">Recovery and Exit Triggers</link:label>
    <link:labelArc xlink:type="arc" xlink:arcrole="http://www.xbrl.org/2003/arcrole/concept-label" xlink:from="loc_dnb-crd_si1033" xlink:to="label_dnb-crd_si1033" />
    <link:loc xlink:type="locator" xlink:href="met.xsd#dnb-crd_ei1034" xlink:label="loc_dnb-crd_ei1034" />
    <link:label xlink:type="resource" xlink:label="label_dnb-crd_ei1034" xml:lang="en" xlink:role="http://www.xbrl.org/2003/role/label">Indicator type</link:label>
    <link:labelArc xlink:type="arc" xlink:arcrole="http://www.xbrl.org/2003/arcrole/concept-label" xlink:from="loc_dnb-crd_ei1034" xlink:to="label_dnb-crd_ei1034" />
    <link:loc xlink:type="locator" xlink:href="met.xsd#dnb-crd_ei1035" xlink:label="loc_dnb-crd_ei1035" />
    <link:label xlink:type="resource" xlink:label="label_dnb-crd_ei1035" xml:lang="en" xlink:role="http://www.xbrl.org/2003/role/label">Trigger hit</link:label>
    <link:labelArc xlink:type="arc" xlink:arcrole="http://www.xbrl.org/2003/arcrole/concept-label" xlink:from="loc_dnb-crd_ei1035" xlink:to="label_dnb-crd_ei1035" />
    <link:loc xlink:type="locator" xlink:href="met.xsd#dnb-crd_ri1036" xlink:label="loc_dnb-crd_ri1036" />
    <link:label xlink:type="resource" xlink:label="label_dnb-crd_ri1036" xml:lang="en" xlink:role="http://www.xbrl.org/2003/role/label">Number of FTEs</link:label>
    <link:labelArc xlink:type="arc" xlink:arcrole="http://www.xbrl.org/2003/arcrole/concept-label" xlink:from="loc_dnb-crd_ri1036" xlink:to="label_dnb-crd_ri1036" />
    <link:loc xlink:type="locator" xlink:href="met.xsd#dnb-crd_ei1037" xlink:label="loc_dnb-crd_ei1037" />
    <link:label xlink:type="resource" xlink:label="label_dnb-crd_ei1037" xml:lang="en" xlink:role="http://www.xbrl.org/2003/role/label">Has licence for payment service</link:label>
    <link:labelArc xlink:type="arc" xlink:arcrole="http://www.xbrl.org/2003/arcrole/concept-label" xlink:from="loc_dnb-crd_ei1037" xlink:to="label_dnb-crd_ei1037" />
  </link:labelLink>
</link:linkbase>