﻿<?xml version="1.0" encoding="utf-8"?>
<!--© DNB-->
<link:linkbase xmlns:xsi="http://www.w3.org/2001/XMLSchema-instance" xmlns:xlink="http://www.w3.org/1999/xlink" xmlns:link="http://www.xbrl.org/2003/linkbase" xsi:schemaLocation="http://www.xbrl.org/2003/linkbase http://www.xbrl.org/2003/xbrl-linkbase-2003-12-31.xsd">
  <link:labelLink xlink:type="extended" xlink:role="http://www.xbrl.org/2003/role/link">
    <link:loc xlink:type="locator" xlink:href="exp.xsd#dnb-crd_FT" xlink:label="loc_dnb-crd_FT" />
    <link:label xlink:type="resource" xlink:label="label_dnb-crd_FT" xml:lang="en" xlink:role="http://www.xbrl.org/2003/role/label">Fund type</link:label>
    <link:labelArc xlink:type="arc" xlink:arcrole="http://www.xbrl.org/2003/arcrole/concept-label" xlink:from="loc_dnb-crd_FT" xlink:to="label_dnb-crd_FT" />
    <link:loc xlink:type="locator" xlink:href="exp.xsd#dnb-crd_DR" xlink:label="loc_dnb-crd_DR" />
    <link:label xlink:type="resource" xlink:label="label_dnb-crd_DR" xml:lang="en" xlink:role="http://www.xbrl.org/2003/role/label">Detail reference</link:label>
    <link:labelArc xlink:type="arc" xlink:arcrole="http://www.xbrl.org/2003/arcrole/concept-label" xlink:from="loc_dnb-crd_DR" xlink:to="label_dnb-crd_DR" />
    <link:loc xlink:type="locator" xlink:href="exp.xsd#dnb-crd_OB" xlink:label="loc_dnb-crd_OB" />
    <link:label xlink:type="resource" xlink:label="label_dnb-crd_OB" xml:lang="en" xlink:role="http://www.xbrl.org/2003/role/label">Off-balance sheet properties</link:label>
    <link:labelArc xlink:type="arc" xlink:arcrole="http://www.xbrl.org/2003/arcrole/concept-label" xlink:from="loc_dnb-crd_OB" xlink:to="label_dnb-crd_OB" />
    <link:loc xlink:type="locator" xlink:href="exp.xsd#dnb-crd_TF" xlink:label="loc_dnb-crd_TF" />
    <link:label xlink:type="resource" xlink:label="label_dnb-crd_TF" xml:lang="en" xlink:role="http://www.xbrl.org/2003/role/label">Type of fund</link:label>
    <link:labelArc xlink:type="arc" xlink:arcrole="http://www.xbrl.org/2003/arcrole/concept-label" xlink:from="loc_dnb-crd_TF" xlink:to="label_dnb-crd_TF" />
    <link:loc xlink:type="locator" xlink:href="exp.xsd#dnb-crd_TM" xlink:label="loc_dnb-crd_TM" />
    <link:label xlink:type="resource" xlink:label="label_dnb-crd_TM" xml:lang="en" xlink:role="http://www.xbrl.org/2003/role/label">Type of fund manager</link:label>
    <link:labelArc xlink:type="arc" xlink:arcrole="http://www.xbrl.org/2003/arcrole/concept-label" xlink:from="loc_dnb-crd_TM" xlink:to="label_dnb-crd_TM" />
    <link:loc xlink:type="locator" xlink:href="exp.xsd#dnb-crd_CR" xlink:label="loc_dnb-crd_CR" />
    <link:label xlink:type="resource" xlink:label="label_dnb-crd_CR" xml:lang="en" xlink:role="http://www.xbrl.org/2003/role/label">Capital Requirement Type</link:label>
    <link:labelArc xlink:type="arc" xlink:arcrole="http://www.xbrl.org/2003/arcrole/concept-label" xlink:from="loc_dnb-crd_CR" xlink:to="label_dnb-crd_CR" />
    <link:loc xlink:type="locator" xlink:href="exp.xsd#dnb-crd_PT" xlink:label="loc_dnb-crd_PT" />
    <link:label xlink:type="resource" xlink:label="label_dnb-crd_PT" xml:lang="en" xlink:role="http://www.xbrl.org/2003/role/label">Predominant investment type</link:label>
    <link:labelArc xlink:type="arc" xlink:arcrole="http://www.xbrl.org/2003/arcrole/concept-label" xlink:from="loc_dnb-crd_PT" xlink:to="label_dnb-crd_PT" />
    <link:loc xlink:type="locator" xlink:href="exp.xsd#dnb-crd_VT" xlink:label="loc_dnb-crd_VT" />
    <link:label xlink:type="resource" xlink:label="label_dnb-crd_VT" xml:lang="en" xlink:role="http://www.xbrl.org/2003/role/label">Reserve type</link:label>
    <link:labelArc xlink:type="arc" xlink:arcrole="http://www.xbrl.org/2003/arcrole/concept-label" xlink:from="loc_dnb-crd_VT" xlink:to="label_dnb-crd_VT" />
    <link:loc xlink:type="locator" xlink:href="exp.xsd#dnb-crd_AA" xlink:label="loc_dnb-crd_AA" />
    <link:label xlink:type="resource" xlink:label="label_dnb-crd_AA" xml:lang="en" xlink:role="http://www.xbrl.org/2003/role/label">Capital Requirements article applicable</link:label>
    <link:labelArc xlink:type="arc" xlink:arcrole="http://www.xbrl.org/2003/arcrole/concept-label" xlink:from="loc_dnb-crd_AA" xlink:to="label_dnb-crd_AA" />
    <link:loc xlink:type="locator" xlink:href="exp.xsd#dnb-crd_PS" xlink:label="loc_dnb-crd_PS" />
    <link:label xlink:type="resource" xlink:label="label_dnb-crd_PS" xml:lang="en" xlink:role="http://www.xbrl.org/2003/role/label">Payment services licence type</link:label>
    <link:labelArc xlink:type="arc" xlink:arcrole="http://www.xbrl.org/2003/arcrole/concept-label" xlink:from="loc_dnb-crd_PS" xlink:to="label_dnb-crd_PS" />
    <link:loc xlink:type="locator" xlink:href="exp.xsd#dnb-crd_SM" xlink:label="loc_dnb-crd_SM" />
    <link:label xlink:type="resource" xlink:label="label_dnb-crd_SM" xml:lang="en" xlink:role="http://www.xbrl.org/2003/role/label">Safeguarding method</link:label>
    <link:labelArc xlink:type="arc" xlink:arcrole="http://www.xbrl.org/2003/arcrole/concept-label" xlink:from="loc_dnb-crd_SM" xlink:to="label_dnb-crd_SM" />
    <link:loc xlink:type="locator" xlink:href="exp.xsd#dnb-crd_DO" xlink:label="loc_dnb-crd_DO" />
    <link:label xlink:type="resource" xlink:label="label_dnb-crd_DO" xml:lang="en" xlink:role="http://www.xbrl.org/2003/role/label">Duties and responsibilities outsourced by the institution</link:label>
    <link:labelArc xlink:type="arc" xlink:arcrole="http://www.xbrl.org/2003/arcrole/concept-label" xlink:from="loc_dnb-crd_DO" xlink:to="label_dnb-crd_DO" />
    <link:loc xlink:type="locator" xlink:href="exp.xsd#dnb-crd_EM" xlink:label="loc_dnb-crd_EM" />
    <link:label xlink:type="resource" xlink:label="label_dnb-crd_EM" xml:lang="en" xlink:role="http://www.xbrl.org/2003/role/label">Employment function type</link:label>
    <link:labelArc xlink:type="arc" xlink:arcrole="http://www.xbrl.org/2003/arcrole/concept-label" xlink:from="loc_dnb-crd_EM" xlink:to="label_dnb-crd_EM" />
    <link:loc xlink:type="locator" xlink:href="exp.xsd#dnb-crd_TS" xlink:label="loc_dnb-crd_TS" />
    <link:label xlink:type="resource" xlink:label="label_dnb-crd_TS" xml:lang="en" xlink:role="http://www.xbrl.org/2003/role/label">Type of service</link:label>
    <link:labelArc xlink:type="arc" xlink:arcrole="http://www.xbrl.org/2003/arcrole/concept-label" xlink:from="loc_dnb-crd_TS" xlink:to="label_dnb-crd_TS" />
    <link:loc xlink:type="locator" xlink:href="exp.xsd#dnb-crd_RM" xlink:label="loc_dnb-crd_RM" />
    <link:label xlink:type="resource" xlink:label="label_dnb-crd_RM" xml:lang="en" xlink:role="http://www.xbrl.org/2003/role/label">Own funds requirement method</link:label>
    <link:labelArc xlink:type="arc" xlink:arcrole="http://www.xbrl.org/2003/arcrole/concept-label" xlink:from="loc_dnb-crd_RM" xlink:to="label_dnb-crd_RM" />
    <link:loc xlink:type="locator" xlink:href="exp.xsd#dnb-crd_SL" xlink:label="loc_dnb-crd_SL" />
    <link:label xlink:type="resource" xlink:label="label_dnb-crd_SL" xml:lang="en" xlink:role="http://www.xbrl.org/2003/role/label">Slice</link:label>
    <link:labelArc xlink:type="arc" xlink:arcrole="http://www.xbrl.org/2003/arcrole/concept-label" xlink:from="loc_dnb-crd_SL" xlink:to="label_dnb-crd_SL" />
    <link:loc xlink:type="locator" xlink:href="exp.xsd#dnb-crd_IT" xlink:label="loc_dnb-crd_IT" />
    <link:label xlink:type="resource" xlink:label="label_dnb-crd_IT" xml:lang="en" xlink:role="http://www.xbrl.org/2003/role/label">Indicator type</link:label>
    <link:labelArc xlink:type="arc" xlink:arcrole="http://www.xbrl.org/2003/arcrole/concept-label" xlink:from="loc_dnb-crd_IT" xlink:to="label_dnb-crd_IT" />
    <link:loc xlink:type="locator" xlink:href="exp.xsd#dnb-crd_TH" xlink:label="loc_dnb-crd_TH" />
    <link:label xlink:type="resource" xlink:label="label_dnb-crd_TH" xml:lang="en" xlink:role="http://www.xbrl.org/2003/role/label">Trigger hit</link:label>
    <link:labelArc xlink:type="arc" xlink:arcrole="http://www.xbrl.org/2003/arcrole/concept-label" xlink:from="loc_dnb-crd_TH" xlink:to="label_dnb-crd_TH" />
  </link:labelLink>
</link:linkbase>