﻿<?xml version="1.0" encoding="utf-8"?>
<!--© DNB-->
<link:linkbase xmlns:xsi="http://www.w3.org/2001/XMLSchema-instance" xmlns:xlink="http://www.w3.org/1999/xlink" xmlns:link="http://www.xbrl.org/2003/linkbase" xmlns:xbrldt="http://xbrl.org/2005/xbrldt" xsi:schemaLocation="http://www.xbrl.org/2003/linkbase http://www.xbrl.org/2003/xbrl-linkbase-2003-12-31.xsd http://xbrl.org/2005/xbrldt http://www.xbrl.org/2005/xbrldt-2005.xsd">
  <link:arcroleRef arcroleURI="http://xbrl.org/int/dim/arcrole/domain-member" xlink:type="simple" xlink:href="http://www.xbrl.org/2005/xbrldt-2005.xsd#domain-member" />
  <link:definitionLink xlink:type="extended" xlink:role="http://www.xbrl.org/2003/role/link">
    <link:loc xlink:type="locator" xlink:href="../exp.xsd#dnb-crd_DR" xlink:label="loc_dnb-crd_DR" />
    <link:loc xlink:type="locator" xlink:href="mem.xsd#dnb-crd_x0" xlink:label="loc_dnb-crd_x0" />
    <link:definitionArc xlink:type="arc" xlink:arcrole="http://xbrl.org/int/dim/arcrole/domain-member" xlink:from="loc_dnb-crd_DR" xlink:to="loc_dnb-crd_x0" order="1" />
    <link:loc xlink:type="locator" xlink:href="mem.xsd#dnb-crd_x1" xlink:label="loc_dnb-crd_x1" />
    <link:definitionArc xlink:type="arc" xlink:arcrole="http://xbrl.org/int/dim/arcrole/domain-member" xlink:from="loc_dnb-crd_DR" xlink:to="loc_dnb-crd_x1" order="2" />
    <link:loc xlink:type="locator" xlink:href="mem.xsd#dnb-crd_x2" xlink:label="loc_dnb-crd_x2" />
    <link:definitionArc xlink:type="arc" xlink:arcrole="http://xbrl.org/int/dim/arcrole/domain-member" xlink:from="loc_dnb-crd_DR" xlink:to="loc_dnb-crd_x2" order="3" />
    <link:loc xlink:type="locator" xlink:href="mem.xsd#dnb-crd_x3" xlink:label="loc_dnb-crd_x3" />
    <link:definitionArc xlink:type="arc" xlink:arcrole="http://xbrl.org/int/dim/arcrole/domain-member" xlink:from="loc_dnb-crd_DR" xlink:to="loc_dnb-crd_x3" order="4" />
    <link:loc xlink:type="locator" xlink:href="mem.xsd#dnb-crd_x4" xlink:label="loc_dnb-crd_x4" />
    <link:definitionArc xlink:type="arc" xlink:arcrole="http://xbrl.org/int/dim/arcrole/domain-member" xlink:from="loc_dnb-crd_DR" xlink:to="loc_dnb-crd_x4" order="5" />
    <link:loc xlink:type="locator" xlink:href="mem.xsd#dnb-crd_x5" xlink:label="loc_dnb-crd_x5" />
    <link:definitionArc xlink:type="arc" xlink:arcrole="http://xbrl.org/int/dim/arcrole/domain-member" xlink:from="loc_dnb-crd_DR" xlink:to="loc_dnb-crd_x5" order="6" />
    <link:loc xlink:type="locator" xlink:href="mem.xsd#dnb-crd_x6" xlink:label="loc_dnb-crd_x6" />
    <link:definitionArc xlink:type="arc" xlink:arcrole="http://xbrl.org/int/dim/arcrole/domain-member" xlink:from="loc_dnb-crd_DR" xlink:to="loc_dnb-crd_x6" order="7" />
    <link:loc xlink:type="locator" xlink:href="mem.xsd#dnb-crd_x7" xlink:label="loc_dnb-crd_x7" />
    <link:definitionArc xlink:type="arc" xlink:arcrole="http://xbrl.org/int/dim/arcrole/domain-member" xlink:from="loc_dnb-crd_DR" xlink:to="loc_dnb-crd_x7" order="8" />
    <link:loc xlink:type="locator" xlink:href="mem.xsd#dnb-crd_x8" xlink:label="loc_dnb-crd_x8" />
    <link:definitionArc xlink:type="arc" xlink:arcrole="http://xbrl.org/int/dim/arcrole/domain-member" xlink:from="loc_dnb-crd_DR" xlink:to="loc_dnb-crd_x8" order="9" />
    <link:loc xlink:type="locator" xlink:href="mem.xsd#dnb-crd_x9" xlink:label="loc_dnb-crd_x9" />
    <link:definitionArc xlink:type="arc" xlink:arcrole="http://xbrl.org/int/dim/arcrole/domain-member" xlink:from="loc_dnb-crd_DR" xlink:to="loc_dnb-crd_x9" order="10" />
    <link:loc xlink:type="locator" xlink:href="mem.xsd#dnb-crd_x10" xlink:label="loc_dnb-crd_x10" />
    <link:definitionArc xlink:type="arc" xlink:arcrole="http://xbrl.org/int/dim/arcrole/domain-member" xlink:from="loc_dnb-crd_DR" xlink:to="loc_dnb-crd_x10" order="11" />
  </link:definitionLink>
</link:linkbase>