﻿<?xml version="1.0" encoding="utf-8"?>
<!--© DNB-->
<link:linkbase xmlns:xsi="http://www.w3.org/2001/XMLSchema-instance" xmlns:xlink="http://www.w3.org/1999/xlink" xmlns:link="http://www.xbrl.org/2003/linkbase" xsi:schemaLocation="http://www.xbrl.org/2003/linkbase http://www.xbrl.org/2003/xbrl-linkbase-2003-12-31.xsd">
  <link:labelLink xlink:type="extended" xlink:role="http://www.xbrl.org/2003/role/link">
    <link:loc xlink:type="locator" xlink:href="mem.xsd#dnb-crd_x0" xlink:label="loc_dnb-crd_x0" />
    <link:label xlink:type="resource" xlink:label="label_dnb-crd_x0" xml:lang="en" xlink:role="http://www.xbrl.org/2003/role/label">Not applicable / All detail references</link:label>
    <link:labelArc xlink:type="arc" xlink:arcrole="http://www.xbrl.org/2003/arcrole/concept-label" xlink:from="loc_dnb-crd_x0" xlink:to="label_dnb-crd_x0" />
    <link:loc xlink:type="locator" xlink:href="mem.xsd#dnb-crd_x1" xlink:label="loc_dnb-crd_x1" />
    <link:label xlink:type="resource" xlink:label="label_dnb-crd_x1" xml:lang="en" xlink:role="http://www.xbrl.org/2003/role/label">Not explained</link:label>
    <link:labelArc xlink:type="arc" xlink:arcrole="http://www.xbrl.org/2003/arcrole/concept-label" xlink:from="loc_dnb-crd_x1" xlink:to="label_dnb-crd_x1" />
    <link:loc xlink:type="locator" xlink:href="mem.xsd#dnb-crd_x2" xlink:label="loc_dnb-crd_x2" />
    <link:label xlink:type="resource" xlink:label="label_dnb-crd_x2" xml:lang="en" xlink:role="http://www.xbrl.org/2003/role/label">001</link:label>
    <link:labelArc xlink:type="arc" xlink:arcrole="http://www.xbrl.org/2003/arcrole/concept-label" xlink:from="loc_dnb-crd_x2" xlink:to="label_dnb-crd_x2" />
    <link:loc xlink:type="locator" xlink:href="mem.xsd#dnb-crd_x3" xlink:label="loc_dnb-crd_x3" />
    <link:label xlink:type="resource" xlink:label="label_dnb-crd_x3" xml:lang="en" xlink:role="http://www.xbrl.org/2003/role/label">002</link:label>
    <link:labelArc xlink:type="arc" xlink:arcrole="http://www.xbrl.org/2003/arcrole/concept-label" xlink:from="loc_dnb-crd_x3" xlink:to="label_dnb-crd_x3" />
    <link:loc xlink:type="locator" xlink:href="mem.xsd#dnb-crd_x4" xlink:label="loc_dnb-crd_x4" />
    <link:label xlink:type="resource" xlink:label="label_dnb-crd_x4" xml:lang="en" xlink:role="http://www.xbrl.org/2003/role/label">003</link:label>
    <link:labelArc xlink:type="arc" xlink:arcrole="http://www.xbrl.org/2003/arcrole/concept-label" xlink:from="loc_dnb-crd_x4" xlink:to="label_dnb-crd_x4" />
    <link:loc xlink:type="locator" xlink:href="mem.xsd#dnb-crd_x5" xlink:label="loc_dnb-crd_x5" />
    <link:label xlink:type="resource" xlink:label="label_dnb-crd_x5" xml:lang="en" xlink:role="http://www.xbrl.org/2003/role/label">004</link:label>
    <link:labelArc xlink:type="arc" xlink:arcrole="http://www.xbrl.org/2003/arcrole/concept-label" xlink:from="loc_dnb-crd_x5" xlink:to="label_dnb-crd_x5" />
    <link:loc xlink:type="locator" xlink:href="mem.xsd#dnb-crd_x6" xlink:label="loc_dnb-crd_x6" />
    <link:label xlink:type="resource" xlink:label="label_dnb-crd_x6" xml:lang="en" xlink:role="http://www.xbrl.org/2003/role/label">005</link:label>
    <link:labelArc xlink:type="arc" xlink:arcrole="http://www.xbrl.org/2003/arcrole/concept-label" xlink:from="loc_dnb-crd_x6" xlink:to="label_dnb-crd_x6" />
    <link:loc xlink:type="locator" xlink:href="mem.xsd#dnb-crd_x7" xlink:label="loc_dnb-crd_x7" />
    <link:label xlink:type="resource" xlink:label="label_dnb-crd_x7" xml:lang="en" xlink:role="http://www.xbrl.org/2003/role/label">006</link:label>
    <link:labelArc xlink:type="arc" xlink:arcrole="http://www.xbrl.org/2003/arcrole/concept-label" xlink:from="loc_dnb-crd_x7" xlink:to="label_dnb-crd_x7" />
    <link:loc xlink:type="locator" xlink:href="mem.xsd#dnb-crd_x8" xlink:label="loc_dnb-crd_x8" />
    <link:label xlink:type="resource" xlink:label="label_dnb-crd_x8" xml:lang="en" xlink:role="http://www.xbrl.org/2003/role/label">007</link:label>
    <link:labelArc xlink:type="arc" xlink:arcrole="http://www.xbrl.org/2003/arcrole/concept-label" xlink:from="loc_dnb-crd_x8" xlink:to="label_dnb-crd_x8" />
    <link:loc xlink:type="locator" xlink:href="mem.xsd#dnb-crd_x9" xlink:label="loc_dnb-crd_x9" />
    <link:label xlink:type="resource" xlink:label="label_dnb-crd_x9" xml:lang="en" xlink:role="http://www.xbrl.org/2003/role/label">008</link:label>
    <link:labelArc xlink:type="arc" xlink:arcrole="http://www.xbrl.org/2003/arcrole/concept-label" xlink:from="loc_dnb-crd_x9" xlink:to="label_dnb-crd_x9" />
    <link:loc xlink:type="locator" xlink:href="mem.xsd#dnb-crd_x10" xlink:label="loc_dnb-crd_x10" />
    <link:label xlink:type="resource" xlink:label="label_dnb-crd_x10" xml:lang="en" xlink:role="http://www.xbrl.org/2003/role/label">009</link:label>
    <link:labelArc xlink:type="arc" xlink:arcrole="http://www.xbrl.org/2003/arcrole/concept-label" xlink:from="loc_dnb-crd_x10" xlink:to="label_dnb-crd_x10" />
  </link:labelLink>
</link:linkbase>