﻿<?xml version="1.0" encoding="utf-8"?>
<!--© DNB-->
<link:linkbase xmlns:xsi="http://www.w3.org/2001/XMLSchema-instance" xmlns:xlink="http://www.w3.org/1999/xlink" xmlns:link="http://www.xbrl.org/2003/linkbase" xmlns:gen="http://xbrl.org/2008/generic" xmlns:label="http://xbrl.org/2008/label" xmlns:formula="http://xbrl.org/2008/formula" xmlns:df="http://xbrl.org/2008/filter/dimension" xmlns:table="http://xbrl.org/2014/table" xmlns:model="http://www.eurofiling.info/xbrl/ext/model" xmlns:dnbeba_dim="http://www.eba.europa.eu/xbrl/crr/dict/dim" xmlns:dnbeba_BA="http://www.eba.europa.eu/xbrl/crr/dict/dom/BA" xmlns:dnbeba_met="http://www.eba.europa.eu/xbrl/crr/dict/met" xmlns:dnbeba_MC="http://www.eba.europa.eu/xbrl/crr/dict/dom/MC" xmlns:dnbeba_CT="http://www.eba.europa.eu/xbrl/crr/dict/dom/CT" xsi:schemaLocation="http://www.xbrl.org/2003/linkbase http://www.xbrl.org/2003/xbrl-linkbase-2003-12-31.xsd http://xbrl.org/2008/generic http://www.xbrl.org/2008/generic-link.xsd http://xbrl.org/2008/label http://www.xbrl.org/2008/generic-label.xsd http://xbrl.org/2008/formula http://www.xbrl.org/2008/formula.xsd http://xbrl.org/2008/filter/dimension http://www.xbrl.org/2008/dimension-filter.xsd http://xbrl.org/2014/table http://www.xbrl.org/2014/table.xsd http://www.eurofiling.info/xbrl/ext/model http://www.eurofiling.info/eu/fr/xbrl/ext/model.xsd">
  <link:arcroleRef arcroleURI="http://xbrl.org/arcrole/2014/breakdown-tree" xlink:type="simple" xlink:href="http://www.xbrl.org/2014/table.xsd#breakdown-tree" />
  <link:arcroleRef arcroleURI="http://xbrl.org/arcrole/2014/definition-node-subtree" xlink:type="simple" xlink:href="http://www.xbrl.org/2014/table.xsd#definition-node-subtree" />
  <link:arcroleRef arcroleURI="http://xbrl.org/arcrole/2014/table-breakdown" xlink:type="simple" xlink:href="http://www.xbrl.org/2014/table.xsd#table-breakdown" />
  <link:roleRef roleURI="http://www.dnb.nl/xbrl/xtn/role/fws/FINREP-BO/wft-3-72/2017-11-01/tab/F_09.02" xlink:type="simple" xlink:href="f_09.02.xsd#role" />
  <gen:link xlink:type="extended" xlink:role="http://www.dnb.nl/xbrl/xtn/role/fws/FINREP-BO/wft-3-72/2017-11-01/tab/F_09.02">
    <table:table xlink:type="resource" xlink:label="dnb-crd_tF_09.02" id="dnb-crd_tF_09.02" />
    <table:breakdown xlink:type="resource" xlink:label="dnb-crd_a1" parentChildOrder="parent-first" id="dnb-crd_a1" />
    <table:ruleNode xlink:type="resource" xlink:label="dnb-crd_a1.root" abstract="true" merge="true" id="dnb-crd_a1.root">
      <formula:explicitDimension dimension="dnbeba_dim:BAS">
        <formula:member>
          <formula:qname>dnbeba_BA:x17</formula:qname>
        </formula:member>
      </formula:explicitDimension>
    </table:ruleNode>
    <table:breakdownTreeArc xlink:type="arc" xlink:arcrole="http://xbrl.org/arcrole/2014/breakdown-tree" xlink:from="dnb-crd_a1" xlink:to="dnb-crd_a1.root" order="0" />
    <table:ruleNode xlink:type="resource" xlink:label="dnb-crd_c18199" id="dnb-crd_c18199">
      <formula:concept>
        <formula:qname>dnbeba_met:mi172</formula:qname>
      </formula:concept>
    </table:ruleNode>
    <table:definitionNodeSubtreeArc xlink:type="arc" xlink:arcrole="http://xbrl.org/arcrole/2014/definition-node-subtree" xlink:from="dnb-crd_a1.root" xlink:to="dnb-crd_c18199" order="1" />
    <table:ruleNode xlink:type="resource" xlink:label="dnb-crd_c18200" id="dnb-crd_c18200">
      <formula:concept>
        <formula:qname>dnbeba_met:mi287</formula:qname>
      </formula:concept>
    </table:ruleNode>
    <table:definitionNodeSubtreeArc xlink:type="arc" xlink:arcrole="http://xbrl.org/arcrole/2014/definition-node-subtree" xlink:from="dnb-crd_a1.root" xlink:to="dnb-crd_c18200" order="2" />
    <table:tableBreakdownArc xlink:type="arc" xlink:arcrole="http://xbrl.org/arcrole/2014/table-breakdown" xlink:from="dnb-crd_tF_09.02" xlink:to="dnb-crd_a1" axis="x" order="1" />
    <table:breakdown xlink:type="resource" xlink:label="dnb-crd_a2" parentChildOrder="parent-first" id="dnb-crd_a2" />
    <table:ruleNode xlink:type="resource" xlink:label="dnb-crd_a2.root" abstract="true" merge="true" id="dnb-crd_a2.root" />
    <table:breakdownTreeArc xlink:type="arc" xlink:arcrole="http://xbrl.org/arcrole/2014/breakdown-tree" xlink:from="dnb-crd_a2" xlink:to="dnb-crd_a2.root" order="0" />
    <table:ruleNode xlink:type="resource" xlink:label="dnb-crd_c18201" id="dnb-crd_c18201">
      <formula:explicitDimension dimension="dnbeba_dim:MCY">
        <formula:member>
          <formula:qname>dnbeba_MC:x69</formula:qname>
        </formula:member>
      </formula:explicitDimension>
    </table:ruleNode>
    <table:ruleNode xlink:type="resource" xlink:label="dnb-crd_c18202" id="dnb-crd_c18202">
      <formula:explicitDimension dimension="dnbeba_dim:CPS">
        <formula:member>
          <formula:qname>dnbeba_CT:x10</formula:qname>
        </formula:member>
      </formula:explicitDimension>
    </table:ruleNode>
    <table:definitionNodeSubtreeArc xlink:type="arc" xlink:arcrole="http://xbrl.org/arcrole/2014/definition-node-subtree" xlink:from="dnb-crd_c18201" xlink:to="dnb-crd_c18202" order="1" />
    <table:ruleNode xlink:type="resource" xlink:label="dnb-crd_c18203" id="dnb-crd_c18203">
      <formula:explicitDimension dimension="dnbeba_dim:CPS">
        <formula:member>
          <formula:qname>dnbeba_CT:x1</formula:qname>
        </formula:member>
      </formula:explicitDimension>
    </table:ruleNode>
    <table:definitionNodeSubtreeArc xlink:type="arc" xlink:arcrole="http://xbrl.org/arcrole/2014/definition-node-subtree" xlink:from="dnb-crd_c18201" xlink:to="dnb-crd_c18203" order="2" />
    <table:ruleNode xlink:type="resource" xlink:label="dnb-crd_c18204" id="dnb-crd_c18204">
      <formula:explicitDimension dimension="dnbeba_dim:CPS">
        <formula:member>
          <formula:qname>dnbeba_CT:x12</formula:qname>
        </formula:member>
      </formula:explicitDimension>
    </table:ruleNode>
    <table:definitionNodeSubtreeArc xlink:type="arc" xlink:arcrole="http://xbrl.org/arcrole/2014/definition-node-subtree" xlink:from="dnb-crd_c18201" xlink:to="dnb-crd_c18204" order="3" />
    <table:ruleNode xlink:type="resource" xlink:label="dnb-crd_c18205" id="dnb-crd_c18205">
      <formula:explicitDimension dimension="dnbeba_dim:CPS">
        <formula:member>
          <formula:qname>dnbeba_CT:x18</formula:qname>
        </formula:member>
      </formula:explicitDimension>
    </table:ruleNode>
    <table:definitionNodeSubtreeArc xlink:type="arc" xlink:arcrole="http://xbrl.org/arcrole/2014/definition-node-subtree" xlink:from="dnb-crd_c18201" xlink:to="dnb-crd_c18205" order="4" />
    <table:ruleNode xlink:type="resource" xlink:label="dnb-crd_c18206" id="dnb-crd_c18206">
      <formula:explicitDimension dimension="dnbeba_dim:CPS">
        <formula:member>
          <formula:qname>dnbeba_CT:x20</formula:qname>
        </formula:member>
      </formula:explicitDimension>
    </table:ruleNode>
    <table:definitionNodeSubtreeArc xlink:type="arc" xlink:arcrole="http://xbrl.org/arcrole/2014/definition-node-subtree" xlink:from="dnb-crd_c18201" xlink:to="dnb-crd_c18206" order="5" />
    <table:ruleNode xlink:type="resource" xlink:label="dnb-crd_c18207" id="dnb-crd_c18207">
      <formula:explicitDimension dimension="dnbeba_dim:CPS">
        <formula:member>
          <formula:qname>dnbeba_CT:x5</formula:qname>
        </formula:member>
      </formula:explicitDimension>
    </table:ruleNode>
    <table:definitionNodeSubtreeArc xlink:type="arc" xlink:arcrole="http://xbrl.org/arcrole/2014/definition-node-subtree" xlink:from="dnb-crd_c18201" xlink:to="dnb-crd_c18207" order="6" />
    <table:definitionNodeSubtreeArc xlink:type="arc" xlink:arcrole="http://xbrl.org/arcrole/2014/definition-node-subtree" xlink:from="dnb-crd_a2.root" xlink:to="dnb-crd_c18201" order="1" />
    <table:ruleNode xlink:type="resource" xlink:label="dnb-crd_c18208" id="dnb-crd_c18208">
      <formula:explicitDimension dimension="dnbeba_dim:MCY">
        <formula:member>
          <formula:qname>dnbeba_MC:x155</formula:qname>
        </formula:member>
      </formula:explicitDimension>
    </table:ruleNode>
    <table:ruleNode xlink:type="resource" xlink:label="dnb-crd_c18209" id="dnb-crd_c18209">
      <formula:explicitDimension dimension="dnbeba_dim:CPS">
        <formula:member>
          <formula:qname>dnbeba_CT:x10</formula:qname>
        </formula:member>
      </formula:explicitDimension>
    </table:ruleNode>
    <table:definitionNodeSubtreeArc xlink:type="arc" xlink:arcrole="http://xbrl.org/arcrole/2014/definition-node-subtree" xlink:from="dnb-crd_c18208" xlink:to="dnb-crd_c18209" order="1" />
    <table:ruleNode xlink:type="resource" xlink:label="dnb-crd_c18210" id="dnb-crd_c18210">
      <formula:explicitDimension dimension="dnbeba_dim:CPS">
        <formula:member>
          <formula:qname>dnbeba_CT:x1</formula:qname>
        </formula:member>
      </formula:explicitDimension>
    </table:ruleNode>
    <table:definitionNodeSubtreeArc xlink:type="arc" xlink:arcrole="http://xbrl.org/arcrole/2014/definition-node-subtree" xlink:from="dnb-crd_c18208" xlink:to="dnb-crd_c18210" order="2" />
    <table:ruleNode xlink:type="resource" xlink:label="dnb-crd_c18211" id="dnb-crd_c18211">
      <formula:explicitDimension dimension="dnbeba_dim:CPS">
        <formula:member>
          <formula:qname>dnbeba_CT:x12</formula:qname>
        </formula:member>
      </formula:explicitDimension>
    </table:ruleNode>
    <table:definitionNodeSubtreeArc xlink:type="arc" xlink:arcrole="http://xbrl.org/arcrole/2014/definition-node-subtree" xlink:from="dnb-crd_c18208" xlink:to="dnb-crd_c18211" order="3" />
    <table:ruleNode xlink:type="resource" xlink:label="dnb-crd_c18212" id="dnb-crd_c18212">
      <formula:explicitDimension dimension="dnbeba_dim:CPS">
        <formula:member>
          <formula:qname>dnbeba_CT:x18</formula:qname>
        </formula:member>
      </formula:explicitDimension>
    </table:ruleNode>
    <table:definitionNodeSubtreeArc xlink:type="arc" xlink:arcrole="http://xbrl.org/arcrole/2014/definition-node-subtree" xlink:from="dnb-crd_c18208" xlink:to="dnb-crd_c18212" order="4" />
    <table:ruleNode xlink:type="resource" xlink:label="dnb-crd_c18213" id="dnb-crd_c18213">
      <formula:explicitDimension dimension="dnbeba_dim:CPS">
        <formula:member>
          <formula:qname>dnbeba_CT:x20</formula:qname>
        </formula:member>
      </formula:explicitDimension>
    </table:ruleNode>
    <table:definitionNodeSubtreeArc xlink:type="arc" xlink:arcrole="http://xbrl.org/arcrole/2014/definition-node-subtree" xlink:from="dnb-crd_c18208" xlink:to="dnb-crd_c18213" order="5" />
    <table:ruleNode xlink:type="resource" xlink:label="dnb-crd_c18214" id="dnb-crd_c18214">
      <formula:explicitDimension dimension="dnbeba_dim:CPS">
        <formula:member>
          <formula:qname>dnbeba_CT:x5</formula:qname>
        </formula:member>
      </formula:explicitDimension>
    </table:ruleNode>
    <table:definitionNodeSubtreeArc xlink:type="arc" xlink:arcrole="http://xbrl.org/arcrole/2014/definition-node-subtree" xlink:from="dnb-crd_c18208" xlink:to="dnb-crd_c18214" order="6" />
    <table:definitionNodeSubtreeArc xlink:type="arc" xlink:arcrole="http://xbrl.org/arcrole/2014/definition-node-subtree" xlink:from="dnb-crd_a2.root" xlink:to="dnb-crd_c18208" order="2" />
    <table:ruleNode xlink:type="resource" xlink:label="dnb-crd_c18215" id="dnb-crd_c18215">
      <formula:explicitDimension dimension="dnbeba_dim:MCY">
        <formula:member>
          <formula:qname>dnbeba_MC:x263</formula:qname>
        </formula:member>
      </formula:explicitDimension>
    </table:ruleNode>
    <table:ruleNode xlink:type="resource" xlink:label="dnb-crd_c18216" id="dnb-crd_c18216">
      <formula:explicitDimension dimension="dnbeba_dim:CPS">
        <formula:member>
          <formula:qname>dnbeba_CT:x10</formula:qname>
        </formula:member>
      </formula:explicitDimension>
    </table:ruleNode>
    <table:definitionNodeSubtreeArc xlink:type="arc" xlink:arcrole="http://xbrl.org/arcrole/2014/definition-node-subtree" xlink:from="dnb-crd_c18215" xlink:to="dnb-crd_c18216" order="1" />
    <table:ruleNode xlink:type="resource" xlink:label="dnb-crd_c18217" id="dnb-crd_c18217">
      <formula:explicitDimension dimension="dnbeba_dim:CPS">
        <formula:member>
          <formula:qname>dnbeba_CT:x1</formula:qname>
        </formula:member>
      </formula:explicitDimension>
    </table:ruleNode>
    <table:definitionNodeSubtreeArc xlink:type="arc" xlink:arcrole="http://xbrl.org/arcrole/2014/definition-node-subtree" xlink:from="dnb-crd_c18215" xlink:to="dnb-crd_c18217" order="2" />
    <table:ruleNode xlink:type="resource" xlink:label="dnb-crd_c18218" id="dnb-crd_c18218">
      <formula:explicitDimension dimension="dnbeba_dim:CPS">
        <formula:member>
          <formula:qname>dnbeba_CT:x12</formula:qname>
        </formula:member>
      </formula:explicitDimension>
    </table:ruleNode>
    <table:definitionNodeSubtreeArc xlink:type="arc" xlink:arcrole="http://xbrl.org/arcrole/2014/definition-node-subtree" xlink:from="dnb-crd_c18215" xlink:to="dnb-crd_c18218" order="3" />
    <table:ruleNode xlink:type="resource" xlink:label="dnb-crd_c18219" id="dnb-crd_c18219">
      <formula:explicitDimension dimension="dnbeba_dim:CPS">
        <formula:member>
          <formula:qname>dnbeba_CT:x18</formula:qname>
        </formula:member>
      </formula:explicitDimension>
    </table:ruleNode>
    <table:definitionNodeSubtreeArc xlink:type="arc" xlink:arcrole="http://xbrl.org/arcrole/2014/definition-node-subtree" xlink:from="dnb-crd_c18215" xlink:to="dnb-crd_c18219" order="4" />
    <table:ruleNode xlink:type="resource" xlink:label="dnb-crd_c18220" id="dnb-crd_c18220">
      <formula:explicitDimension dimension="dnbeba_dim:CPS">
        <formula:member>
          <formula:qname>dnbeba_CT:x20</formula:qname>
        </formula:member>
      </formula:explicitDimension>
    </table:ruleNode>
    <table:definitionNodeSubtreeArc xlink:type="arc" xlink:arcrole="http://xbrl.org/arcrole/2014/definition-node-subtree" xlink:from="dnb-crd_c18215" xlink:to="dnb-crd_c18220" order="5" />
    <table:ruleNode xlink:type="resource" xlink:label="dnb-crd_c18221" id="dnb-crd_c18221">
      <formula:explicitDimension dimension="dnbeba_dim:CPS">
        <formula:member>
          <formula:qname>dnbeba_CT:x5</formula:qname>
        </formula:member>
      </formula:explicitDimension>
    </table:ruleNode>
    <table:definitionNodeSubtreeArc xlink:type="arc" xlink:arcrole="http://xbrl.org/arcrole/2014/definition-node-subtree" xlink:from="dnb-crd_c18215" xlink:to="dnb-crd_c18221" order="6" />
    <table:definitionNodeSubtreeArc xlink:type="arc" xlink:arcrole="http://xbrl.org/arcrole/2014/definition-node-subtree" xlink:from="dnb-crd_a2.root" xlink:to="dnb-crd_c18215" order="3" />
    <table:tableBreakdownArc xlink:type="arc" xlink:arcrole="http://xbrl.org/arcrole/2014/table-breakdown" xlink:from="dnb-crd_tF_09.02" xlink:to="dnb-crd_a2" axis="y" order="2" />
  </gen:link>
</link:linkbase>