﻿<?xml version="1.0" encoding="utf-8"?>
<!--© DNB-->
<link:linkbase xmlns:xsi="http://www.w3.org/2001/XMLSchema-instance" xmlns:xlink="http://www.w3.org/1999/xlink" xmlns:link="http://www.xbrl.org/2003/linkbase" xmlns:gen="http://xbrl.org/2008/generic" xmlns:label="http://xbrl.org/2008/label" xsi:schemaLocation="http://www.xbrl.org/2003/linkbase http://www.xbrl.org/2003/xbrl-linkbase-2003-12-31.xsd http://xbrl.org/2008/generic http://www.xbrl.org/2008/generic-link.xsd http://xbrl.org/2008/label http://www.xbrl.org/2008/generic-label.xsd">
  <link:arcroleRef arcroleURI="http://xbrl.org/arcrole/2008/element-label" xlink:type="simple" xlink:href="http://www.xbrl.org/2008/generic-label.xsd#element-label" />
  <link:roleRef roleURI="http://www.xbrl.org/2008/role/label" xlink:type="simple" xlink:href="http://www.xbrl.org/2008/generic-label.xsd#standard-label" />
  <link:roleRef roleURI="http://www.xbrl.org/2008/role/verboseLabel" xlink:type="simple" xlink:href="http://www.xbrl.org/2008/generic-label.xsd#verbose-label" />
  <gen:link xlink:type="extended" xlink:role="http://www.xbrl.org/2003/role/link">
    <link:loc xlink:type="locator" xlink:href="f_09.02-rend.xml#dnb-crd_tF_09.02" xlink:label="loc_dnb-crd_tF_09.02" />
    <label:label xlink:type="resource" xlink:label="label_dnb-crd_tF_09.02" xml:lang="en" xlink:role="http://www.xbrl.org/2008/role/label">F 09.02</label:label>
    <gen:arc xlink:type="arc" xlink:arcrole="http://xbrl.org/arcrole/2008/element-label" xlink:from="loc_dnb-crd_tF_09.02" xlink:to="label_dnb-crd_tF_09.02" />
    <label:label xlink:type="resource" xlink:label="label_dnb-crd_tF_09.02_1" xml:lang="en" xlink:role="http://www.xbrl.org/2008/role/verboseLabel">F 09.02 Loan commitments, financial guarantees and other commitments received</label:label>
    <gen:arc xlink:type="arc" xlink:arcrole="http://xbrl.org/arcrole/2008/element-label" xlink:from="loc_dnb-crd_tF_09.02" xlink:to="label_dnb-crd_tF_09.02_1" />
    <link:loc xlink:type="locator" xlink:href="f_09.02-rend.xml#dnb-crd_a1" xlink:label="loc_dnb-crd_a1" />
    <label:label xlink:type="resource" xlink:label="label_dnb-crd_a1" xml:lang="en" xlink:role="http://www.xbrl.org/2008/role/label">Columns</label:label>
    <gen:arc xlink:type="arc" xlink:arcrole="http://xbrl.org/arcrole/2008/element-label" xlink:from="loc_dnb-crd_a1" xlink:to="label_dnb-crd_a1" />
    <link:loc xlink:type="locator" xlink:href="f_09.02-rend.xml#dnb-crd_c18199" xlink:label="loc_dnb-crd_c18199" />
    <label:label xlink:type="resource" xlink:label="label_dnb-crd_c18199" xml:lang="en" xlink:role="http://www.xbrl.org/2008/role/label">Maximum collateral/guarantee that can be considered</label:label>
    <gen:arc xlink:type="arc" xlink:arcrole="http://xbrl.org/arcrole/2008/element-label" xlink:from="loc_dnb-crd_c18199" xlink:to="label_dnb-crd_c18199" />
    <link:loc xlink:type="locator" xlink:href="f_09.02-rend.xml#dnb-crd_c18200" xlink:label="loc_dnb-crd_c18200" />
    <label:label xlink:type="resource" xlink:label="label_dnb-crd_c18200" xml:lang="en" xlink:role="http://www.xbrl.org/2008/role/label">Nominal amount</label:label>
    <gen:arc xlink:type="arc" xlink:arcrole="http://xbrl.org/arcrole/2008/element-label" xlink:from="loc_dnb-crd_c18200" xlink:to="label_dnb-crd_c18200" />
    <link:loc xlink:type="locator" xlink:href="f_09.02-rend.xml#dnb-crd_a2" xlink:label="loc_dnb-crd_a2" />
    <label:label xlink:type="resource" xlink:label="label_dnb-crd_a2" xml:lang="en" xlink:role="http://www.xbrl.org/2008/role/label">Rows</label:label>
    <gen:arc xlink:type="arc" xlink:arcrole="http://xbrl.org/arcrole/2008/element-label" xlink:from="loc_dnb-crd_a2" xlink:to="label_dnb-crd_a2" />
    <link:loc xlink:type="locator" xlink:href="f_09.02-rend.xml#dnb-crd_c18201" xlink:label="loc_dnb-crd_c18201" />
    <label:label xlink:type="resource" xlink:label="label_dnb-crd_c18201" xml:lang="en" xlink:role="http://www.xbrl.org/2008/role/label">Loan commitments received</label:label>
    <gen:arc xlink:type="arc" xlink:arcrole="http://xbrl.org/arcrole/2008/element-label" xlink:from="loc_dnb-crd_c18201" xlink:to="label_dnb-crd_c18201" />
    <link:loc xlink:type="locator" xlink:href="f_09.02-rend.xml#dnb-crd_c18202" xlink:label="loc_dnb-crd_c18202" />
    <label:label xlink:type="resource" xlink:label="label_dnb-crd_c18202" xml:lang="en" xlink:role="http://www.xbrl.org/2008/role/label">Central banks</label:label>
    <gen:arc xlink:type="arc" xlink:arcrole="http://xbrl.org/arcrole/2008/element-label" xlink:from="loc_dnb-crd_c18202" xlink:to="label_dnb-crd_c18202" />
    <link:loc xlink:type="locator" xlink:href="f_09.02-rend.xml#dnb-crd_c18203" xlink:label="loc_dnb-crd_c18203" />
    <label:label xlink:type="resource" xlink:label="label_dnb-crd_c18203" xml:lang="en" xlink:role="http://www.xbrl.org/2008/role/label">General governments</label:label>
    <gen:arc xlink:type="arc" xlink:arcrole="http://xbrl.org/arcrole/2008/element-label" xlink:from="loc_dnb-crd_c18203" xlink:to="label_dnb-crd_c18203" />
    <link:loc xlink:type="locator" xlink:href="f_09.02-rend.xml#dnb-crd_c18204" xlink:label="loc_dnb-crd_c18204" />
    <label:label xlink:type="resource" xlink:label="label_dnb-crd_c18204" xml:lang="en" xlink:role="http://www.xbrl.org/2008/role/label">Credit institutions</label:label>
    <gen:arc xlink:type="arc" xlink:arcrole="http://xbrl.org/arcrole/2008/element-label" xlink:from="loc_dnb-crd_c18204" xlink:to="label_dnb-crd_c18204" />
    <link:loc xlink:type="locator" xlink:href="f_09.02-rend.xml#dnb-crd_c18205" xlink:label="loc_dnb-crd_c18205" />
    <label:label xlink:type="resource" xlink:label="label_dnb-crd_c18205" xml:lang="en" xlink:role="http://www.xbrl.org/2008/role/label">Other financial corporations</label:label>
    <gen:arc xlink:type="arc" xlink:arcrole="http://xbrl.org/arcrole/2008/element-label" xlink:from="loc_dnb-crd_c18205" xlink:to="label_dnb-crd_c18205" />
    <link:loc xlink:type="locator" xlink:href="f_09.02-rend.xml#dnb-crd_c18206" xlink:label="loc_dnb-crd_c18206" />
    <label:label xlink:type="resource" xlink:label="label_dnb-crd_c18206" xml:lang="en" xlink:role="http://www.xbrl.org/2008/role/label">Non-financial corporations</label:label>
    <gen:arc xlink:type="arc" xlink:arcrole="http://xbrl.org/arcrole/2008/element-label" xlink:from="loc_dnb-crd_c18206" xlink:to="label_dnb-crd_c18206" />
    <link:loc xlink:type="locator" xlink:href="f_09.02-rend.xml#dnb-crd_c18207" xlink:label="loc_dnb-crd_c18207" />
    <label:label xlink:type="resource" xlink:label="label_dnb-crd_c18207" xml:lang="en" xlink:role="http://www.xbrl.org/2008/role/label">Households</label:label>
    <gen:arc xlink:type="arc" xlink:arcrole="http://xbrl.org/arcrole/2008/element-label" xlink:from="loc_dnb-crd_c18207" xlink:to="label_dnb-crd_c18207" />
    <link:loc xlink:type="locator" xlink:href="f_09.02-rend.xml#dnb-crd_c18208" xlink:label="loc_dnb-crd_c18208" />
    <label:label xlink:type="resource" xlink:label="label_dnb-crd_c18208" xml:lang="en" xlink:role="http://www.xbrl.org/2008/role/label">Financial guarantees received</label:label>
    <gen:arc xlink:type="arc" xlink:arcrole="http://xbrl.org/arcrole/2008/element-label" xlink:from="loc_dnb-crd_c18208" xlink:to="label_dnb-crd_c18208" />
    <link:loc xlink:type="locator" xlink:href="f_09.02-rend.xml#dnb-crd_c18209" xlink:label="loc_dnb-crd_c18209" />
    <label:label xlink:type="resource" xlink:label="label_dnb-crd_c18209" xml:lang="en" xlink:role="http://www.xbrl.org/2008/role/label">Central banks</label:label>
    <gen:arc xlink:type="arc" xlink:arcrole="http://xbrl.org/arcrole/2008/element-label" xlink:from="loc_dnb-crd_c18209" xlink:to="label_dnb-crd_c18209" />
    <link:loc xlink:type="locator" xlink:href="f_09.02-rend.xml#dnb-crd_c18210" xlink:label="loc_dnb-crd_c18210" />
    <label:label xlink:type="resource" xlink:label="label_dnb-crd_c18210" xml:lang="en" xlink:role="http://www.xbrl.org/2008/role/label">General governments</label:label>
    <gen:arc xlink:type="arc" xlink:arcrole="http://xbrl.org/arcrole/2008/element-label" xlink:from="loc_dnb-crd_c18210" xlink:to="label_dnb-crd_c18210" />
    <link:loc xlink:type="locator" xlink:href="f_09.02-rend.xml#dnb-crd_c18211" xlink:label="loc_dnb-crd_c18211" />
    <label:label xlink:type="resource" xlink:label="label_dnb-crd_c18211" xml:lang="en" xlink:role="http://www.xbrl.org/2008/role/label">Credit institutions</label:label>
    <gen:arc xlink:type="arc" xlink:arcrole="http://xbrl.org/arcrole/2008/element-label" xlink:from="loc_dnb-crd_c18211" xlink:to="label_dnb-crd_c18211" />
    <link:loc xlink:type="locator" xlink:href="f_09.02-rend.xml#dnb-crd_c18212" xlink:label="loc_dnb-crd_c18212" />
    <label:label xlink:type="resource" xlink:label="label_dnb-crd_c18212" xml:lang="en" xlink:role="http://www.xbrl.org/2008/role/label">Other financial corporations</label:label>
    <gen:arc xlink:type="arc" xlink:arcrole="http://xbrl.org/arcrole/2008/element-label" xlink:from="loc_dnb-crd_c18212" xlink:to="label_dnb-crd_c18212" />
    <link:loc xlink:type="locator" xlink:href="f_09.02-rend.xml#dnb-crd_c18213" xlink:label="loc_dnb-crd_c18213" />
    <label:label xlink:type="resource" xlink:label="label_dnb-crd_c18213" xml:lang="en" xlink:role="http://www.xbrl.org/2008/role/label">Non-financial corporations</label:label>
    <gen:arc xlink:type="arc" xlink:arcrole="http://xbrl.org/arcrole/2008/element-label" xlink:from="loc_dnb-crd_c18213" xlink:to="label_dnb-crd_c18213" />
    <link:loc xlink:type="locator" xlink:href="f_09.02-rend.xml#dnb-crd_c18214" xlink:label="loc_dnb-crd_c18214" />
    <label:label xlink:type="resource" xlink:label="label_dnb-crd_c18214" xml:lang="en" xlink:role="http://www.xbrl.org/2008/role/label">Households</label:label>
    <gen:arc xlink:type="arc" xlink:arcrole="http://xbrl.org/arcrole/2008/element-label" xlink:from="loc_dnb-crd_c18214" xlink:to="label_dnb-crd_c18214" />
    <link:loc xlink:type="locator" xlink:href="f_09.02-rend.xml#dnb-crd_c18215" xlink:label="loc_dnb-crd_c18215" />
    <label:label xlink:type="resource" xlink:label="label_dnb-crd_c18215" xml:lang="en" xlink:role="http://www.xbrl.org/2008/role/label">Other Commitments Received</label:label>
    <gen:arc xlink:type="arc" xlink:arcrole="http://xbrl.org/arcrole/2008/element-label" xlink:from="loc_dnb-crd_c18215" xlink:to="label_dnb-crd_c18215" />
    <link:loc xlink:type="locator" xlink:href="f_09.02-rend.xml#dnb-crd_c18216" xlink:label="loc_dnb-crd_c18216" />
    <label:label xlink:type="resource" xlink:label="label_dnb-crd_c18216" xml:lang="en" xlink:role="http://www.xbrl.org/2008/role/label">Central banks</label:label>
    <gen:arc xlink:type="arc" xlink:arcrole="http://xbrl.org/arcrole/2008/element-label" xlink:from="loc_dnb-crd_c18216" xlink:to="label_dnb-crd_c18216" />
    <link:loc xlink:type="locator" xlink:href="f_09.02-rend.xml#dnb-crd_c18217" xlink:label="loc_dnb-crd_c18217" />
    <label:label xlink:type="resource" xlink:label="label_dnb-crd_c18217" xml:lang="en" xlink:role="http://www.xbrl.org/2008/role/label">General governments</label:label>
    <gen:arc xlink:type="arc" xlink:arcrole="http://xbrl.org/arcrole/2008/element-label" xlink:from="loc_dnb-crd_c18217" xlink:to="label_dnb-crd_c18217" />
    <link:loc xlink:type="locator" xlink:href="f_09.02-rend.xml#dnb-crd_c18218" xlink:label="loc_dnb-crd_c18218" />
    <label:label xlink:type="resource" xlink:label="label_dnb-crd_c18218" xml:lang="en" xlink:role="http://www.xbrl.org/2008/role/label">Credit institutions</label:label>
    <gen:arc xlink:type="arc" xlink:arcrole="http://xbrl.org/arcrole/2008/element-label" xlink:from="loc_dnb-crd_c18218" xlink:to="label_dnb-crd_c18218" />
    <link:loc xlink:type="locator" xlink:href="f_09.02-rend.xml#dnb-crd_c18219" xlink:label="loc_dnb-crd_c18219" />
    <label:label xlink:type="resource" xlink:label="label_dnb-crd_c18219" xml:lang="en" xlink:role="http://www.xbrl.org/2008/role/label">Other financial corporations</label:label>
    <gen:arc xlink:type="arc" xlink:arcrole="http://xbrl.org/arcrole/2008/element-label" xlink:from="loc_dnb-crd_c18219" xlink:to="label_dnb-crd_c18219" />
    <link:loc xlink:type="locator" xlink:href="f_09.02-rend.xml#dnb-crd_c18220" xlink:label="loc_dnb-crd_c18220" />
    <label:label xlink:type="resource" xlink:label="label_dnb-crd_c18220" xml:lang="en" xlink:role="http://www.xbrl.org/2008/role/label">Non-financial corporations</label:label>
    <gen:arc xlink:type="arc" xlink:arcrole="http://xbrl.org/arcrole/2008/element-label" xlink:from="loc_dnb-crd_c18220" xlink:to="label_dnb-crd_c18220" />
    <link:loc xlink:type="locator" xlink:href="f_09.02-rend.xml#dnb-crd_c18221" xlink:label="loc_dnb-crd_c18221" />
    <label:label xlink:type="resource" xlink:label="label_dnb-crd_c18221" xml:lang="en" xlink:role="http://www.xbrl.org/2008/role/label">Households</label:label>
    <gen:arc xlink:type="arc" xlink:arcrole="http://xbrl.org/arcrole/2008/element-label" xlink:from="loc_dnb-crd_c18221" xlink:to="label_dnb-crd_c18221" />
  </gen:link>
</link:linkbase>