﻿<?xml version="1.0" encoding="utf-8"?>
<!--© DNB-->
<link:linkbase xmlns:xsi="http://www.w3.org/2001/XMLSchema-instance" xmlns:xlink="http://www.w3.org/1999/xlink" xmlns:link="http://www.xbrl.org/2003/linkbase" xmlns:gen="http://xbrl.org/2008/generic" xmlns:label="http://xbrl.org/2008/label" xsi:schemaLocation="http://www.xbrl.org/2003/linkbase http://www.xbrl.org/2003/xbrl-linkbase-2003-12-31.xsd http://xbrl.org/2008/generic http://www.xbrl.org/2008/generic-link.xsd http://xbrl.org/2008/label http://www.xbrl.org/2008/generic-label.xsd">
  <link:arcroleRef arcroleURI="http://xbrl.org/arcrole/2008/element-label" xlink:type="simple" xlink:href="http://www.xbrl.org/2008/generic-label.xsd#element-label" />
  <link:roleRef roleURI="http://www.eurofiling.info/xbrl/role/filing-indicator-code" xlink:type="simple" xlink:href="http://www.eurofiling.info/eu/fr/xbrl/ext/model.xsd#filing-indicator-code" />
  <link:roleRef roleURI="http://www.eurofiling.info/xbrl/role/rc-code" xlink:type="simple" xlink:href="http://www.eurofiling.info/eu/fr/xbrl/ext/model.xsd#rc-code" />
  <gen:link xlink:type="extended" xlink:role="http://www.xbrl.org/2003/role/link">
    <link:loc xlink:type="locator" xlink:href="f_01.02-rend.xml#dnb-crd_tF_01.02" xlink:label="loc_dnb-crd_tF_01.02" />
    <label:label xlink:type="resource" xlink:label="label_dnb-crd_tF_01.02" xml:lang="en" xlink:role="http://www.eurofiling.info/xbrl/role/rc-code">F 01.02</label:label>
    <gen:arc xlink:type="arc" xlink:arcrole="http://xbrl.org/arcrole/2008/element-label" xlink:from="loc_dnb-crd_tF_01.02" xlink:to="label_dnb-crd_tF_01.02" />
    <link:loc xlink:type="locator" xlink:href="f_01.02-rend.xml#dnb-crd_c41691" xlink:label="loc_dnb-crd_c41691" />
    <label:label xlink:type="resource" xlink:label="label_dnb-crd_c41691" xml:lang="en" xlink:role="http://www.eurofiling.info/xbrl/role/rc-code">010</label:label>
    <gen:arc xlink:type="arc" xlink:arcrole="http://xbrl.org/arcrole/2008/element-label" xlink:from="loc_dnb-crd_c41691" xlink:to="label_dnb-crd_c41691" />
    <link:loc xlink:type="locator" xlink:href="f_01.02-rend.xml#dnb-crd_c41692" xlink:label="loc_dnb-crd_c41692" />
    <label:label xlink:type="resource" xlink:label="label_dnb-crd_c41692" xml:lang="en" xlink:role="http://www.eurofiling.info/xbrl/role/rc-code">010</label:label>
    <gen:arc xlink:type="arc" xlink:arcrole="http://xbrl.org/arcrole/2008/element-label" xlink:from="loc_dnb-crd_c41692" xlink:to="label_dnb-crd_c41692" />
    <link:loc xlink:type="locator" xlink:href="f_01.02-rend.xml#dnb-crd_c41693" xlink:label="loc_dnb-crd_c41693" />
    <label:label xlink:type="resource" xlink:label="label_dnb-crd_c41693" xml:lang="en" xlink:role="http://www.eurofiling.info/xbrl/role/rc-code">020</label:label>
    <gen:arc xlink:type="arc" xlink:arcrole="http://xbrl.org/arcrole/2008/element-label" xlink:from="loc_dnb-crd_c41693" xlink:to="label_dnb-crd_c41693" />
    <link:loc xlink:type="locator" xlink:href="f_01.02-rend.xml#dnb-crd_c41694" xlink:label="loc_dnb-crd_c41694" />
    <label:label xlink:type="resource" xlink:label="label_dnb-crd_c41694" xml:lang="en" xlink:role="http://www.eurofiling.info/xbrl/role/rc-code">030</label:label>
    <gen:arc xlink:type="arc" xlink:arcrole="http://xbrl.org/arcrole/2008/element-label" xlink:from="loc_dnb-crd_c41694" xlink:to="label_dnb-crd_c41694" />
    <link:loc xlink:type="locator" xlink:href="f_01.02-rend.xml#dnb-crd_c41695" xlink:label="loc_dnb-crd_c41695" />
    <label:label xlink:type="resource" xlink:label="label_dnb-crd_c41695" xml:lang="en" xlink:role="http://www.eurofiling.info/xbrl/role/rc-code">040</label:label>
    <gen:arc xlink:type="arc" xlink:arcrole="http://xbrl.org/arcrole/2008/element-label" xlink:from="loc_dnb-crd_c41695" xlink:to="label_dnb-crd_c41695" />
    <link:loc xlink:type="locator" xlink:href="f_01.02-rend.xml#dnb-crd_c41696" xlink:label="loc_dnb-crd_c41696" />
    <label:label xlink:type="resource" xlink:label="label_dnb-crd_c41696" xml:lang="en" xlink:role="http://www.eurofiling.info/xbrl/role/rc-code">050</label:label>
    <gen:arc xlink:type="arc" xlink:arcrole="http://xbrl.org/arcrole/2008/element-label" xlink:from="loc_dnb-crd_c41696" xlink:to="label_dnb-crd_c41696" />
    <link:loc xlink:type="locator" xlink:href="f_01.02-rend.xml#dnb-crd_c41697" xlink:label="loc_dnb-crd_c41697" />
    <label:label xlink:type="resource" xlink:label="label_dnb-crd_c41697" xml:lang="en" xlink:role="http://www.eurofiling.info/xbrl/role/rc-code">060</label:label>
    <gen:arc xlink:type="arc" xlink:arcrole="http://xbrl.org/arcrole/2008/element-label" xlink:from="loc_dnb-crd_c41697" xlink:to="label_dnb-crd_c41697" />
    <link:loc xlink:type="locator" xlink:href="f_01.02-rend.xml#dnb-crd_c41698" xlink:label="loc_dnb-crd_c41698" />
    <label:label xlink:type="resource" xlink:label="label_dnb-crd_c41698" xml:lang="en" xlink:role="http://www.eurofiling.info/xbrl/role/rc-code">061</label:label>
    <gen:arc xlink:type="arc" xlink:arcrole="http://xbrl.org/arcrole/2008/element-label" xlink:from="loc_dnb-crd_c41698" xlink:to="label_dnb-crd_c41698" />
    <link:loc xlink:type="locator" xlink:href="f_01.02-rend.xml#dnb-crd_c41699" xlink:label="loc_dnb-crd_c41699" />
    <label:label xlink:type="resource" xlink:label="label_dnb-crd_c41699" xml:lang="en" xlink:role="http://www.eurofiling.info/xbrl/role/rc-code">062</label:label>
    <gen:arc xlink:type="arc" xlink:arcrole="http://xbrl.org/arcrole/2008/element-label" xlink:from="loc_dnb-crd_c41699" xlink:to="label_dnb-crd_c41699" />
    <link:loc xlink:type="locator" xlink:href="f_01.02-rend.xml#dnb-crd_c41700" xlink:label="loc_dnb-crd_c41700" />
    <label:label xlink:type="resource" xlink:label="label_dnb-crd_c41700" xml:lang="en" xlink:role="http://www.eurofiling.info/xbrl/role/rc-code">063</label:label>
    <gen:arc xlink:type="arc" xlink:arcrole="http://xbrl.org/arcrole/2008/element-label" xlink:from="loc_dnb-crd_c41700" xlink:to="label_dnb-crd_c41700" />
    <link:loc xlink:type="locator" xlink:href="f_01.02-rend.xml#dnb-crd_c41701" xlink:label="loc_dnb-crd_c41701" />
    <label:label xlink:type="resource" xlink:label="label_dnb-crd_c41701" xml:lang="en" xlink:role="http://www.eurofiling.info/xbrl/role/rc-code">064</label:label>
    <gen:arc xlink:type="arc" xlink:arcrole="http://xbrl.org/arcrole/2008/element-label" xlink:from="loc_dnb-crd_c41701" xlink:to="label_dnb-crd_c41701" />
    <link:loc xlink:type="locator" xlink:href="f_01.02-rend.xml#dnb-crd_c41702" xlink:label="loc_dnb-crd_c41702" />
    <label:label xlink:type="resource" xlink:label="label_dnb-crd_c41702" xml:lang="en" xlink:role="http://www.eurofiling.info/xbrl/role/rc-code">065</label:label>
    <gen:arc xlink:type="arc" xlink:arcrole="http://xbrl.org/arcrole/2008/element-label" xlink:from="loc_dnb-crd_c41702" xlink:to="label_dnb-crd_c41702" />
    <link:loc xlink:type="locator" xlink:href="f_01.02-rend.xml#dnb-crd_c41703" xlink:label="loc_dnb-crd_c41703" />
    <label:label xlink:type="resource" xlink:label="label_dnb-crd_c41703" xml:lang="en" xlink:role="http://www.eurofiling.info/xbrl/role/rc-code">066</label:label>
    <gen:arc xlink:type="arc" xlink:arcrole="http://xbrl.org/arcrole/2008/element-label" xlink:from="loc_dnb-crd_c41703" xlink:to="label_dnb-crd_c41703" />
    <link:loc xlink:type="locator" xlink:href="f_01.02-rend.xml#dnb-crd_c41738" xlink:label="loc_dnb-crd_c41738" />
    <label:label xlink:type="resource" xlink:label="label_dnb-crd_c41738" xml:lang="en" xlink:role="http://www.eurofiling.info/xbrl/role/rc-code">067</label:label>
    <gen:arc xlink:type="arc" xlink:arcrole="http://xbrl.org/arcrole/2008/element-label" xlink:from="loc_dnb-crd_c41738" xlink:to="label_dnb-crd_c41738" />
    <link:loc xlink:type="locator" xlink:href="f_01.02-rend.xml#dnb-crd_c41739" xlink:label="loc_dnb-crd_c41739" />
    <label:label xlink:type="resource" xlink:label="label_dnb-crd_c41739" xml:lang="en" xlink:role="http://www.eurofiling.info/xbrl/role/rc-code">068</label:label>
    <gen:arc xlink:type="arc" xlink:arcrole="http://xbrl.org/arcrole/2008/element-label" xlink:from="loc_dnb-crd_c41739" xlink:to="label_dnb-crd_c41739" />
    <link:loc xlink:type="locator" xlink:href="f_01.02-rend.xml#dnb-crd_c41704" xlink:label="loc_dnb-crd_c41704" />
    <label:label xlink:type="resource" xlink:label="label_dnb-crd_c41704" xml:lang="en" xlink:role="http://www.eurofiling.info/xbrl/role/rc-code">070</label:label>
    <gen:arc xlink:type="arc" xlink:arcrole="http://xbrl.org/arcrole/2008/element-label" xlink:from="loc_dnb-crd_c41704" xlink:to="label_dnb-crd_c41704" />
    <link:loc xlink:type="locator" xlink:href="f_01.02-rend.xml#dnb-crd_c41705" xlink:label="loc_dnb-crd_c41705" />
    <label:label xlink:type="resource" xlink:label="label_dnb-crd_c41705" xml:lang="en" xlink:role="http://www.eurofiling.info/xbrl/role/rc-code">080</label:label>
    <gen:arc xlink:type="arc" xlink:arcrole="http://xbrl.org/arcrole/2008/element-label" xlink:from="loc_dnb-crd_c41705" xlink:to="label_dnb-crd_c41705" />
    <link:loc xlink:type="locator" xlink:href="f_01.02-rend.xml#dnb-crd_c41706" xlink:label="loc_dnb-crd_c41706" />
    <label:label xlink:type="resource" xlink:label="label_dnb-crd_c41706" xml:lang="en" xlink:role="http://www.eurofiling.info/xbrl/role/rc-code">090</label:label>
    <gen:arc xlink:type="arc" xlink:arcrole="http://xbrl.org/arcrole/2008/element-label" xlink:from="loc_dnb-crd_c41706" xlink:to="label_dnb-crd_c41706" />
    <link:loc xlink:type="locator" xlink:href="f_01.02-rend.xml#dnb-crd_c41707" xlink:label="loc_dnb-crd_c41707" />
    <label:label xlink:type="resource" xlink:label="label_dnb-crd_c41707" xml:lang="en" xlink:role="http://www.eurofiling.info/xbrl/role/rc-code">100</label:label>
    <gen:arc xlink:type="arc" xlink:arcrole="http://xbrl.org/arcrole/2008/element-label" xlink:from="loc_dnb-crd_c41707" xlink:to="label_dnb-crd_c41707" />
    <link:loc xlink:type="locator" xlink:href="f_01.02-rend.xml#dnb-crd_c41708" xlink:label="loc_dnb-crd_c41708" />
    <label:label xlink:type="resource" xlink:label="label_dnb-crd_c41708" xml:lang="en" xlink:role="http://www.eurofiling.info/xbrl/role/rc-code">110</label:label>
    <gen:arc xlink:type="arc" xlink:arcrole="http://xbrl.org/arcrole/2008/element-label" xlink:from="loc_dnb-crd_c41708" xlink:to="label_dnb-crd_c41708" />
    <link:loc xlink:type="locator" xlink:href="f_01.02-rend.xml#dnb-crd_c41709" xlink:label="loc_dnb-crd_c41709" />
    <label:label xlink:type="resource" xlink:label="label_dnb-crd_c41709" xml:lang="en" xlink:role="http://www.eurofiling.info/xbrl/role/rc-code">120</label:label>
    <gen:arc xlink:type="arc" xlink:arcrole="http://xbrl.org/arcrole/2008/element-label" xlink:from="loc_dnb-crd_c41709" xlink:to="label_dnb-crd_c41709" />
    <link:loc xlink:type="locator" xlink:href="f_01.02-rend.xml#dnb-crd_c41710" xlink:label="loc_dnb-crd_c41710" />
    <label:label xlink:type="resource" xlink:label="label_dnb-crd_c41710" xml:lang="en" xlink:role="http://www.eurofiling.info/xbrl/role/rc-code">130</label:label>
    <gen:arc xlink:type="arc" xlink:arcrole="http://xbrl.org/arcrole/2008/element-label" xlink:from="loc_dnb-crd_c41710" xlink:to="label_dnb-crd_c41710" />
    <link:loc xlink:type="locator" xlink:href="f_01.02-rend.xml#dnb-crd_c41711" xlink:label="loc_dnb-crd_c41711" />
    <label:label xlink:type="resource" xlink:label="label_dnb-crd_c41711" xml:lang="en" xlink:role="http://www.eurofiling.info/xbrl/role/rc-code">140</label:label>
    <gen:arc xlink:type="arc" xlink:arcrole="http://xbrl.org/arcrole/2008/element-label" xlink:from="loc_dnb-crd_c41711" xlink:to="label_dnb-crd_c41711" />
    <link:loc xlink:type="locator" xlink:href="f_01.02-rend.xml#dnb-crd_c41712" xlink:label="loc_dnb-crd_c41712" />
    <label:label xlink:type="resource" xlink:label="label_dnb-crd_c41712" xml:lang="en" xlink:role="http://www.eurofiling.info/xbrl/role/rc-code">141</label:label>
    <gen:arc xlink:type="arc" xlink:arcrole="http://xbrl.org/arcrole/2008/element-label" xlink:from="loc_dnb-crd_c41712" xlink:to="label_dnb-crd_c41712" />
    <link:loc xlink:type="locator" xlink:href="f_01.02-rend.xml#dnb-crd_c41713" xlink:label="loc_dnb-crd_c41713" />
    <label:label xlink:type="resource" xlink:label="label_dnb-crd_c41713" xml:lang="en" xlink:role="http://www.eurofiling.info/xbrl/role/rc-code">142</label:label>
    <gen:arc xlink:type="arc" xlink:arcrole="http://xbrl.org/arcrole/2008/element-label" xlink:from="loc_dnb-crd_c41713" xlink:to="label_dnb-crd_c41713" />
    <link:loc xlink:type="locator" xlink:href="f_01.02-rend.xml#dnb-crd_c41714" xlink:label="loc_dnb-crd_c41714" />
    <label:label xlink:type="resource" xlink:label="label_dnb-crd_c41714" xml:lang="en" xlink:role="http://www.eurofiling.info/xbrl/role/rc-code">143</label:label>
    <gen:arc xlink:type="arc" xlink:arcrole="http://xbrl.org/arcrole/2008/element-label" xlink:from="loc_dnb-crd_c41714" xlink:to="label_dnb-crd_c41714" />
    <link:loc xlink:type="locator" xlink:href="f_01.02-rend.xml#dnb-crd_c41733" xlink:label="loc_dnb-crd_c41733" />
    <label:label xlink:type="resource" xlink:label="label_dnb-crd_c41733" xml:lang="en" xlink:role="http://www.eurofiling.info/xbrl/role/rc-code">143.1</label:label>
    <gen:arc xlink:type="arc" xlink:arcrole="http://xbrl.org/arcrole/2008/element-label" xlink:from="loc_dnb-crd_c41733" xlink:to="label_dnb-crd_c41733" />
    <link:loc xlink:type="locator" xlink:href="f_01.02-rend.xml#dnb-crd_c41742" xlink:label="loc_dnb-crd_c41742" />
    <label:label xlink:type="resource" xlink:label="label_dnb-crd_c41742" xml:lang="en" xlink:role="http://www.eurofiling.info/xbrl/role/rc-code">143.11</label:label>
    <gen:arc xlink:type="arc" xlink:arcrole="http://xbrl.org/arcrole/2008/element-label" xlink:from="loc_dnb-crd_c41742" xlink:to="label_dnb-crd_c41742" />
    <link:loc xlink:type="locator" xlink:href="f_01.02-rend.xml#dnb-crd_c41734" xlink:label="loc_dnb-crd_c41734" />
    <label:label xlink:type="resource" xlink:label="label_dnb-crd_c41734" xml:lang="en" xlink:role="http://www.eurofiling.info/xbrl/role/rc-code">143.12</label:label>
    <gen:arc xlink:type="arc" xlink:arcrole="http://xbrl.org/arcrole/2008/element-label" xlink:from="loc_dnb-crd_c41734" xlink:to="label_dnb-crd_c41734" />
    <link:loc xlink:type="locator" xlink:href="f_01.02-rend.xml#dnb-crd_c41735" xlink:label="loc_dnb-crd_c41735" />
    <label:label xlink:type="resource" xlink:label="label_dnb-crd_c41735" xml:lang="en" xlink:role="http://www.eurofiling.info/xbrl/role/rc-code">143.13</label:label>
    <gen:arc xlink:type="arc" xlink:arcrole="http://xbrl.org/arcrole/2008/element-label" xlink:from="loc_dnb-crd_c41735" xlink:to="label_dnb-crd_c41735" />
    <link:loc xlink:type="locator" xlink:href="f_01.02-rend.xml#dnb-crd_c41715" xlink:label="loc_dnb-crd_c41715" />
    <label:label xlink:type="resource" xlink:label="label_dnb-crd_c41715" xml:lang="en" xlink:role="http://www.eurofiling.info/xbrl/role/rc-code">144</label:label>
    <gen:arc xlink:type="arc" xlink:arcrole="http://xbrl.org/arcrole/2008/element-label" xlink:from="loc_dnb-crd_c41715" xlink:to="label_dnb-crd_c41715" />
    <link:loc xlink:type="locator" xlink:href="f_01.02-rend.xml#dnb-crd_c41740" xlink:label="loc_dnb-crd_c41740" />
    <label:label xlink:type="resource" xlink:label="label_dnb-crd_c41740" xml:lang="en" xlink:role="http://www.eurofiling.info/xbrl/role/rc-code">145</label:label>
    <gen:arc xlink:type="arc" xlink:arcrole="http://xbrl.org/arcrole/2008/element-label" xlink:from="loc_dnb-crd_c41740" xlink:to="label_dnb-crd_c41740" />
    <link:loc xlink:type="locator" xlink:href="f_01.02-rend.xml#dnb-crd_c41741" xlink:label="loc_dnb-crd_c41741" />
    <label:label xlink:type="resource" xlink:label="label_dnb-crd_c41741" xml:lang="en" xlink:role="http://www.eurofiling.info/xbrl/role/rc-code">146</label:label>
    <gen:arc xlink:type="arc" xlink:arcrole="http://xbrl.org/arcrole/2008/element-label" xlink:from="loc_dnb-crd_c41741" xlink:to="label_dnb-crd_c41741" />
    <link:loc xlink:type="locator" xlink:href="f_01.02-rend.xml#dnb-crd_c41716" xlink:label="loc_dnb-crd_c41716" />
    <label:label xlink:type="resource" xlink:label="label_dnb-crd_c41716" xml:lang="en" xlink:role="http://www.eurofiling.info/xbrl/role/rc-code">150</label:label>
    <gen:arc xlink:type="arc" xlink:arcrole="http://xbrl.org/arcrole/2008/element-label" xlink:from="loc_dnb-crd_c41716" xlink:to="label_dnb-crd_c41716" />
    <link:loc xlink:type="locator" xlink:href="f_01.02-rend.xml#dnb-crd_c41717" xlink:label="loc_dnb-crd_c41717" />
    <label:label xlink:type="resource" xlink:label="label_dnb-crd_c41717" xml:lang="en" xlink:role="http://www.eurofiling.info/xbrl/role/rc-code">160</label:label>
    <gen:arc xlink:type="arc" xlink:arcrole="http://xbrl.org/arcrole/2008/element-label" xlink:from="loc_dnb-crd_c41717" xlink:to="label_dnb-crd_c41717" />
    <link:loc xlink:type="locator" xlink:href="f_01.02-rend.xml#dnb-crd_c41718" xlink:label="loc_dnb-crd_c41718" />
    <label:label xlink:type="resource" xlink:label="label_dnb-crd_c41718" xml:lang="en" xlink:role="http://www.eurofiling.info/xbrl/role/rc-code">170</label:label>
    <gen:arc xlink:type="arc" xlink:arcrole="http://xbrl.org/arcrole/2008/element-label" xlink:from="loc_dnb-crd_c41718" xlink:to="label_dnb-crd_c41718" />
    <link:loc xlink:type="locator" xlink:href="f_01.02-rend.xml#dnb-crd_c41719" xlink:label="loc_dnb-crd_c41719" />
    <label:label xlink:type="resource" xlink:label="label_dnb-crd_c41719" xml:lang="en" xlink:role="http://www.eurofiling.info/xbrl/role/rc-code">175</label:label>
    <gen:arc xlink:type="arc" xlink:arcrole="http://xbrl.org/arcrole/2008/element-label" xlink:from="loc_dnb-crd_c41719" xlink:to="label_dnb-crd_c41719" />
    <link:loc xlink:type="locator" xlink:href="f_01.02-rend.xml#dnb-crd_c41720" xlink:label="loc_dnb-crd_c41720" />
    <label:label xlink:type="resource" xlink:label="label_dnb-crd_c41720" xml:lang="en" xlink:role="http://www.eurofiling.info/xbrl/role/rc-code">180</label:label>
    <gen:arc xlink:type="arc" xlink:arcrole="http://xbrl.org/arcrole/2008/element-label" xlink:from="loc_dnb-crd_c41720" xlink:to="label_dnb-crd_c41720" />
    <link:loc xlink:type="locator" xlink:href="f_01.02-rend.xml#dnb-crd_c41721" xlink:label="loc_dnb-crd_c41721" />
    <label:label xlink:type="resource" xlink:label="label_dnb-crd_c41721" xml:lang="en" xlink:role="http://www.eurofiling.info/xbrl/role/rc-code">190</label:label>
    <gen:arc xlink:type="arc" xlink:arcrole="http://xbrl.org/arcrole/2008/element-label" xlink:from="loc_dnb-crd_c41721" xlink:to="label_dnb-crd_c41721" />
    <link:loc xlink:type="locator" xlink:href="f_01.02-rend.xml#dnb-crd_c41722" xlink:label="loc_dnb-crd_c41722" />
    <label:label xlink:type="resource" xlink:label="label_dnb-crd_c41722" xml:lang="en" xlink:role="http://www.eurofiling.info/xbrl/role/rc-code">200</label:label>
    <gen:arc xlink:type="arc" xlink:arcrole="http://xbrl.org/arcrole/2008/element-label" xlink:from="loc_dnb-crd_c41722" xlink:to="label_dnb-crd_c41722" />
    <link:loc xlink:type="locator" xlink:href="f_01.02-rend.xml#dnb-crd_c41723" xlink:label="loc_dnb-crd_c41723" />
    <label:label xlink:type="resource" xlink:label="label_dnb-crd_c41723" xml:lang="en" xlink:role="http://www.eurofiling.info/xbrl/role/rc-code">210</label:label>
    <gen:arc xlink:type="arc" xlink:arcrole="http://xbrl.org/arcrole/2008/element-label" xlink:from="loc_dnb-crd_c41723" xlink:to="label_dnb-crd_c41723" />
    <link:loc xlink:type="locator" xlink:href="f_01.02-rend.xml#dnb-crd_c41724" xlink:label="loc_dnb-crd_c41724" />
    <label:label xlink:type="resource" xlink:label="label_dnb-crd_c41724" xml:lang="en" xlink:role="http://www.eurofiling.info/xbrl/role/rc-code">220</label:label>
    <gen:arc xlink:type="arc" xlink:arcrole="http://xbrl.org/arcrole/2008/element-label" xlink:from="loc_dnb-crd_c41724" xlink:to="label_dnb-crd_c41724" />
    <link:loc xlink:type="locator" xlink:href="f_01.02-rend.xml#dnb-crd_c41725" xlink:label="loc_dnb-crd_c41725" />
    <label:label xlink:type="resource" xlink:label="label_dnb-crd_c41725" xml:lang="en" xlink:role="http://www.eurofiling.info/xbrl/role/rc-code">230</label:label>
    <gen:arc xlink:type="arc" xlink:arcrole="http://xbrl.org/arcrole/2008/element-label" xlink:from="loc_dnb-crd_c41725" xlink:to="label_dnb-crd_c41725" />
    <link:loc xlink:type="locator" xlink:href="f_01.02-rend.xml#dnb-crd_c41736" xlink:label="loc_dnb-crd_c41736" />
    <label:label xlink:type="resource" xlink:label="label_dnb-crd_c41736" xml:lang="en" xlink:role="http://www.eurofiling.info/xbrl/role/rc-code">230.1</label:label>
    <gen:arc xlink:type="arc" xlink:arcrole="http://xbrl.org/arcrole/2008/element-label" xlink:from="loc_dnb-crd_c41736" xlink:to="label_dnb-crd_c41736" />
    <link:loc xlink:type="locator" xlink:href="f_01.02-rend.xml#dnb-crd_c41737" xlink:label="loc_dnb-crd_c41737" />
    <label:label xlink:type="resource" xlink:label="label_dnb-crd_c41737" xml:lang="en" xlink:role="http://www.eurofiling.info/xbrl/role/rc-code">230.2</label:label>
    <gen:arc xlink:type="arc" xlink:arcrole="http://xbrl.org/arcrole/2008/element-label" xlink:from="loc_dnb-crd_c41737" xlink:to="label_dnb-crd_c41737" />
    <link:loc xlink:type="locator" xlink:href="f_01.02-rend.xml#dnb-crd_c41726" xlink:label="loc_dnb-crd_c41726" />
    <label:label xlink:type="resource" xlink:label="label_dnb-crd_c41726" xml:lang="en" xlink:role="http://www.eurofiling.info/xbrl/role/rc-code">240</label:label>
    <gen:arc xlink:type="arc" xlink:arcrole="http://xbrl.org/arcrole/2008/element-label" xlink:from="loc_dnb-crd_c41726" xlink:to="label_dnb-crd_c41726" />
    <link:loc xlink:type="locator" xlink:href="f_01.02-rend.xml#dnb-crd_c41727" xlink:label="loc_dnb-crd_c41727" />
    <label:label xlink:type="resource" xlink:label="label_dnb-crd_c41727" xml:lang="en" xlink:role="http://www.eurofiling.info/xbrl/role/rc-code">250</label:label>
    <gen:arc xlink:type="arc" xlink:arcrole="http://xbrl.org/arcrole/2008/element-label" xlink:from="loc_dnb-crd_c41727" xlink:to="label_dnb-crd_c41727" />
    <link:loc xlink:type="locator" xlink:href="f_01.02-rend.xml#dnb-crd_c41728" xlink:label="loc_dnb-crd_c41728" />
    <label:label xlink:type="resource" xlink:label="label_dnb-crd_c41728" xml:lang="en" xlink:role="http://www.eurofiling.info/xbrl/role/rc-code">260</label:label>
    <gen:arc xlink:type="arc" xlink:arcrole="http://xbrl.org/arcrole/2008/element-label" xlink:from="loc_dnb-crd_c41728" xlink:to="label_dnb-crd_c41728" />
    <link:loc xlink:type="locator" xlink:href="f_01.02-rend.xml#dnb-crd_c41729" xlink:label="loc_dnb-crd_c41729" />
    <label:label xlink:type="resource" xlink:label="label_dnb-crd_c41729" xml:lang="en" xlink:role="http://www.eurofiling.info/xbrl/role/rc-code">270</label:label>
    <gen:arc xlink:type="arc" xlink:arcrole="http://xbrl.org/arcrole/2008/element-label" xlink:from="loc_dnb-crd_c41729" xlink:to="label_dnb-crd_c41729" />
    <link:loc xlink:type="locator" xlink:href="f_01.02-rend.xml#dnb-crd_c41730" xlink:label="loc_dnb-crd_c41730" />
    <label:label xlink:type="resource" xlink:label="label_dnb-crd_c41730" xml:lang="en" xlink:role="http://www.eurofiling.info/xbrl/role/rc-code">280</label:label>
    <gen:arc xlink:type="arc" xlink:arcrole="http://xbrl.org/arcrole/2008/element-label" xlink:from="loc_dnb-crd_c41730" xlink:to="label_dnb-crd_c41730" />
    <link:loc xlink:type="locator" xlink:href="f_01.02-rend.xml#dnb-crd_c41731" xlink:label="loc_dnb-crd_c41731" />
    <label:label xlink:type="resource" xlink:label="label_dnb-crd_c41731" xml:lang="en" xlink:role="http://www.eurofiling.info/xbrl/role/rc-code">290</label:label>
    <gen:arc xlink:type="arc" xlink:arcrole="http://xbrl.org/arcrole/2008/element-label" xlink:from="loc_dnb-crd_c41731" xlink:to="label_dnb-crd_c41731" />
    <link:loc xlink:type="locator" xlink:href="f_01.02-rend.xml#dnb-crd_c41732" xlink:label="loc_dnb-crd_c41732" />
    <label:label xlink:type="resource" xlink:label="label_dnb-crd_c41732" xml:lang="en" xlink:role="http://www.eurofiling.info/xbrl/role/rc-code">300</label:label>
    <gen:arc xlink:type="arc" xlink:arcrole="http://xbrl.org/arcrole/2008/element-label" xlink:from="loc_dnb-crd_c41732" xlink:to="label_dnb-crd_c41732" />
    <label:label xlink:type="resource" xlink:label="label_dnb-crd_tF_01.02_1" xml:lang="en" xlink:role="http://www.eurofiling.info/xbrl/role/filing-indicator-code">F_01.02</label:label>
    <gen:arc xlink:type="arc" xlink:arcrole="http://xbrl.org/arcrole/2008/element-label" xlink:from="loc_dnb-crd_tF_01.02" xlink:to="label_dnb-crd_tF_01.02_1" />
  </gen:link>
</link:linkbase>