﻿<?xml version="1.0" encoding="utf-8"?>
<!--© DNB-->
<link:linkbase xmlns:xsi="http://www.w3.org/2001/XMLSchema-instance" xmlns:xlink="http://www.w3.org/1999/xlink" xmlns:link="http://www.xbrl.org/2003/linkbase" xmlns:gen="http://xbrl.org/2008/generic" xmlns:label="http://xbrl.org/2008/label" xsi:schemaLocation="http://www.xbrl.org/2003/linkbase http://www.xbrl.org/2003/xbrl-linkbase-2003-12-31.xsd http://xbrl.org/2008/generic http://www.xbrl.org/2008/generic-link.xsd http://xbrl.org/2008/label http://www.xbrl.org/2008/generic-label.xsd">
  <link:arcroleRef arcroleURI="http://xbrl.org/arcrole/2008/element-label" xlink:type="simple" xlink:href="http://www.xbrl.org/2008/generic-label.xsd#element-label" />
  <link:roleRef roleURI="http://www.xbrl.org/2008/role/label" xlink:type="simple" xlink:href="http://www.xbrl.org/2008/generic-label.xsd#standard-label" />
  <link:roleRef roleURI="http://www.xbrl.org/2008/role/verboseLabel" xlink:type="simple" xlink:href="http://www.xbrl.org/2008/generic-label.xsd#verbose-label" />
  <gen:link xlink:type="extended" xlink:role="http://www.xbrl.org/2003/role/link">
    <link:loc xlink:type="locator" xlink:href="f_01.02-rend.xml#dnb-crd_tF_01.02" xlink:label="loc_dnb-crd_tF_01.02" />
    <label:label xlink:type="resource" xlink:label="label_dnb-crd_tF_01.02" xml:lang="nl" xlink:role="http://www.xbrl.org/2008/role/label">F 01.02</label:label>
    <gen:arc xlink:type="arc" xlink:arcrole="http://xbrl.org/arcrole/2008/element-label" xlink:from="loc_dnb-crd_tF_01.02" xlink:to="label_dnb-crd_tF_01.02" />
    <label:label xlink:type="resource" xlink:label="label_dnb-crd_tF_01.02_1" xml:lang="nl" xlink:role="http://www.xbrl.org/2008/role/verboseLabel">F 01.02 Balans [overzicht van de financiële positie]: Verplichtingen</label:label>
    <gen:arc xlink:type="arc" xlink:arcrole="http://xbrl.org/arcrole/2008/element-label" xlink:from="loc_dnb-crd_tF_01.02" xlink:to="label_dnb-crd_tF_01.02_1" />
    <link:loc xlink:type="locator" xlink:href="f_01.02-rend.xml#dnb-crd_a1" xlink:label="loc_dnb-crd_a1" />
    <label:label xlink:type="resource" xlink:label="label_dnb-crd_a1" xml:lang="nl" xlink:role="http://www.xbrl.org/2008/role/label">Kolommen</label:label>
    <gen:arc xlink:type="arc" xlink:arcrole="http://xbrl.org/arcrole/2008/element-label" xlink:from="loc_dnb-crd_a1" xlink:to="label_dnb-crd_a1" />
    <link:loc xlink:type="locator" xlink:href="f_01.02-rend.xml#dnb-crd_c41691" xlink:label="loc_dnb-crd_c41691" />
    <label:label xlink:type="resource" xlink:label="label_dnb-crd_c41691" xml:lang="nl" xlink:role="http://www.xbrl.org/2008/role/label">Boekwaarde</label:label>
    <gen:arc xlink:type="arc" xlink:arcrole="http://xbrl.org/arcrole/2008/element-label" xlink:from="loc_dnb-crd_c41691" xlink:to="label_dnb-crd_c41691" />
    <link:loc xlink:type="locator" xlink:href="f_01.02-rend.xml#dnb-crd_a2" xlink:label="loc_dnb-crd_a2" />
    <label:label xlink:type="resource" xlink:label="label_dnb-crd_a2" xml:lang="nl" xlink:role="http://www.xbrl.org/2008/role/label">Rijen</label:label>
    <gen:arc xlink:type="arc" xlink:arcrole="http://xbrl.org/arcrole/2008/element-label" xlink:from="loc_dnb-crd_a2" xlink:to="label_dnb-crd_a2" />
    <link:loc xlink:type="locator" xlink:href="f_01.02-rend.xml#dnb-crd_c41692" xlink:label="loc_dnb-crd_c41692" />
    <label:label xlink:type="resource" xlink:label="label_dnb-crd_c41692" xml:lang="nl" xlink:role="http://www.xbrl.org/2008/role/label">Financiële verplichtingen die deel uitmaken van een handelsportefeuille</label:label>
    <gen:arc xlink:type="arc" xlink:arcrole="http://xbrl.org/arcrole/2008/element-label" xlink:from="loc_dnb-crd_c41692" xlink:to="label_dnb-crd_c41692" />
    <link:loc xlink:type="locator" xlink:href="f_01.02-rend.xml#dnb-crd_c41693" xlink:label="loc_dnb-crd_c41693" />
    <label:label xlink:type="resource" xlink:label="label_dnb-crd_c41693" xml:lang="nl" xlink:role="http://www.xbrl.org/2008/role/label">Derivaten</label:label>
    <gen:arc xlink:type="arc" xlink:arcrole="http://xbrl.org/arcrole/2008/element-label" xlink:from="loc_dnb-crd_c41693" xlink:to="label_dnb-crd_c41693" />
    <link:loc xlink:type="locator" xlink:href="f_01.02-rend.xml#dnb-crd_c41694" xlink:label="loc_dnb-crd_c41694" />
    <label:label xlink:type="resource" xlink:label="label_dnb-crd_c41694" xml:lang="nl" xlink:role="http://www.xbrl.org/2008/role/label">Short posities</label:label>
    <gen:arc xlink:type="arc" xlink:arcrole="http://xbrl.org/arcrole/2008/element-label" xlink:from="loc_dnb-crd_c41694" xlink:to="label_dnb-crd_c41694" />
    <link:loc xlink:type="locator" xlink:href="f_01.02-rend.xml#dnb-crd_c41695" xlink:label="loc_dnb-crd_c41695" />
    <label:label xlink:type="resource" xlink:label="label_dnb-crd_c41695" xml:lang="nl" xlink:role="http://www.xbrl.org/2008/role/label">Deposito's</label:label>
    <gen:arc xlink:type="arc" xlink:arcrole="http://xbrl.org/arcrole/2008/element-label" xlink:from="loc_dnb-crd_c41695" xlink:to="label_dnb-crd_c41695" />
    <link:loc xlink:type="locator" xlink:href="f_01.02-rend.xml#dnb-crd_c41696" xlink:label="loc_dnb-crd_c41696" />
    <label:label xlink:type="resource" xlink:label="label_dnb-crd_c41696" xml:lang="nl" xlink:role="http://www.xbrl.org/2008/role/label">Uitgegeven schuldtitels</label:label>
    <gen:arc xlink:type="arc" xlink:arcrole="http://xbrl.org/arcrole/2008/element-label" xlink:from="loc_dnb-crd_c41696" xlink:to="label_dnb-crd_c41696" />
    <link:loc xlink:type="locator" xlink:href="f_01.02-rend.xml#dnb-crd_c41697" xlink:label="loc_dnb-crd_c41697" />
    <label:label xlink:type="resource" xlink:label="label_dnb-crd_c41697" xml:lang="nl" xlink:role="http://www.xbrl.org/2008/role/label">Overige financiële verplichtingen</label:label>
    <gen:arc xlink:type="arc" xlink:arcrole="http://xbrl.org/arcrole/2008/element-label" xlink:from="loc_dnb-crd_c41697" xlink:to="label_dnb-crd_c41697" />
    <link:loc xlink:type="locator" xlink:href="f_01.02-rend.xml#dnb-crd_c41698" xlink:label="loc_dnb-crd_c41698" />
    <label:label xlink:type="resource" xlink:label="label_dnb-crd_c41698" xml:lang="nl" xlink:role="http://www.xbrl.org/2008/role/label">Voor handelsdoeleinden aangehouden financiële verplichtingen</label:label>
    <gen:arc xlink:type="arc" xlink:arcrole="http://xbrl.org/arcrole/2008/element-label" xlink:from="loc_dnb-crd_c41698" xlink:to="label_dnb-crd_c41698" />
    <link:loc xlink:type="locator" xlink:href="f_01.02-rend.xml#dnb-crd_c41699" xlink:label="loc_dnb-crd_c41699" />
    <label:label xlink:type="resource" xlink:label="label_dnb-crd_c41699" xml:lang="nl" xlink:role="http://www.xbrl.org/2008/role/label">Derivaten</label:label>
    <gen:arc xlink:type="arc" xlink:arcrole="http://xbrl.org/arcrole/2008/element-label" xlink:from="loc_dnb-crd_c41699" xlink:to="label_dnb-crd_c41699" />
    <link:loc xlink:type="locator" xlink:href="f_01.02-rend.xml#dnb-crd_c41700" xlink:label="loc_dnb-crd_c41700" />
    <label:label xlink:type="resource" xlink:label="label_dnb-crd_c41700" xml:lang="nl" xlink:role="http://www.xbrl.org/2008/role/label">Short posities</label:label>
    <gen:arc xlink:type="arc" xlink:arcrole="http://xbrl.org/arcrole/2008/element-label" xlink:from="loc_dnb-crd_c41700" xlink:to="label_dnb-crd_c41700" />
    <link:loc xlink:type="locator" xlink:href="f_01.02-rend.xml#dnb-crd_c41701" xlink:label="loc_dnb-crd_c41701" />
    <label:label xlink:type="resource" xlink:label="label_dnb-crd_c41701" xml:lang="nl" xlink:role="http://www.xbrl.org/2008/role/label">Deposito's</label:label>
    <gen:arc xlink:type="arc" xlink:arcrole="http://xbrl.org/arcrole/2008/element-label" xlink:from="loc_dnb-crd_c41701" xlink:to="label_dnb-crd_c41701" />
    <link:loc xlink:type="locator" xlink:href="f_01.02-rend.xml#dnb-crd_c41702" xlink:label="loc_dnb-crd_c41702" />
    <label:label xlink:type="resource" xlink:label="label_dnb-crd_c41702" xml:lang="nl" xlink:role="http://www.xbrl.org/2008/role/label">Uitgegeven schuldtitels</label:label>
    <gen:arc xlink:type="arc" xlink:arcrole="http://xbrl.org/arcrole/2008/element-label" xlink:from="loc_dnb-crd_c41702" xlink:to="label_dnb-crd_c41702" />
    <link:loc xlink:type="locator" xlink:href="f_01.02-rend.xml#dnb-crd_c41703" xlink:label="loc_dnb-crd_c41703" />
    <label:label xlink:type="resource" xlink:label="label_dnb-crd_c41703" xml:lang="nl" xlink:role="http://www.xbrl.org/2008/role/label">Overige financiële verplichtingen</label:label>
    <gen:arc xlink:type="arc" xlink:arcrole="http://xbrl.org/arcrole/2008/element-label" xlink:from="loc_dnb-crd_c41703" xlink:to="label_dnb-crd_c41703" />
    <link:loc xlink:type="locator" xlink:href="f_01.02-rend.xml#dnb-crd_c41738" xlink:label="loc_dnb-crd_c41738" />
    <label:label xlink:type="resource" xlink:label="label_dnb-crd_c41738" xml:lang="nl" xlink:role="http://www.xbrl.org/2008/role/label">Niet-verbonden partijen</label:label>
    <gen:arc xlink:type="arc" xlink:arcrole="http://xbrl.org/arcrole/2008/element-label" xlink:from="loc_dnb-crd_c41738" xlink:to="label_dnb-crd_c41738" />
    <link:loc xlink:type="locator" xlink:href="f_01.02-rend.xml#dnb-crd_c41739" xlink:label="loc_dnb-crd_c41739" />
    <label:label xlink:type="resource" xlink:label="label_dnb-crd_c41739" xml:lang="nl" xlink:role="http://www.xbrl.org/2008/role/label">Verbonden partijen</label:label>
    <gen:arc xlink:type="arc" xlink:arcrole="http://xbrl.org/arcrole/2008/element-label" xlink:from="loc_dnb-crd_c41739" xlink:to="label_dnb-crd_c41739" />
    <link:loc xlink:type="locator" xlink:href="f_01.02-rend.xml#dnb-crd_c41704" xlink:label="loc_dnb-crd_c41704" />
    <label:label xlink:type="resource" xlink:label="label_dnb-crd_c41704" xml:lang="nl" xlink:role="http://www.xbrl.org/2008/role/label">Financiële verplichtingen gewaardeerd tegen reële waarde verwerkt in de winst- en verliesrekening</label:label>
    <gen:arc xlink:type="arc" xlink:arcrole="http://xbrl.org/arcrole/2008/element-label" xlink:from="loc_dnb-crd_c41704" xlink:to="label_dnb-crd_c41704" />
    <link:loc xlink:type="locator" xlink:href="f_01.02-rend.xml#dnb-crd_c41705" xlink:label="loc_dnb-crd_c41705" />
    <label:label xlink:type="resource" xlink:label="label_dnb-crd_c41705" xml:lang="nl" xlink:role="http://www.xbrl.org/2008/role/label">Deposito's</label:label>
    <gen:arc xlink:type="arc" xlink:arcrole="http://xbrl.org/arcrole/2008/element-label" xlink:from="loc_dnb-crd_c41705" xlink:to="label_dnb-crd_c41705" />
    <link:loc xlink:type="locator" xlink:href="f_01.02-rend.xml#dnb-crd_c41706" xlink:label="loc_dnb-crd_c41706" />
    <label:label xlink:type="resource" xlink:label="label_dnb-crd_c41706" xml:lang="nl" xlink:role="http://www.xbrl.org/2008/role/label">Uitgegeven schuldtitels</label:label>
    <gen:arc xlink:type="arc" xlink:arcrole="http://xbrl.org/arcrole/2008/element-label" xlink:from="loc_dnb-crd_c41706" xlink:to="label_dnb-crd_c41706" />
    <link:loc xlink:type="locator" xlink:href="f_01.02-rend.xml#dnb-crd_c41707" xlink:label="loc_dnb-crd_c41707" />
    <label:label xlink:type="resource" xlink:label="label_dnb-crd_c41707" xml:lang="nl" xlink:role="http://www.xbrl.org/2008/role/label">Overige financiële verplichtingen</label:label>
    <gen:arc xlink:type="arc" xlink:arcrole="http://xbrl.org/arcrole/2008/element-label" xlink:from="loc_dnb-crd_c41707" xlink:to="label_dnb-crd_c41707" />
    <link:loc xlink:type="locator" xlink:href="f_01.02-rend.xml#dnb-crd_c41708" xlink:label="loc_dnb-crd_c41708" />
    <label:label xlink:type="resource" xlink:label="label_dnb-crd_c41708" xml:lang="nl" xlink:role="http://www.xbrl.org/2008/role/label">Tegen geamortiseerde kostprijs gewaardeerde financiële verplichtingen</label:label>
    <gen:arc xlink:type="arc" xlink:arcrole="http://xbrl.org/arcrole/2008/element-label" xlink:from="loc_dnb-crd_c41708" xlink:to="label_dnb-crd_c41708" />
    <link:loc xlink:type="locator" xlink:href="f_01.02-rend.xml#dnb-crd_c41709" xlink:label="loc_dnb-crd_c41709" />
    <label:label xlink:type="resource" xlink:label="label_dnb-crd_c41709" xml:lang="nl" xlink:role="http://www.xbrl.org/2008/role/label">Deposito's</label:label>
    <gen:arc xlink:type="arc" xlink:arcrole="http://xbrl.org/arcrole/2008/element-label" xlink:from="loc_dnb-crd_c41709" xlink:to="label_dnb-crd_c41709" />
    <link:loc xlink:type="locator" xlink:href="f_01.02-rend.xml#dnb-crd_c41710" xlink:label="loc_dnb-crd_c41710" />
    <label:label xlink:type="resource" xlink:label="label_dnb-crd_c41710" xml:lang="nl" xlink:role="http://www.xbrl.org/2008/role/label">Uitgegeven schuldtitels</label:label>
    <gen:arc xlink:type="arc" xlink:arcrole="http://xbrl.org/arcrole/2008/element-label" xlink:from="loc_dnb-crd_c41710" xlink:to="label_dnb-crd_c41710" />
    <link:loc xlink:type="locator" xlink:href="f_01.02-rend.xml#dnb-crd_c41711" xlink:label="loc_dnb-crd_c41711" />
    <label:label xlink:type="resource" xlink:label="label_dnb-crd_c41711" xml:lang="nl" xlink:role="http://www.xbrl.org/2008/role/label">Overige financiële verplichtingen</label:label>
    <gen:arc xlink:type="arc" xlink:arcrole="http://xbrl.org/arcrole/2008/element-label" xlink:from="loc_dnb-crd_c41711" xlink:to="label_dnb-crd_c41711" />
    <link:loc xlink:type="locator" xlink:href="f_01.02-rend.xml#dnb-crd_c41712" xlink:label="loc_dnb-crd_c41712" />
    <label:label xlink:type="resource" xlink:label="label_dnb-crd_c41712" xml:lang="nl" xlink:role="http://www.xbrl.org/2008/role/label">Niet-afgeleide financiële verplichtingen in de niet-handelsportefeuille die op basis van een kostprijsmethode zijn gewaardeerd</label:label>
    <gen:arc xlink:type="arc" xlink:arcrole="http://xbrl.org/arcrole/2008/element-label" xlink:from="loc_dnb-crd_c41712" xlink:to="label_dnb-crd_c41712" />
    <link:loc xlink:type="locator" xlink:href="f_01.02-rend.xml#dnb-crd_c41713" xlink:label="loc_dnb-crd_c41713" />
    <label:label xlink:type="resource" xlink:label="label_dnb-crd_c41713" xml:lang="nl" xlink:role="http://www.xbrl.org/2008/role/label">Deposito's</label:label>
    <gen:arc xlink:type="arc" xlink:arcrole="http://xbrl.org/arcrole/2008/element-label" xlink:from="loc_dnb-crd_c41713" xlink:to="label_dnb-crd_c41713" />
    <link:loc xlink:type="locator" xlink:href="f_01.02-rend.xml#dnb-crd_c41714" xlink:label="loc_dnb-crd_c41714" />
    <label:label xlink:type="resource" xlink:label="label_dnb-crd_c41714" xml:lang="nl" xlink:role="http://www.xbrl.org/2008/role/label">Uitgegeven schuldtitels</label:label>
    <gen:arc xlink:type="arc" xlink:arcrole="http://xbrl.org/arcrole/2008/element-label" xlink:from="loc_dnb-crd_c41714" xlink:to="label_dnb-crd_c41714" />
    <link:loc xlink:type="locator" xlink:href="f_01.02-rend.xml#dnb-crd_c41733" xlink:label="loc_dnb-crd_c41733" />
    <label:label xlink:type="resource" xlink:label="label_dnb-crd_c41733" xml:lang="nl" xlink:role="http://www.xbrl.org/2008/role/label">Waarvan: achtergestelde verplichtingen</label:label>
    <gen:arc xlink:type="arc" xlink:arcrole="http://xbrl.org/arcrole/2008/element-label" xlink:from="loc_dnb-crd_c41733" xlink:to="label_dnb-crd_c41733" />
    <link:loc xlink:type="locator" xlink:href="f_01.02-rend.xml#dnb-crd_c41742" xlink:label="loc_dnb-crd_c41742" />
    <label:label xlink:type="resource" xlink:label="label_dnb-crd_c41742" xml:lang="nl" xlink:role="http://www.xbrl.org/2008/role/label">Kapitaalinstrumenten die in aanmerking komen als AT1-kapitaal</label:label>
    <gen:arc xlink:type="arc" xlink:arcrole="http://xbrl.org/arcrole/2008/element-label" xlink:from="loc_dnb-crd_c41742" xlink:to="label_dnb-crd_c41742" />
    <link:loc xlink:type="locator" xlink:href="f_01.02-rend.xml#dnb-crd_c41734" xlink:label="loc_dnb-crd_c41734" />
    <label:label xlink:type="resource" xlink:label="label_dnb-crd_c41734" xml:lang="nl" xlink:role="http://www.xbrl.org/2008/role/label">In aanmerking komend als T2 kapitaal</label:label>
    <gen:arc xlink:type="arc" xlink:arcrole="http://xbrl.org/arcrole/2008/element-label" xlink:from="loc_dnb-crd_c41734" xlink:to="label_dnb-crd_c41734" />
    <link:loc xlink:type="locator" xlink:href="f_01.02-rend.xml#dnb-crd_c41735" xlink:label="loc_dnb-crd_c41735" />
    <label:label xlink:type="resource" xlink:label="label_dnb-crd_c41735" xml:lang="nl" xlink:role="http://www.xbrl.org/2008/role/label">Niet in aanmerking komend als AT1 of T2 kapitaal</label:label>
    <gen:arc xlink:type="arc" xlink:arcrole="http://xbrl.org/arcrole/2008/element-label" xlink:from="loc_dnb-crd_c41735" xlink:to="label_dnb-crd_c41735" />
    <link:loc xlink:type="locator" xlink:href="f_01.02-rend.xml#dnb-crd_c41715" xlink:label="loc_dnb-crd_c41715" />
    <label:label xlink:type="resource" xlink:label="label_dnb-crd_c41715" xml:lang="nl" xlink:role="http://www.xbrl.org/2008/role/label">Overige financiële verplichtingen</label:label>
    <gen:arc xlink:type="arc" xlink:arcrole="http://xbrl.org/arcrole/2008/element-label" xlink:from="loc_dnb-crd_c41715" xlink:to="label_dnb-crd_c41715" />
    <link:loc xlink:type="locator" xlink:href="f_01.02-rend.xml#dnb-crd_c41740" xlink:label="loc_dnb-crd_c41740" />
    <label:label xlink:type="resource" xlink:label="label_dnb-crd_c41740" xml:lang="nl" xlink:role="http://www.xbrl.org/2008/role/label">Niet-verbonden partijen</label:label>
    <gen:arc xlink:type="arc" xlink:arcrole="http://xbrl.org/arcrole/2008/element-label" xlink:from="loc_dnb-crd_c41740" xlink:to="label_dnb-crd_c41740" />
    <link:loc xlink:type="locator" xlink:href="f_01.02-rend.xml#dnb-crd_c41741" xlink:label="loc_dnb-crd_c41741" />
    <label:label xlink:type="resource" xlink:label="label_dnb-crd_c41741" xml:lang="nl" xlink:role="http://www.xbrl.org/2008/role/label">Verbonden partijen</label:label>
    <gen:arc xlink:type="arc" xlink:arcrole="http://xbrl.org/arcrole/2008/element-label" xlink:from="loc_dnb-crd_c41741" xlink:to="label_dnb-crd_c41741" />
    <link:loc xlink:type="locator" xlink:href="f_01.02-rend.xml#dnb-crd_c41716" xlink:label="loc_dnb-crd_c41716" />
    <label:label xlink:type="resource" xlink:label="label_dnb-crd_c41716" xml:lang="nl" xlink:role="http://www.xbrl.org/2008/role/label">Derivaten – Hedge accounting</label:label>
    <gen:arc xlink:type="arc" xlink:arcrole="http://xbrl.org/arcrole/2008/element-label" xlink:from="loc_dnb-crd_c41716" xlink:to="label_dnb-crd_c41716" />
    <link:loc xlink:type="locator" xlink:href="f_01.02-rend.xml#dnb-crd_c41717" xlink:label="loc_dnb-crd_c41717" />
    <label:label xlink:type="resource" xlink:label="label_dnb-crd_c41717" xml:lang="nl" xlink:role="http://www.xbrl.org/2008/role/label">Mutaties in de reële waarde van de afgedekte posities bij hedging van het renterisico op een portefeuille</label:label>
    <gen:arc xlink:type="arc" xlink:arcrole="http://xbrl.org/arcrole/2008/element-label" xlink:from="loc_dnb-crd_c41717" xlink:to="label_dnb-crd_c41717" />
    <link:loc xlink:type="locator" xlink:href="f_01.02-rend.xml#dnb-crd_c41718" xlink:label="loc_dnb-crd_c41718" />
    <label:label xlink:type="resource" xlink:label="label_dnb-crd_c41718" xml:lang="nl" xlink:role="http://www.xbrl.org/2008/role/label">Voorzieningen</label:label>
    <gen:arc xlink:type="arc" xlink:arcrole="http://xbrl.org/arcrole/2008/element-label" xlink:from="loc_dnb-crd_c41718" xlink:to="label_dnb-crd_c41718" />
    <link:loc xlink:type="locator" xlink:href="f_01.02-rend.xml#dnb-crd_c41719" xlink:label="loc_dnb-crd_c41719" />
    <label:label xlink:type="resource" xlink:label="label_dnb-crd_c41719" xml:lang="nl" xlink:role="http://www.xbrl.org/2008/role/label">Fondsen voor algemene bankrisico's [indien opgenomen onder verplichtingen]</label:label>
    <gen:arc xlink:type="arc" xlink:arcrole="http://xbrl.org/arcrole/2008/element-label" xlink:from="loc_dnb-crd_c41719" xlink:to="label_dnb-crd_c41719" />
    <link:loc xlink:type="locator" xlink:href="f_01.02-rend.xml#dnb-crd_c41720" xlink:label="loc_dnb-crd_c41720" />
    <label:label xlink:type="resource" xlink:label="label_dnb-crd_c41720" xml:lang="nl" xlink:role="http://www.xbrl.org/2008/role/label">Pensioenen en andere verplichtingen uit hoofde van op vaste toezeggingen gebaseerde regelingen na uitdiensttreding</label:label>
    <gen:arc xlink:type="arc" xlink:arcrole="http://xbrl.org/arcrole/2008/element-label" xlink:from="loc_dnb-crd_c41720" xlink:to="label_dnb-crd_c41720" />
    <link:loc xlink:type="locator" xlink:href="f_01.02-rend.xml#dnb-crd_c41721" xlink:label="loc_dnb-crd_c41721" />
    <label:label xlink:type="resource" xlink:label="label_dnb-crd_c41721" xml:lang="nl" xlink:role="http://www.xbrl.org/2008/role/label">Overige langetermijnpersoneelsbeloningen</label:label>
    <gen:arc xlink:type="arc" xlink:arcrole="http://xbrl.org/arcrole/2008/element-label" xlink:from="loc_dnb-crd_c41721" xlink:to="label_dnb-crd_c41721" />
    <link:loc xlink:type="locator" xlink:href="f_01.02-rend.xml#dnb-crd_c41722" xlink:label="loc_dnb-crd_c41722" />
    <label:label xlink:type="resource" xlink:label="label_dnb-crd_c41722" xml:lang="nl" xlink:role="http://www.xbrl.org/2008/role/label">Reorganisatie</label:label>
    <gen:arc xlink:type="arc" xlink:arcrole="http://xbrl.org/arcrole/2008/element-label" xlink:from="loc_dnb-crd_c41722" xlink:to="label_dnb-crd_c41722" />
    <link:loc xlink:type="locator" xlink:href="f_01.02-rend.xml#dnb-crd_c41723" xlink:label="loc_dnb-crd_c41723" />
    <label:label xlink:type="resource" xlink:label="label_dnb-crd_c41723" xml:lang="nl" xlink:role="http://www.xbrl.org/2008/role/label">Lopende rechts- en belastinggeschillen</label:label>
    <gen:arc xlink:type="arc" xlink:arcrole="http://xbrl.org/arcrole/2008/element-label" xlink:from="loc_dnb-crd_c41723" xlink:to="label_dnb-crd_c41723" />
    <link:loc xlink:type="locator" xlink:href="f_01.02-rend.xml#dnb-crd_c41724" xlink:label="loc_dnb-crd_c41724" />
    <label:label xlink:type="resource" xlink:label="label_dnb-crd_c41724" xml:lang="nl" xlink:role="http://www.xbrl.org/2008/role/label">Verstrekte toezeggingen en garanties</label:label>
    <gen:arc xlink:type="arc" xlink:arcrole="http://xbrl.org/arcrole/2008/element-label" xlink:from="loc_dnb-crd_c41724" xlink:to="label_dnb-crd_c41724" />
    <link:loc xlink:type="locator" xlink:href="f_01.02-rend.xml#dnb-crd_c41725" xlink:label="loc_dnb-crd_c41725" />
    <label:label xlink:type="resource" xlink:label="label_dnb-crd_c41725" xml:lang="nl" xlink:role="http://www.xbrl.org/2008/role/label">Overige voorzieningen</label:label>
    <gen:arc xlink:type="arc" xlink:arcrole="http://xbrl.org/arcrole/2008/element-label" xlink:from="loc_dnb-crd_c41725" xlink:to="label_dnb-crd_c41725" />
    <link:loc xlink:type="locator" xlink:href="f_01.02-rend.xml#dnb-crd_c41736" xlink:label="loc_dnb-crd_c41736" />
    <label:label xlink:type="resource" xlink:label="label_dnb-crd_c41736" xml:lang="nl" xlink:role="http://www.xbrl.org/2008/role/label">Waarvan: Verlieslatende contracten</label:label>
    <gen:arc xlink:type="arc" xlink:arcrole="http://xbrl.org/arcrole/2008/element-label" xlink:from="loc_dnb-crd_c41736" xlink:to="label_dnb-crd_c41736" />
    <link:loc xlink:type="locator" xlink:href="f_01.02-rend.xml#dnb-crd_c41737" xlink:label="loc_dnb-crd_c41737" />
    <label:label xlink:type="resource" xlink:label="label_dnb-crd_c41737" xml:lang="nl" xlink:role="http://www.xbrl.org/2008/role/label">Waarvan: kredietverliezen</label:label>
    <gen:arc xlink:type="arc" xlink:arcrole="http://xbrl.org/arcrole/2008/element-label" xlink:from="loc_dnb-crd_c41737" xlink:to="label_dnb-crd_c41737" />
    <link:loc xlink:type="locator" xlink:href="f_01.02-rend.xml#dnb-crd_c41726" xlink:label="loc_dnb-crd_c41726" />
    <label:label xlink:type="resource" xlink:label="label_dnb-crd_c41726" xml:lang="nl" xlink:role="http://www.xbrl.org/2008/role/label">Belastingverplichtingen</label:label>
    <gen:arc xlink:type="arc" xlink:arcrole="http://xbrl.org/arcrole/2008/element-label" xlink:from="loc_dnb-crd_c41726" xlink:to="label_dnb-crd_c41726" />
    <link:loc xlink:type="locator" xlink:href="f_01.02-rend.xml#dnb-crd_c41727" xlink:label="loc_dnb-crd_c41727" />
    <label:label xlink:type="resource" xlink:label="label_dnb-crd_c41727" xml:lang="nl" xlink:role="http://www.xbrl.org/2008/role/label">Actuele belastingverplichtingen</label:label>
    <gen:arc xlink:type="arc" xlink:arcrole="http://xbrl.org/arcrole/2008/element-label" xlink:from="loc_dnb-crd_c41727" xlink:to="label_dnb-crd_c41727" />
    <link:loc xlink:type="locator" xlink:href="f_01.02-rend.xml#dnb-crd_c41728" xlink:label="loc_dnb-crd_c41728" />
    <label:label xlink:type="resource" xlink:label="label_dnb-crd_c41728" xml:lang="nl" xlink:role="http://www.xbrl.org/2008/role/label">Latente belastingverplichtingen</label:label>
    <gen:arc xlink:type="arc" xlink:arcrole="http://xbrl.org/arcrole/2008/element-label" xlink:from="loc_dnb-crd_c41728" xlink:to="label_dnb-crd_c41728" />
    <link:loc xlink:type="locator" xlink:href="f_01.02-rend.xml#dnb-crd_c41729" xlink:label="loc_dnb-crd_c41729" />
    <label:label xlink:type="resource" xlink:label="label_dnb-crd_c41729" xml:lang="nl" xlink:role="http://www.xbrl.org/2008/role/label">Op verzoek terug te storen aandelenkapitaal</label:label>
    <gen:arc xlink:type="arc" xlink:arcrole="http://xbrl.org/arcrole/2008/element-label" xlink:from="loc_dnb-crd_c41729" xlink:to="label_dnb-crd_c41729" />
    <link:loc xlink:type="locator" xlink:href="f_01.02-rend.xml#dnb-crd_c41730" xlink:label="loc_dnb-crd_c41730" />
    <label:label xlink:type="resource" xlink:label="label_dnb-crd_c41730" xml:lang="nl" xlink:role="http://www.xbrl.org/2008/role/label">Overige verplichtingen</label:label>
    <gen:arc xlink:type="arc" xlink:arcrole="http://xbrl.org/arcrole/2008/element-label" xlink:from="loc_dnb-crd_c41730" xlink:to="label_dnb-crd_c41730" />
    <link:loc xlink:type="locator" xlink:href="f_01.02-rend.xml#dnb-crd_c41731" xlink:label="loc_dnb-crd_c41731" />
    <label:label xlink:type="resource" xlink:label="label_dnb-crd_c41731" xml:lang="nl" xlink:role="http://www.xbrl.org/2008/role/label">Passiva in af te stoten onderdelen gerubriceerd als aangehouden voor verkoop</label:label>
    <gen:arc xlink:type="arc" xlink:arcrole="http://xbrl.org/arcrole/2008/element-label" xlink:from="loc_dnb-crd_c41731" xlink:to="label_dnb-crd_c41731" />
    <link:loc xlink:type="locator" xlink:href="f_01.02-rend.xml#dnb-crd_c41732" xlink:label="loc_dnb-crd_c41732" />
    <label:label xlink:type="resource" xlink:label="label_dnb-crd_c41732" xml:lang="nl" xlink:role="http://www.xbrl.org/2008/role/label">Totale passiva</label:label>
    <gen:arc xlink:type="arc" xlink:arcrole="http://xbrl.org/arcrole/2008/element-label" xlink:from="loc_dnb-crd_c41732" xlink:to="label_dnb-crd_c41732" />
  </gen:link>
</link:linkbase>