﻿<?xml version="1.0" encoding="utf-8"?>
<!--© DNB-->
<link:linkbase xmlns:xsi="http://www.w3.org/2001/XMLSchema-instance" xmlns:xlink="http://www.w3.org/1999/xlink" xmlns:link="http://www.xbrl.org/2003/linkbase" xmlns:xbrldt="http://xbrl.org/2005/xbrldt" xsi:schemaLocation="http://www.xbrl.org/2003/linkbase http://www.xbrl.org/2003/xbrl-linkbase-2003-12-31.xsd http://xbrl.org/2005/xbrldt http://www.xbrl.org/2005/xbrldt-2005.xsd">
  <link:arcroleRef arcroleURI="http://xbrl.org/int/dim/arcrole/all" xlink:type="simple" xlink:href="http://www.xbrl.org/2005/xbrldt-2005.xsd#all" />
  <link:arcroleRef arcroleURI="http://xbrl.org/int/dim/arcrole/dimension-domain" xlink:type="simple" xlink:href="http://www.xbrl.org/2005/xbrldt-2005.xsd#dimension-domain" />
  <link:arcroleRef arcroleURI="http://xbrl.org/int/dim/arcrole/domain-member" xlink:type="simple" xlink:href="http://www.xbrl.org/2005/xbrldt-2005.xsd#domain-member" />
  <link:arcroleRef arcroleURI="http://xbrl.org/int/dim/arcrole/hypercube-dimension" xlink:type="simple" xlink:href="http://www.xbrl.org/2005/xbrldt-2005.xsd#hypercube-dimension" />
  <link:roleRef roleURI="http://www.dnb.nl/xbrl/xtn/role/fws/FINREP-BO/wft-3-72/2017-11-01/tab/F_01.02/1" xlink:type="simple" xlink:href="f_01.02.xsd#role1" />
  <link:roleRef roleURI="http://www.dnb.nl/xbrl/xtn/role/fws/FINREP-BO/wft-3-72/2017-11-01/tab/F_01.02/10" xlink:type="simple" xlink:href="f_01.02.xsd#role10" />
  <link:roleRef roleURI="http://www.dnb.nl/xbrl/xtn/role/fws/FINREP-BO/wft-3-72/2017-11-01/tab/F_01.02/11" xlink:type="simple" xlink:href="f_01.02.xsd#role11" />
  <link:roleRef roleURI="http://www.dnb.nl/xbrl/xtn/role/fws/FINREP-BO/wft-3-72/2017-11-01/tab/F_01.02/12" xlink:type="simple" xlink:href="f_01.02.xsd#role12" />
  <link:roleRef roleURI="http://www.dnb.nl/xbrl/xtn/role/fws/FINREP-BO/wft-3-72/2017-11-01/tab/F_01.02/13" xlink:type="simple" xlink:href="f_01.02.xsd#role13" />
  <link:roleRef roleURI="http://www.dnb.nl/xbrl/xtn/role/fws/FINREP-BO/wft-3-72/2017-11-01/tab/F_01.02/14" xlink:type="simple" xlink:href="f_01.02.xsd#role14" />
  <link:roleRef roleURI="http://www.dnb.nl/xbrl/xtn/role/fws/FINREP-BO/wft-3-72/2017-11-01/tab/F_01.02/15" xlink:type="simple" xlink:href="f_01.02.xsd#role15" />
  <link:roleRef roleURI="http://www.dnb.nl/xbrl/xtn/role/fws/FINREP-BO/wft-3-72/2017-11-01/tab/F_01.02/16" xlink:type="simple" xlink:href="f_01.02.xsd#role16" />
  <link:roleRef roleURI="http://www.dnb.nl/xbrl/xtn/role/fws/FINREP-BO/wft-3-72/2017-11-01/tab/F_01.02/17" xlink:type="simple" xlink:href="f_01.02.xsd#role17" />
  <link:roleRef roleURI="http://www.dnb.nl/xbrl/xtn/role/fws/FINREP-BO/wft-3-72/2017-11-01/tab/F_01.02/18" xlink:type="simple" xlink:href="f_01.02.xsd#role18" />
  <link:roleRef roleURI="http://www.dnb.nl/xbrl/xtn/role/fws/FINREP-BO/wft-3-72/2017-11-01/tab/F_01.02/19" xlink:type="simple" xlink:href="f_01.02.xsd#role19" />
  <link:roleRef roleURI="http://www.dnb.nl/xbrl/xtn/role/fws/FINREP-BO/wft-3-72/2017-11-01/tab/F_01.02/2" xlink:type="simple" xlink:href="f_01.02.xsd#role2" />
  <link:roleRef roleURI="http://www.dnb.nl/xbrl/xtn/role/fws/FINREP-BO/wft-3-72/2017-11-01/tab/F_01.02/20" xlink:type="simple" xlink:href="f_01.02.xsd#role20" />
  <link:roleRef roleURI="http://www.dnb.nl/xbrl/xtn/role/fws/FINREP-BO/wft-3-72/2017-11-01/tab/F_01.02/21" xlink:type="simple" xlink:href="f_01.02.xsd#role21" />
  <link:roleRef roleURI="http://www.dnb.nl/xbrl/xtn/role/fws/FINREP-BO/wft-3-72/2017-11-01/tab/F_01.02/22" xlink:type="simple" xlink:href="f_01.02.xsd#role22" />
  <link:roleRef roleURI="http://www.dnb.nl/xbrl/xtn/role/fws/FINREP-BO/wft-3-72/2017-11-01/tab/F_01.02/23" xlink:type="simple" xlink:href="f_01.02.xsd#role23" />
  <link:roleRef roleURI="http://www.dnb.nl/xbrl/xtn/role/fws/FINREP-BO/wft-3-72/2017-11-01/tab/F_01.02/24" xlink:type="simple" xlink:href="f_01.02.xsd#role24" />
  <link:roleRef roleURI="http://www.dnb.nl/xbrl/xtn/role/fws/FINREP-BO/wft-3-72/2017-11-01/tab/F_01.02/3" xlink:type="simple" xlink:href="f_01.02.xsd#role3" />
  <link:roleRef roleURI="http://www.dnb.nl/xbrl/xtn/role/fws/FINREP-BO/wft-3-72/2017-11-01/tab/F_01.02/4" xlink:type="simple" xlink:href="f_01.02.xsd#role4" />
  <link:roleRef roleURI="http://www.dnb.nl/xbrl/xtn/role/fws/FINREP-BO/wft-3-72/2017-11-01/tab/F_01.02/5" xlink:type="simple" xlink:href="f_01.02.xsd#role5" />
  <link:roleRef roleURI="http://www.dnb.nl/xbrl/xtn/role/fws/FINREP-BO/wft-3-72/2017-11-01/tab/F_01.02/6" xlink:type="simple" xlink:href="f_01.02.xsd#role6" />
  <link:roleRef roleURI="http://www.dnb.nl/xbrl/xtn/role/fws/FINREP-BO/wft-3-72/2017-11-01/tab/F_01.02/7" xlink:type="simple" xlink:href="f_01.02.xsd#role7" />
  <link:roleRef roleURI="http://www.dnb.nl/xbrl/xtn/role/fws/FINREP-BO/wft-3-72/2017-11-01/tab/F_01.02/8" xlink:type="simple" xlink:href="f_01.02.xsd#role8" />
  <link:roleRef roleURI="http://www.dnb.nl/xbrl/xtn/role/fws/FINREP-BO/wft-3-72/2017-11-01/tab/F_01.02/9" xlink:type="simple" xlink:href="f_01.02.xsd#role9" />
  <link:definitionLink xlink:type="extended" xlink:role="http://www.dnb.nl/xbrl/xtn/role/fws/FINREP-BO/wft-3-72/2017-11-01/tab/F_01.02/1">
    <link:loc xlink:type="locator" xlink:href="http://www.eba.europa.eu/eu/fr/xbrl/crr/dict/met/met.xsd#eba_mi53" xlink:label="loc_eba_mi53" />
    <link:loc xlink:type="locator" xlink:href="http://www.eurofiling.info/eu/fr/xbrl/ext/model.xsd#hyp" xlink:label="loc_hyp" />
    <link:definitionArc xlink:type="arc" xlink:arcrole="http://xbrl.org/int/dim/arcrole/all" xlink:from="loc_eba_mi53" xlink:to="loc_hyp" xbrldt:closed="true" xbrldt:contextElement="scenario" order="1" />
    <link:loc xlink:type="locator" xlink:href="http://www.eba.europa.eu/eu/fr/xbrl/crr/dict/dim/dim.xsd#eba_BAS" xlink:label="loc_eba_BAS" />
    <link:definitionArc xlink:type="arc" xlink:arcrole="http://xbrl.org/int/dim/arcrole/hypercube-dimension" xlink:from="loc_hyp" xlink:to="loc_eba_BAS" order="1" />
    <link:loc xlink:type="locator" xlink:href="http://www.eba.europa.eu/eu/fr/xbrl/crr/dict/dom/exp.xsd#eba_BA" xlink:label="loc_eba_BA" />
    <link:definitionArc xlink:type="arc" xlink:arcrole="http://xbrl.org/int/dim/arcrole/dimension-domain" xlink:from="loc_eba_BAS" xlink:to="loc_eba_BA" xbrldt:usable="false" order="1" />
    <link:loc xlink:type="locator" xlink:href="http://www.eba.europa.eu/eu/fr/xbrl/crr/dict/dom/ba/mem.xsd#eba_x7" xlink:label="loc_eba_x7" />
    <link:definitionArc xlink:type="arc" xlink:arcrole="http://xbrl.org/int/dim/arcrole/domain-member" xlink:from="loc_eba_BA" xlink:to="loc_eba_x7" order="1" />
    <link:loc xlink:type="locator" xlink:href="http://www.eba.europa.eu/eu/fr/xbrl/crr/dict/dim/dim.xsd#eba_MCY" xlink:label="loc_eba_MCY" />
    <link:definitionArc xlink:type="arc" xlink:arcrole="http://xbrl.org/int/dim/arcrole/hypercube-dimension" xlink:from="loc_hyp" xlink:to="loc_eba_MCY" order="2" />
    <link:loc xlink:type="locator" xlink:href="http://www.eba.europa.eu/eu/fr/xbrl/crr/dict/dom/exp.xsd#eba_MC" xlink:label="loc_eba_MC" />
    <link:definitionArc xlink:type="arc" xlink:arcrole="http://xbrl.org/int/dim/arcrole/dimension-domain" xlink:from="loc_eba_MCY" xlink:to="loc_eba_MC" xbrldt:usable="false" order="1" />
    <link:loc xlink:type="locator" xlink:href="http://www.eba.europa.eu/eu/fr/xbrl/crr/dict/dom/mc/mem.xsd#eba_x111" xlink:label="loc_eba_x111" />
    <link:definitionArc xlink:type="arc" xlink:arcrole="http://xbrl.org/int/dim/arcrole/domain-member" xlink:from="loc_eba_MC" xlink:to="loc_eba_x111" order="1" />
    <link:loc xlink:type="locator" xlink:href="http://www.eba.europa.eu/eu/fr/xbrl/crr/dict/dom/mc/mem.xsd#eba_x99" xlink:label="loc_eba_x99" />
    <link:definitionArc xlink:type="arc" xlink:arcrole="http://xbrl.org/int/dim/arcrole/domain-member" xlink:from="loc_eba_MC" xlink:to="loc_eba_x99" order="2" />
    <link:loc xlink:type="locator" xlink:href="http://www.eba.europa.eu/eu/fr/xbrl/crr/dict/dom/mc/mem.xsd#eba_x323" xlink:label="loc_eba_x323" />
    <link:definitionArc xlink:type="arc" xlink:arcrole="http://xbrl.org/int/dim/arcrole/domain-member" xlink:from="loc_eba_MC" xlink:to="loc_eba_x323" order="3" />
    <link:loc xlink:type="locator" xlink:href="http://www.eba.europa.eu/eu/fr/xbrl/crr/dict/dom/mc/mem.xsd#eba_x135" xlink:label="loc_eba_x135" />
    <link:definitionArc xlink:type="arc" xlink:arcrole="http://xbrl.org/int/dim/arcrole/domain-member" xlink:from="loc_eba_MC" xlink:to="loc_eba_x135" order="4" />
    <link:loc xlink:type="locator" xlink:href="http://www.eba.europa.eu/eu/fr/xbrl/crr/dict/dom/mc/mem.xsd#eba_x146" xlink:label="loc_eba_x146" />
    <link:definitionArc xlink:type="arc" xlink:arcrole="http://xbrl.org/int/dim/arcrole/domain-member" xlink:from="loc_eba_MC" xlink:to="loc_eba_x146" order="5" />
    <link:loc xlink:type="locator" xlink:href="http://www.eba.europa.eu/eu/fr/xbrl/crr/dict/dom/mc/mem.xsd#eba_x264" xlink:label="loc_eba_x264" />
    <link:definitionArc xlink:type="arc" xlink:arcrole="http://xbrl.org/int/dim/arcrole/domain-member" xlink:from="loc_eba_MC" xlink:to="loc_eba_x264" order="6" />
    <link:loc xlink:type="locator" xlink:href="http://www.eba.europa.eu/eu/fr/xbrl/crr/dict/dim/dim.xsd#eba_APL" xlink:label="loc_eba_APL" />
    <link:definitionArc xlink:type="arc" xlink:arcrole="http://xbrl.org/int/dim/arcrole/hypercube-dimension" xlink:from="loc_hyp" xlink:to="loc_eba_APL" order="3" />
    <link:loc xlink:type="locator" xlink:href="http://www.eba.europa.eu/eu/fr/xbrl/crr/dict/dom/exp.xsd#eba_PL" xlink:label="loc_eba_PL" />
    <link:definitionArc xlink:type="arc" xlink:arcrole="http://xbrl.org/int/dim/arcrole/dimension-domain" xlink:from="loc_eba_APL" xlink:to="loc_eba_PL" xbrldt:usable="false" order="1" />
    <link:loc xlink:type="locator" xlink:href="http://www.eba.europa.eu/eu/fr/xbrl/crr/dict/dom/pl/mem.xsd#eba_x26" xlink:label="loc_eba_x26" />
    <link:definitionArc xlink:type="arc" xlink:arcrole="http://xbrl.org/int/dim/arcrole/domain-member" xlink:from="loc_eba_PL" xlink:to="loc_eba_x26" order="1" />
    <link:loc xlink:type="locator" xlink:href="http://www.eba.europa.eu/eu/fr/xbrl/crr/dict/dom/pl/mem.xsd#eba_x68" xlink:label="loc_eba_x68" />
    <link:definitionArc xlink:type="arc" xlink:arcrole="http://xbrl.org/int/dim/arcrole/domain-member" xlink:from="loc_eba_PL" xlink:to="loc_eba_x68" order="2" />
    <link:loc xlink:type="locator" xlink:href="http://www.eba.europa.eu/eu/fr/xbrl/crr/dict/dim/dim.xsd#eba_RPR" xlink:label="loc_eba_RPR" />
    <link:definitionArc xlink:type="arc" xlink:arcrole="http://xbrl.org/int/dim/arcrole/hypercube-dimension" xlink:from="loc_hyp" xlink:to="loc_eba_RPR" order="4" />
    <link:loc xlink:type="locator" xlink:href="http://www.eba.europa.eu/eu/fr/xbrl/crr/dict/dom/exp.xsd#eba_RP" xlink:label="loc_eba_RP" />
    <link:definitionArc xlink:type="arc" xlink:arcrole="http://xbrl.org/int/dim/arcrole/dimension-domain" xlink:from="loc_eba_RPR" xlink:to="loc_eba_RP" xbrldt:usable="false" order="1" />
    <link:loc xlink:type="locator" xlink:href="http://www.eba.europa.eu/eu/fr/xbrl/crr/dict/dom/rp/mem.xsd#eba_x0" xlink:label="loc_eba_x0" />
    <link:definitionArc xlink:type="arc" xlink:arcrole="http://xbrl.org/int/dim/arcrole/domain-member" xlink:from="loc_eba_RP" xlink:to="loc_eba_x0" order="1" />
    <link:loc xlink:type="locator" xlink:href="http://www.eba.europa.eu/eu/fr/xbrl/crr/dict/dim/dim.xsd#eba_SUB" xlink:label="loc_eba_SUB" />
    <link:definitionArc xlink:type="arc" xlink:arcrole="http://xbrl.org/int/dim/arcrole/hypercube-dimension" xlink:from="loc_hyp" xlink:to="loc_eba_SUB" xbrldt:targetRole="http://www.dnb.nl/xbrl/xtn/role/fws/FINREP-BO/wft-3-72/2017-11-01/tab/F_01.02/2" order="5" />
    <link:loc xlink:type="locator" xlink:href="http://www.eba.europa.eu/eu/fr/xbrl/crr/dict/dim/dim.xsd#eba_OFS" xlink:label="loc_eba_OFS" />
    <link:definitionArc xlink:type="arc" xlink:arcrole="http://xbrl.org/int/dim/arcrole/hypercube-dimension" xlink:from="loc_hyp" xlink:to="loc_eba_OFS" order="6" />
    <link:loc xlink:type="locator" xlink:href="http://www.eba.europa.eu/eu/fr/xbrl/crr/dict/dom/exp.xsd#eba_OF" xlink:label="loc_eba_OF" />
    <link:definitionArc xlink:type="arc" xlink:arcrole="http://xbrl.org/int/dim/arcrole/dimension-domain" xlink:from="loc_eba_OFS" xlink:to="loc_eba_OF" xbrldt:usable="false" order="1" />
    <link:loc xlink:type="locator" xlink:href="http://www.eba.europa.eu/eu/fr/xbrl/crr/dict/dom/of/mem.xsd#eba_x0" xlink:label="loc_eba_x0_1" />
    <link:definitionArc xlink:type="arc" xlink:arcrole="http://xbrl.org/int/dim/arcrole/domain-member" xlink:from="loc_eba_OF" xlink:to="loc_eba_x0_1" order="1" />
    <link:loc xlink:type="locator" xlink:href="../../../../../../dict/dim/dim.xsd#dnb-crd_OTP" xlink:label="loc_dnb-crd_OTP" />
    <link:definitionArc xlink:type="arc" xlink:arcrole="http://xbrl.org/int/dim/arcrole/hypercube-dimension" xlink:from="loc_hyp" xlink:to="loc_dnb-crd_OTP" xbrldt:targetRole="http://www.dnb.nl/xbrl/xtn/role/fws/FINREP-BO/wft-3-72/2017-11-01/tab/F_01.02/3" order="7" />
  </link:definitionLink>
  <link:definitionLink xlink:type="extended" xlink:role="http://www.dnb.nl/xbrl/xtn/role/fws/FINREP-BO/wft-3-72/2017-11-01/tab/F_01.02/2">
    <link:loc xlink:type="locator" xlink:href="http://www.eba.europa.eu/eu/fr/xbrl/crr/dict/dim/dim.xsd#eba_SUB" xlink:label="loc_eba_SUB" />
    <link:loc xlink:type="locator" xlink:href="http://www.eba.europa.eu/eu/fr/xbrl/crr/dict/dom/exp.xsd#eba_MC" xlink:label="loc_eba_MC" />
    <link:definitionArc xlink:type="arc" xlink:arcrole="http://xbrl.org/int/dim/arcrole/dimension-domain" xlink:from="loc_eba_SUB" xlink:to="loc_eba_MC" xbrldt:usable="false" order="1" />
    <link:loc xlink:type="locator" xlink:href="http://www.eba.europa.eu/eu/fr/xbrl/crr/dict/dom/mc/mem.xsd#eba_x0" xlink:label="loc_eba_x0" />
    <link:definitionArc xlink:type="arc" xlink:arcrole="http://xbrl.org/int/dim/arcrole/domain-member" xlink:from="loc_eba_MC" xlink:to="loc_eba_x0" order="1" />
  </link:definitionLink>
  <link:definitionLink xlink:type="extended" xlink:role="http://www.dnb.nl/xbrl/xtn/role/fws/FINREP-BO/wft-3-72/2017-11-01/tab/F_01.02/3">
    <link:loc xlink:type="locator" xlink:href="../../../../../../dict/dim/dim.xsd#dnb-crd_OTP" xlink:label="loc_dnb-crd_OTP" />
    <link:loc xlink:type="locator" xlink:href="http://www.eba.europa.eu/eu/fr/xbrl/crr/dict/dom/exp.xsd#eba_MC" xlink:label="loc_eba_MC" />
    <link:definitionArc xlink:type="arc" xlink:arcrole="http://xbrl.org/int/dim/arcrole/dimension-domain" xlink:from="loc_dnb-crd_OTP" xlink:to="loc_eba_MC" xbrldt:usable="false" order="1" />
    <link:loc xlink:type="locator" xlink:href="http://www.eba.europa.eu/eu/fr/xbrl/crr/dict/dom/mc/mem.xsd#eba_x0" xlink:label="loc_eba_x0" />
    <link:definitionArc xlink:type="arc" xlink:arcrole="http://xbrl.org/int/dim/arcrole/domain-member" xlink:from="loc_eba_MC" xlink:to="loc_eba_x0" order="1" />
  </link:definitionLink>
  <link:definitionLink xlink:type="extended" xlink:role="http://www.dnb.nl/xbrl/xtn/role/fws/FINREP-BO/wft-3-72/2017-11-01/tab/F_01.02/4">
    <link:loc xlink:type="locator" xlink:href="http://www.eba.europa.eu/eu/fr/xbrl/crr/dict/met/met.xsd#eba_mi53" xlink:label="loc_eba_mi53" />
    <link:loc xlink:type="locator" xlink:href="http://www.eurofiling.info/eu/fr/xbrl/ext/model.xsd#hyp" xlink:label="loc_hyp" />
    <link:definitionArc xlink:type="arc" xlink:arcrole="http://xbrl.org/int/dim/arcrole/all" xlink:from="loc_eba_mi53" xlink:to="loc_hyp" xbrldt:closed="true" xbrldt:contextElement="scenario" order="1" />
    <link:loc xlink:type="locator" xlink:href="http://www.eba.europa.eu/eu/fr/xbrl/crr/dict/dim/dim.xsd#eba_BAS" xlink:label="loc_eba_BAS" />
    <link:definitionArc xlink:type="arc" xlink:arcrole="http://xbrl.org/int/dim/arcrole/hypercube-dimension" xlink:from="loc_hyp" xlink:to="loc_eba_BAS" order="1" />
    <link:loc xlink:type="locator" xlink:href="http://www.eba.europa.eu/eu/fr/xbrl/crr/dict/dom/exp.xsd#eba_BA" xlink:label="loc_eba_BA" />
    <link:definitionArc xlink:type="arc" xlink:arcrole="http://xbrl.org/int/dim/arcrole/dimension-domain" xlink:from="loc_eba_BAS" xlink:to="loc_eba_BA" xbrldt:usable="false" order="1" />
    <link:loc xlink:type="locator" xlink:href="http://www.eba.europa.eu/eu/fr/xbrl/crr/dict/dom/ba/mem.xsd#eba_x7" xlink:label="loc_eba_x7" />
    <link:definitionArc xlink:type="arc" xlink:arcrole="http://xbrl.org/int/dim/arcrole/domain-member" xlink:from="loc_eba_BA" xlink:to="loc_eba_x7" order="1" />
    <link:loc xlink:type="locator" xlink:href="http://www.eba.europa.eu/eu/fr/xbrl/crr/dict/dim/dim.xsd#eba_RPR" xlink:label="loc_eba_RPR" />
    <link:definitionArc xlink:type="arc" xlink:arcrole="http://xbrl.org/int/dim/arcrole/hypercube-dimension" xlink:from="loc_hyp" xlink:to="loc_eba_RPR" order="2" />
    <link:loc xlink:type="locator" xlink:href="http://www.eba.europa.eu/eu/fr/xbrl/crr/dict/dom/exp.xsd#eba_RP" xlink:label="loc_eba_RP" />
    <link:definitionArc xlink:type="arc" xlink:arcrole="http://xbrl.org/int/dim/arcrole/dimension-domain" xlink:from="loc_eba_RPR" xlink:to="loc_eba_RP" xbrldt:usable="false" order="1" />
    <link:loc xlink:type="locator" xlink:href="../../../../../../dict/dom/dnbeba_rp/mem.xsd#dnb-crd_x100" xlink:label="loc_dnb-crd_x100" />
    <link:definitionArc xlink:type="arc" xlink:arcrole="http://xbrl.org/int/dim/arcrole/domain-member" xlink:from="loc_eba_RP" xlink:to="loc_dnb-crd_x100" order="1" />
    <link:loc xlink:type="locator" xlink:href="../../../../../../dict/dom/dnbeba_rp/mem.xsd#dnb-crd_x101" xlink:label="loc_dnb-crd_x101" />
    <link:definitionArc xlink:type="arc" xlink:arcrole="http://xbrl.org/int/dim/arcrole/domain-member" xlink:from="loc_eba_RP" xlink:to="loc_dnb-crd_x101" order="2" />
    <link:loc xlink:type="locator" xlink:href="http://www.eba.europa.eu/eu/fr/xbrl/crr/dict/dim/dim.xsd#eba_MCY" xlink:label="loc_eba_MCY" />
    <link:definitionArc xlink:type="arc" xlink:arcrole="http://xbrl.org/int/dim/arcrole/hypercube-dimension" xlink:from="loc_hyp" xlink:to="loc_eba_MCY" order="3" />
    <link:loc xlink:type="locator" xlink:href="http://www.eba.europa.eu/eu/fr/xbrl/crr/dict/dom/exp.xsd#eba_MC" xlink:label="loc_eba_MC" />
    <link:definitionArc xlink:type="arc" xlink:arcrole="http://xbrl.org/int/dim/arcrole/dimension-domain" xlink:from="loc_eba_MCY" xlink:to="loc_eba_MC" xbrldt:usable="false" order="1" />
    <link:loc xlink:type="locator" xlink:href="http://www.eba.europa.eu/eu/fr/xbrl/crr/dict/dom/mc/mem.xsd#eba_x264" xlink:label="loc_eba_x264" />
    <link:definitionArc xlink:type="arc" xlink:arcrole="http://xbrl.org/int/dim/arcrole/domain-member" xlink:from="loc_eba_MC" xlink:to="loc_eba_x264" order="1" />
    <link:loc xlink:type="locator" xlink:href="http://www.eba.europa.eu/eu/fr/xbrl/crr/dict/dim/dim.xsd#eba_APL" xlink:label="loc_eba_APL" />
    <link:definitionArc xlink:type="arc" xlink:arcrole="http://xbrl.org/int/dim/arcrole/hypercube-dimension" xlink:from="loc_hyp" xlink:to="loc_eba_APL" order="4" />
    <link:loc xlink:type="locator" xlink:href="http://www.eba.europa.eu/eu/fr/xbrl/crr/dict/dom/exp.xsd#eba_PL" xlink:label="loc_eba_PL" />
    <link:definitionArc xlink:type="arc" xlink:arcrole="http://xbrl.org/int/dim/arcrole/dimension-domain" xlink:from="loc_eba_APL" xlink:to="loc_eba_PL" xbrldt:usable="false" order="1" />
    <link:loc xlink:type="locator" xlink:href="http://www.eba.europa.eu/eu/fr/xbrl/crr/dict/dom/pl/mem.xsd#eba_x68" xlink:label="loc_eba_x68" />
    <link:definitionArc xlink:type="arc" xlink:arcrole="http://xbrl.org/int/dim/arcrole/domain-member" xlink:from="loc_eba_PL" xlink:to="loc_eba_x68" order="1" />
    <link:loc xlink:type="locator" xlink:href="http://www.eba.europa.eu/eu/fr/xbrl/crr/dict/dom/pl/mem.xsd#eba_x65" xlink:label="loc_eba_x65" />
    <link:definitionArc xlink:type="arc" xlink:arcrole="http://xbrl.org/int/dim/arcrole/domain-member" xlink:from="loc_eba_PL" xlink:to="loc_eba_x65" order="2" />
    <link:loc xlink:type="locator" xlink:href="http://www.eba.europa.eu/eu/fr/xbrl/crr/dict/dim/dim.xsd#eba_SUB" xlink:label="loc_eba_SUB" />
    <link:definitionArc xlink:type="arc" xlink:arcrole="http://xbrl.org/int/dim/arcrole/hypercube-dimension" xlink:from="loc_hyp" xlink:to="loc_eba_SUB" xbrldt:targetRole="http://www.dnb.nl/xbrl/xtn/role/fws/FINREP-BO/wft-3-72/2017-11-01/tab/F_01.02/5" order="5" />
    <link:loc xlink:type="locator" xlink:href="http://www.eba.europa.eu/eu/fr/xbrl/crr/dict/dim/dim.xsd#eba_OFS" xlink:label="loc_eba_OFS" />
    <link:definitionArc xlink:type="arc" xlink:arcrole="http://xbrl.org/int/dim/arcrole/hypercube-dimension" xlink:from="loc_hyp" xlink:to="loc_eba_OFS" order="6" />
    <link:loc xlink:type="locator" xlink:href="http://www.eba.europa.eu/eu/fr/xbrl/crr/dict/dom/exp.xsd#eba_OF" xlink:label="loc_eba_OF" />
    <link:definitionArc xlink:type="arc" xlink:arcrole="http://xbrl.org/int/dim/arcrole/dimension-domain" xlink:from="loc_eba_OFS" xlink:to="loc_eba_OF" xbrldt:usable="false" order="1" />
    <link:loc xlink:type="locator" xlink:href="http://www.eba.europa.eu/eu/fr/xbrl/crr/dict/dom/of/mem.xsd#eba_x0" xlink:label="loc_eba_x0" />
    <link:definitionArc xlink:type="arc" xlink:arcrole="http://xbrl.org/int/dim/arcrole/domain-member" xlink:from="loc_eba_OF" xlink:to="loc_eba_x0" order="1" />
    <link:loc xlink:type="locator" xlink:href="../../../../../../dict/dim/dim.xsd#dnb-crd_OTP" xlink:label="loc_dnb-crd_OTP" />
    <link:definitionArc xlink:type="arc" xlink:arcrole="http://xbrl.org/int/dim/arcrole/hypercube-dimension" xlink:from="loc_hyp" xlink:to="loc_dnb-crd_OTP" xbrldt:targetRole="http://www.dnb.nl/xbrl/xtn/role/fws/FINREP-BO/wft-3-72/2017-11-01/tab/F_01.02/6" order="7" />
  </link:definitionLink>
  <link:definitionLink xlink:type="extended" xlink:role="http://www.dnb.nl/xbrl/xtn/role/fws/FINREP-BO/wft-3-72/2017-11-01/tab/F_01.02/5">
    <link:loc xlink:type="locator" xlink:href="http://www.eba.europa.eu/eu/fr/xbrl/crr/dict/dim/dim.xsd#eba_SUB" xlink:label="loc_eba_SUB" />
    <link:loc xlink:type="locator" xlink:href="http://www.eba.europa.eu/eu/fr/xbrl/crr/dict/dom/exp.xsd#eba_MC" xlink:label="loc_eba_MC" />
    <link:definitionArc xlink:type="arc" xlink:arcrole="http://xbrl.org/int/dim/arcrole/dimension-domain" xlink:from="loc_eba_SUB" xlink:to="loc_eba_MC" xbrldt:usable="false" order="1" />
    <link:loc xlink:type="locator" xlink:href="http://www.eba.europa.eu/eu/fr/xbrl/crr/dict/dom/mc/mem.xsd#eba_x0" xlink:label="loc_eba_x0" />
    <link:definitionArc xlink:type="arc" xlink:arcrole="http://xbrl.org/int/dim/arcrole/domain-member" xlink:from="loc_eba_MC" xlink:to="loc_eba_x0" order="1" />
  </link:definitionLink>
  <link:definitionLink xlink:type="extended" xlink:role="http://www.dnb.nl/xbrl/xtn/role/fws/FINREP-BO/wft-3-72/2017-11-01/tab/F_01.02/6">
    <link:loc xlink:type="locator" xlink:href="../../../../../../dict/dim/dim.xsd#dnb-crd_OTP" xlink:label="loc_dnb-crd_OTP" />
    <link:loc xlink:type="locator" xlink:href="http://www.eba.europa.eu/eu/fr/xbrl/crr/dict/dom/exp.xsd#eba_MC" xlink:label="loc_eba_MC" />
    <link:definitionArc xlink:type="arc" xlink:arcrole="http://xbrl.org/int/dim/arcrole/dimension-domain" xlink:from="loc_dnb-crd_OTP" xlink:to="loc_eba_MC" xbrldt:usable="false" order="1" />
    <link:loc xlink:type="locator" xlink:href="http://www.eba.europa.eu/eu/fr/xbrl/crr/dict/dom/mc/mem.xsd#eba_x0" xlink:label="loc_eba_x0" />
    <link:definitionArc xlink:type="arc" xlink:arcrole="http://xbrl.org/int/dim/arcrole/domain-member" xlink:from="loc_eba_MC" xlink:to="loc_eba_x0" order="1" />
  </link:definitionLink>
  <link:definitionLink xlink:type="extended" xlink:role="http://www.dnb.nl/xbrl/xtn/role/fws/FINREP-BO/wft-3-72/2017-11-01/tab/F_01.02/7">
    <link:loc xlink:type="locator" xlink:href="http://www.eba.europa.eu/eu/fr/xbrl/crr/dict/met/met.xsd#eba_mi53" xlink:label="loc_eba_mi53" />
    <link:loc xlink:type="locator" xlink:href="http://www.eurofiling.info/eu/fr/xbrl/ext/model.xsd#hyp" xlink:label="loc_hyp" />
    <link:definitionArc xlink:type="arc" xlink:arcrole="http://xbrl.org/int/dim/arcrole/all" xlink:from="loc_eba_mi53" xlink:to="loc_hyp" xbrldt:closed="true" xbrldt:contextElement="scenario" order="1" />
    <link:loc xlink:type="locator" xlink:href="http://www.eba.europa.eu/eu/fr/xbrl/crr/dict/dim/dim.xsd#eba_BAS" xlink:label="loc_eba_BAS" />
    <link:definitionArc xlink:type="arc" xlink:arcrole="http://xbrl.org/int/dim/arcrole/hypercube-dimension" xlink:from="loc_hyp" xlink:to="loc_eba_BAS" order="1" />
    <link:loc xlink:type="locator" xlink:href="http://www.eba.europa.eu/eu/fr/xbrl/crr/dict/dom/exp.xsd#eba_BA" xlink:label="loc_eba_BA" />
    <link:definitionArc xlink:type="arc" xlink:arcrole="http://xbrl.org/int/dim/arcrole/dimension-domain" xlink:from="loc_eba_BAS" xlink:to="loc_eba_BA" xbrldt:usable="false" order="1" />
    <link:loc xlink:type="locator" xlink:href="http://www.eba.europa.eu/eu/fr/xbrl/crr/dict/dom/ba/mem.xsd#eba_x7" xlink:label="loc_eba_x7" />
    <link:definitionArc xlink:type="arc" xlink:arcrole="http://xbrl.org/int/dim/arcrole/domain-member" xlink:from="loc_eba_BA" xlink:to="loc_eba_x7" order="1" />
    <link:loc xlink:type="locator" xlink:href="http://www.eba.europa.eu/eu/fr/xbrl/crr/dict/dim/dim.xsd#eba_MCY" xlink:label="loc_eba_MCY" />
    <link:definitionArc xlink:type="arc" xlink:arcrole="http://xbrl.org/int/dim/arcrole/hypercube-dimension" xlink:from="loc_hyp" xlink:to="loc_eba_MCY" order="2" />
    <link:loc xlink:type="locator" xlink:href="http://www.eba.europa.eu/eu/fr/xbrl/crr/dict/dom/exp.xsd#eba_MC" xlink:label="loc_eba_MC" />
    <link:definitionArc xlink:type="arc" xlink:arcrole="http://xbrl.org/int/dim/arcrole/dimension-domain" xlink:from="loc_eba_MCY" xlink:to="loc_eba_MC" xbrldt:usable="false" order="1" />
    <link:loc xlink:type="locator" xlink:href="http://www.eba.europa.eu/eu/fr/xbrl/crr/dict/dom/mc/mem.xsd#eba_x93" xlink:label="loc_eba_x93" />
    <link:definitionArc xlink:type="arc" xlink:arcrole="http://xbrl.org/int/dim/arcrole/domain-member" xlink:from="loc_eba_MC" xlink:to="loc_eba_x93" order="1" />
    <link:loc xlink:type="locator" xlink:href="http://www.eba.europa.eu/eu/fr/xbrl/crr/dict/dom/mc/mem.xsd#eba_x135" xlink:label="loc_eba_x135" />
    <link:definitionArc xlink:type="arc" xlink:arcrole="http://xbrl.org/int/dim/arcrole/domain-member" xlink:from="loc_eba_MC" xlink:to="loc_eba_x135" order="2" />
    <link:loc xlink:type="locator" xlink:href="http://www.eba.europa.eu/eu/fr/xbrl/crr/dict/dom/mc/mem.xsd#eba_x146" xlink:label="loc_eba_x146" />
    <link:definitionArc xlink:type="arc" xlink:arcrole="http://xbrl.org/int/dim/arcrole/domain-member" xlink:from="loc_eba_MC" xlink:to="loc_eba_x146" order="3" />
    <link:loc xlink:type="locator" xlink:href="http://www.eba.europa.eu/eu/fr/xbrl/crr/dict/dom/mc/mem.xsd#eba_x264" xlink:label="loc_eba_x264" />
    <link:definitionArc xlink:type="arc" xlink:arcrole="http://xbrl.org/int/dim/arcrole/domain-member" xlink:from="loc_eba_MC" xlink:to="loc_eba_x264" order="4" />
    <link:loc xlink:type="locator" xlink:href="http://www.eba.europa.eu/eu/fr/xbrl/crr/dict/dim/dim.xsd#eba_APL" xlink:label="loc_eba_APL" />
    <link:definitionArc xlink:type="arc" xlink:arcrole="http://xbrl.org/int/dim/arcrole/hypercube-dimension" xlink:from="loc_hyp" xlink:to="loc_eba_APL" order="3" />
    <link:loc xlink:type="locator" xlink:href="http://www.eba.europa.eu/eu/fr/xbrl/crr/dict/dom/exp.xsd#eba_PL" xlink:label="loc_eba_PL" />
    <link:definitionArc xlink:type="arc" xlink:arcrole="http://xbrl.org/int/dim/arcrole/dimension-domain" xlink:from="loc_eba_APL" xlink:to="loc_eba_PL" xbrldt:usable="false" order="1" />
    <link:loc xlink:type="locator" xlink:href="http://www.eba.europa.eu/eu/fr/xbrl/crr/dict/dom/pl/mem.xsd#eba_x25" xlink:label="loc_eba_x25" />
    <link:definitionArc xlink:type="arc" xlink:arcrole="http://xbrl.org/int/dim/arcrole/domain-member" xlink:from="loc_eba_PL" xlink:to="loc_eba_x25" order="1" />
    <link:loc xlink:type="locator" xlink:href="http://www.eba.europa.eu/eu/fr/xbrl/crr/dict/dom/pl/mem.xsd#eba_x27" xlink:label="loc_eba_x27" />
    <link:definitionArc xlink:type="arc" xlink:arcrole="http://xbrl.org/int/dim/arcrole/domain-member" xlink:from="loc_eba_PL" xlink:to="loc_eba_x27" order="2" />
    <link:loc xlink:type="locator" xlink:href="http://www.eba.europa.eu/eu/fr/xbrl/crr/dict/dom/pl/mem.xsd#eba_x65" xlink:label="loc_eba_x65" />
    <link:definitionArc xlink:type="arc" xlink:arcrole="http://xbrl.org/int/dim/arcrole/domain-member" xlink:from="loc_eba_PL" xlink:to="loc_eba_x65" order="3" />
    <link:loc xlink:type="locator" xlink:href="http://www.eba.europa.eu/eu/fr/xbrl/crr/dict/dim/dim.xsd#eba_RPR" xlink:label="loc_eba_RPR" />
    <link:definitionArc xlink:type="arc" xlink:arcrole="http://xbrl.org/int/dim/arcrole/hypercube-dimension" xlink:from="loc_hyp" xlink:to="loc_eba_RPR" order="4" />
    <link:loc xlink:type="locator" xlink:href="http://www.eba.europa.eu/eu/fr/xbrl/crr/dict/dom/exp.xsd#eba_RP" xlink:label="loc_eba_RP" />
    <link:definitionArc xlink:type="arc" xlink:arcrole="http://xbrl.org/int/dim/arcrole/dimension-domain" xlink:from="loc_eba_RPR" xlink:to="loc_eba_RP" xbrldt:usable="false" order="1" />
    <link:loc xlink:type="locator" xlink:href="http://www.eba.europa.eu/eu/fr/xbrl/crr/dict/dom/rp/mem.xsd#eba_x0" xlink:label="loc_eba_x0" />
    <link:definitionArc xlink:type="arc" xlink:arcrole="http://xbrl.org/int/dim/arcrole/domain-member" xlink:from="loc_eba_RP" xlink:to="loc_eba_x0" order="1" />
    <link:loc xlink:type="locator" xlink:href="http://www.eba.europa.eu/eu/fr/xbrl/crr/dict/dim/dim.xsd#eba_SUB" xlink:label="loc_eba_SUB" />
    <link:definitionArc xlink:type="arc" xlink:arcrole="http://xbrl.org/int/dim/arcrole/hypercube-dimension" xlink:from="loc_hyp" xlink:to="loc_eba_SUB" xbrldt:targetRole="http://www.dnb.nl/xbrl/xtn/role/fws/FINREP-BO/wft-3-72/2017-11-01/tab/F_01.02/8" order="5" />
    <link:loc xlink:type="locator" xlink:href="http://www.eba.europa.eu/eu/fr/xbrl/crr/dict/dim/dim.xsd#eba_OFS" xlink:label="loc_eba_OFS" />
    <link:definitionArc xlink:type="arc" xlink:arcrole="http://xbrl.org/int/dim/arcrole/hypercube-dimension" xlink:from="loc_hyp" xlink:to="loc_eba_OFS" order="6" />
    <link:loc xlink:type="locator" xlink:href="http://www.eba.europa.eu/eu/fr/xbrl/crr/dict/dom/exp.xsd#eba_OF" xlink:label="loc_eba_OF" />
    <link:definitionArc xlink:type="arc" xlink:arcrole="http://xbrl.org/int/dim/arcrole/dimension-domain" xlink:from="loc_eba_OFS" xlink:to="loc_eba_OF" xbrldt:usable="false" order="1" />
    <link:loc xlink:type="locator" xlink:href="http://www.eba.europa.eu/eu/fr/xbrl/crr/dict/dom/of/mem.xsd#eba_x0" xlink:label="loc_eba_x0_1" />
    <link:definitionArc xlink:type="arc" xlink:arcrole="http://xbrl.org/int/dim/arcrole/domain-member" xlink:from="loc_eba_OF" xlink:to="loc_eba_x0_1" order="1" />
    <link:loc xlink:type="locator" xlink:href="../../../../../../dict/dim/dim.xsd#dnb-crd_OTP" xlink:label="loc_dnb-crd_OTP" />
    <link:definitionArc xlink:type="arc" xlink:arcrole="http://xbrl.org/int/dim/arcrole/hypercube-dimension" xlink:from="loc_hyp" xlink:to="loc_dnb-crd_OTP" xbrldt:targetRole="http://www.dnb.nl/xbrl/xtn/role/fws/FINREP-BO/wft-3-72/2017-11-01/tab/F_01.02/9" order="7" />
  </link:definitionLink>
  <link:definitionLink xlink:type="extended" xlink:role="http://www.dnb.nl/xbrl/xtn/role/fws/FINREP-BO/wft-3-72/2017-11-01/tab/F_01.02/8">
    <link:loc xlink:type="locator" xlink:href="http://www.eba.europa.eu/eu/fr/xbrl/crr/dict/dim/dim.xsd#eba_SUB" xlink:label="loc_eba_SUB" />
    <link:loc xlink:type="locator" xlink:href="http://www.eba.europa.eu/eu/fr/xbrl/crr/dict/dom/exp.xsd#eba_MC" xlink:label="loc_eba_MC" />
    <link:definitionArc xlink:type="arc" xlink:arcrole="http://xbrl.org/int/dim/arcrole/dimension-domain" xlink:from="loc_eba_SUB" xlink:to="loc_eba_MC" xbrldt:usable="false" order="1" />
    <link:loc xlink:type="locator" xlink:href="http://www.eba.europa.eu/eu/fr/xbrl/crr/dict/dom/mc/mem.xsd#eba_x0" xlink:label="loc_eba_x0" />
    <link:definitionArc xlink:type="arc" xlink:arcrole="http://xbrl.org/int/dim/arcrole/domain-member" xlink:from="loc_eba_MC" xlink:to="loc_eba_x0" order="1" />
  </link:definitionLink>
  <link:definitionLink xlink:type="extended" xlink:role="http://www.dnb.nl/xbrl/xtn/role/fws/FINREP-BO/wft-3-72/2017-11-01/tab/F_01.02/9">
    <link:loc xlink:type="locator" xlink:href="../../../../../../dict/dim/dim.xsd#dnb-crd_OTP" xlink:label="loc_dnb-crd_OTP" />
    <link:loc xlink:type="locator" xlink:href="http://www.eba.europa.eu/eu/fr/xbrl/crr/dict/dom/exp.xsd#eba_MC" xlink:label="loc_eba_MC" />
    <link:definitionArc xlink:type="arc" xlink:arcrole="http://xbrl.org/int/dim/arcrole/dimension-domain" xlink:from="loc_dnb-crd_OTP" xlink:to="loc_eba_MC" xbrldt:usable="false" order="1" />
    <link:loc xlink:type="locator" xlink:href="http://www.eba.europa.eu/eu/fr/xbrl/crr/dict/dom/mc/mem.xsd#eba_x0" xlink:label="loc_eba_x0" />
    <link:definitionArc xlink:type="arc" xlink:arcrole="http://xbrl.org/int/dim/arcrole/domain-member" xlink:from="loc_eba_MC" xlink:to="loc_eba_x0" order="1" />
  </link:definitionLink>
  <link:definitionLink xlink:type="extended" xlink:role="http://www.dnb.nl/xbrl/xtn/role/fws/FINREP-BO/wft-3-72/2017-11-01/tab/F_01.02/10">
    <link:loc xlink:type="locator" xlink:href="http://www.eba.europa.eu/eu/fr/xbrl/crr/dict/met/met.xsd#eba_mi53" xlink:label="loc_eba_mi53" />
    <link:loc xlink:type="locator" xlink:href="http://www.eurofiling.info/eu/fr/xbrl/ext/model.xsd#hyp" xlink:label="loc_hyp" />
    <link:definitionArc xlink:type="arc" xlink:arcrole="http://xbrl.org/int/dim/arcrole/all" xlink:from="loc_eba_mi53" xlink:to="loc_hyp" xbrldt:closed="true" xbrldt:contextElement="scenario" order="1" />
    <link:loc xlink:type="locator" xlink:href="http://www.eba.europa.eu/eu/fr/xbrl/crr/dict/dim/dim.xsd#eba_BAS" xlink:label="loc_eba_BAS" />
    <link:definitionArc xlink:type="arc" xlink:arcrole="http://xbrl.org/int/dim/arcrole/hypercube-dimension" xlink:from="loc_hyp" xlink:to="loc_eba_BAS" order="1" />
    <link:loc xlink:type="locator" xlink:href="http://www.eba.europa.eu/eu/fr/xbrl/crr/dict/dom/exp.xsd#eba_BA" xlink:label="loc_eba_BA" />
    <link:definitionArc xlink:type="arc" xlink:arcrole="http://xbrl.org/int/dim/arcrole/dimension-domain" xlink:from="loc_eba_BAS" xlink:to="loc_eba_BA" xbrldt:usable="false" order="1" />
    <link:loc xlink:type="locator" xlink:href="http://www.eba.europa.eu/eu/fr/xbrl/crr/dict/dom/ba/mem.xsd#eba_x7" xlink:label="loc_eba_x7" />
    <link:definitionArc xlink:type="arc" xlink:arcrole="http://xbrl.org/int/dim/arcrole/domain-member" xlink:from="loc_eba_BA" xlink:to="loc_eba_x7" order="1" />
    <link:loc xlink:type="locator" xlink:href="http://www.eba.europa.eu/eu/fr/xbrl/crr/dict/dim/dim.xsd#eba_SUB" xlink:label="loc_eba_SUB" />
    <link:definitionArc xlink:type="arc" xlink:arcrole="http://xbrl.org/int/dim/arcrole/hypercube-dimension" xlink:from="loc_hyp" xlink:to="loc_eba_SUB" order="2" />
    <link:loc xlink:type="locator" xlink:href="http://www.eba.europa.eu/eu/fr/xbrl/crr/dict/dom/exp.xsd#eba_MC" xlink:label="loc_eba_MC" />
    <link:definitionArc xlink:type="arc" xlink:arcrole="http://xbrl.org/int/dim/arcrole/dimension-domain" xlink:from="loc_eba_SUB" xlink:to="loc_eba_MC" xbrldt:usable="false" order="1" />
    <link:loc xlink:type="locator" xlink:href="http://www.eba.europa.eu/eu/fr/xbrl/crr/dict/dom/mc/mem.xsd#eba_x362" xlink:label="loc_eba_x362" />
    <link:definitionArc xlink:type="arc" xlink:arcrole="http://xbrl.org/int/dim/arcrole/domain-member" xlink:from="loc_eba_MC" xlink:to="loc_eba_x362" order="1" />
    <link:loc xlink:type="locator" xlink:href="http://www.eba.europa.eu/eu/fr/xbrl/crr/dict/dim/dim.xsd#eba_MCY" xlink:label="loc_eba_MCY" />
    <link:definitionArc xlink:type="arc" xlink:arcrole="http://xbrl.org/int/dim/arcrole/hypercube-dimension" xlink:from="loc_hyp" xlink:to="loc_eba_MCY" xbrldt:targetRole="http://www.dnb.nl/xbrl/xtn/role/fws/FINREP-BO/wft-3-72/2017-11-01/tab/F_01.02/11" order="3" />
    <link:loc xlink:type="locator" xlink:href="http://www.eba.europa.eu/eu/fr/xbrl/crr/dict/dim/dim.xsd#eba_APL" xlink:label="loc_eba_APL" />
    <link:definitionArc xlink:type="arc" xlink:arcrole="http://xbrl.org/int/dim/arcrole/hypercube-dimension" xlink:from="loc_hyp" xlink:to="loc_eba_APL" order="4" />
    <link:loc xlink:type="locator" xlink:href="http://www.eba.europa.eu/eu/fr/xbrl/crr/dict/dom/exp.xsd#eba_PL" xlink:label="loc_eba_PL" />
    <link:definitionArc xlink:type="arc" xlink:arcrole="http://xbrl.org/int/dim/arcrole/dimension-domain" xlink:from="loc_eba_APL" xlink:to="loc_eba_PL" xbrldt:usable="false" order="1" />
    <link:loc xlink:type="locator" xlink:href="http://www.eba.europa.eu/eu/fr/xbrl/crr/dict/dom/pl/mem.xsd#eba_x65" xlink:label="loc_eba_x65" />
    <link:definitionArc xlink:type="arc" xlink:arcrole="http://xbrl.org/int/dim/arcrole/domain-member" xlink:from="loc_eba_PL" xlink:to="loc_eba_x65" order="1" />
    <link:loc xlink:type="locator" xlink:href="http://www.eba.europa.eu/eu/fr/xbrl/crr/dict/dim/dim.xsd#eba_RPR" xlink:label="loc_eba_RPR" />
    <link:definitionArc xlink:type="arc" xlink:arcrole="http://xbrl.org/int/dim/arcrole/hypercube-dimension" xlink:from="loc_hyp" xlink:to="loc_eba_RPR" order="5" />
    <link:loc xlink:type="locator" xlink:href="http://www.eba.europa.eu/eu/fr/xbrl/crr/dict/dom/exp.xsd#eba_RP" xlink:label="loc_eba_RP" />
    <link:definitionArc xlink:type="arc" xlink:arcrole="http://xbrl.org/int/dim/arcrole/dimension-domain" xlink:from="loc_eba_RPR" xlink:to="loc_eba_RP" xbrldt:usable="false" order="1" />
    <link:loc xlink:type="locator" xlink:href="http://www.eba.europa.eu/eu/fr/xbrl/crr/dict/dom/rp/mem.xsd#eba_x0" xlink:label="loc_eba_x0" />
    <link:definitionArc xlink:type="arc" xlink:arcrole="http://xbrl.org/int/dim/arcrole/domain-member" xlink:from="loc_eba_RP" xlink:to="loc_eba_x0" order="1" />
    <link:loc xlink:type="locator" xlink:href="http://www.eba.europa.eu/eu/fr/xbrl/crr/dict/dim/dim.xsd#eba_OFS" xlink:label="loc_eba_OFS" />
    <link:definitionArc xlink:type="arc" xlink:arcrole="http://xbrl.org/int/dim/arcrole/hypercube-dimension" xlink:from="loc_hyp" xlink:to="loc_eba_OFS" order="6" />
    <link:loc xlink:type="locator" xlink:href="http://www.eba.europa.eu/eu/fr/xbrl/crr/dict/dom/exp.xsd#eba_OF" xlink:label="loc_eba_OF" />
    <link:definitionArc xlink:type="arc" xlink:arcrole="http://xbrl.org/int/dim/arcrole/dimension-domain" xlink:from="loc_eba_OFS" xlink:to="loc_eba_OF" xbrldt:usable="false" order="1" />
    <link:loc xlink:type="locator" xlink:href="http://www.eba.europa.eu/eu/fr/xbrl/crr/dict/dom/of/mem.xsd#eba_x0" xlink:label="loc_eba_x0_1" />
    <link:definitionArc xlink:type="arc" xlink:arcrole="http://xbrl.org/int/dim/arcrole/domain-member" xlink:from="loc_eba_OF" xlink:to="loc_eba_x0_1" order="1" />
    <link:loc xlink:type="locator" xlink:href="http://www.eba.europa.eu/eu/fr/xbrl/crr/dict/dom/of/mem.xsd#eba_x1" xlink:label="loc_eba_x1" />
    <link:definitionArc xlink:type="arc" xlink:arcrole="http://xbrl.org/int/dim/arcrole/domain-member" xlink:from="loc_eba_OF" xlink:to="loc_eba_x1" order="2" />
    <link:loc xlink:type="locator" xlink:href="http://www.eba.europa.eu/eu/fr/xbrl/crr/dict/dom/of/mem.xsd#eba_x9" xlink:label="loc_eba_x9" />
    <link:definitionArc xlink:type="arc" xlink:arcrole="http://xbrl.org/int/dim/arcrole/domain-member" xlink:from="loc_eba_OF" xlink:to="loc_eba_x9" order="3" />
    <link:loc xlink:type="locator" xlink:href="../../../../../../dict/dom/dnbeba_of/mem.xsd#dnb-crd_x1000" xlink:label="loc_dnb-crd_x1000" />
    <link:definitionArc xlink:type="arc" xlink:arcrole="http://xbrl.org/int/dim/arcrole/domain-member" xlink:from="loc_eba_OF" xlink:to="loc_dnb-crd_x1000" order="4" />
    <link:loc xlink:type="locator" xlink:href="../../../../../../dict/dim/dim.xsd#dnb-crd_OTP" xlink:label="loc_dnb-crd_OTP" />
    <link:definitionArc xlink:type="arc" xlink:arcrole="http://xbrl.org/int/dim/arcrole/hypercube-dimension" xlink:from="loc_hyp" xlink:to="loc_dnb-crd_OTP" xbrldt:targetRole="http://www.dnb.nl/xbrl/xtn/role/fws/FINREP-BO/wft-3-72/2017-11-01/tab/F_01.02/12" order="7" />
  </link:definitionLink>
  <link:definitionLink xlink:type="extended" xlink:role="http://www.dnb.nl/xbrl/xtn/role/fws/FINREP-BO/wft-3-72/2017-11-01/tab/F_01.02/11">
    <link:loc xlink:type="locator" xlink:href="http://www.eba.europa.eu/eu/fr/xbrl/crr/dict/dim/dim.xsd#eba_MCY" xlink:label="loc_eba_MCY" />
    <link:loc xlink:type="locator" xlink:href="http://www.eba.europa.eu/eu/fr/xbrl/crr/dict/dom/exp.xsd#eba_MC" xlink:label="loc_eba_MC" />
    <link:definitionArc xlink:type="arc" xlink:arcrole="http://xbrl.org/int/dim/arcrole/dimension-domain" xlink:from="loc_eba_MCY" xlink:to="loc_eba_MC" xbrldt:usable="false" order="1" />
    <link:loc xlink:type="locator" xlink:href="http://www.eba.europa.eu/eu/fr/xbrl/crr/dict/dom/mc/mem.xsd#eba_x146" xlink:label="loc_eba_x146" />
    <link:definitionArc xlink:type="arc" xlink:arcrole="http://xbrl.org/int/dim/arcrole/domain-member" xlink:from="loc_eba_MC" xlink:to="loc_eba_x146" order="1" />
  </link:definitionLink>
  <link:definitionLink xlink:type="extended" xlink:role="http://www.dnb.nl/xbrl/xtn/role/fws/FINREP-BO/wft-3-72/2017-11-01/tab/F_01.02/12">
    <link:loc xlink:type="locator" xlink:href="../../../../../../dict/dim/dim.xsd#dnb-crd_OTP" xlink:label="loc_dnb-crd_OTP" />
    <link:loc xlink:type="locator" xlink:href="http://www.eba.europa.eu/eu/fr/xbrl/crr/dict/dom/exp.xsd#eba_MC" xlink:label="loc_eba_MC" />
    <link:definitionArc xlink:type="arc" xlink:arcrole="http://xbrl.org/int/dim/arcrole/dimension-domain" xlink:from="loc_dnb-crd_OTP" xlink:to="loc_eba_MC" xbrldt:usable="false" order="1" />
    <link:loc xlink:type="locator" xlink:href="http://www.eba.europa.eu/eu/fr/xbrl/crr/dict/dom/mc/mem.xsd#eba_x0" xlink:label="loc_eba_x0" />
    <link:definitionArc xlink:type="arc" xlink:arcrole="http://xbrl.org/int/dim/arcrole/domain-member" xlink:from="loc_eba_MC" xlink:to="loc_eba_x0" order="1" />
  </link:definitionLink>
  <link:definitionLink xlink:type="extended" xlink:role="http://www.dnb.nl/xbrl/xtn/role/fws/FINREP-BO/wft-3-72/2017-11-01/tab/F_01.02/13">
    <link:loc xlink:type="locator" xlink:href="http://www.eba.europa.eu/eu/fr/xbrl/crr/dict/met/met.xsd#eba_mi53" xlink:label="loc_eba_mi53" />
    <link:loc xlink:type="locator" xlink:href="http://www.eurofiling.info/eu/fr/xbrl/ext/model.xsd#hyp" xlink:label="loc_hyp" />
    <link:definitionArc xlink:type="arc" xlink:arcrole="http://xbrl.org/int/dim/arcrole/all" xlink:from="loc_eba_mi53" xlink:to="loc_hyp" xbrldt:closed="true" xbrldt:contextElement="scenario" order="1" />
    <link:loc xlink:type="locator" xlink:href="http://www.eba.europa.eu/eu/fr/xbrl/crr/dict/dim/dim.xsd#eba_BAS" xlink:label="loc_eba_BAS" />
    <link:definitionArc xlink:type="arc" xlink:arcrole="http://xbrl.org/int/dim/arcrole/hypercube-dimension" xlink:from="loc_hyp" xlink:to="loc_eba_BAS" order="1" />
    <link:loc xlink:type="locator" xlink:href="http://www.eba.europa.eu/eu/fr/xbrl/crr/dict/dom/exp.xsd#eba_BA" xlink:label="loc_eba_BA" />
    <link:definitionArc xlink:type="arc" xlink:arcrole="http://xbrl.org/int/dim/arcrole/dimension-domain" xlink:from="loc_eba_BAS" xlink:to="loc_eba_BA" xbrldt:usable="false" order="1" />
    <link:loc xlink:type="locator" xlink:href="http://www.eba.europa.eu/eu/fr/xbrl/crr/dict/dom/ba/mem.xsd#eba_x7" xlink:label="loc_eba_x7" />
    <link:definitionArc xlink:type="arc" xlink:arcrole="http://xbrl.org/int/dim/arcrole/domain-member" xlink:from="loc_eba_BA" xlink:to="loc_eba_x7" order="1" />
    <link:loc xlink:type="locator" xlink:href="http://www.eba.europa.eu/eu/fr/xbrl/crr/dict/dim/dim.xsd#eba_MCY" xlink:label="loc_eba_MCY" />
    <link:definitionArc xlink:type="arc" xlink:arcrole="http://xbrl.org/int/dim/arcrole/hypercube-dimension" xlink:from="loc_hyp" xlink:to="loc_eba_MCY" order="2" />
    <link:loc xlink:type="locator" xlink:href="http://www.eba.europa.eu/eu/fr/xbrl/crr/dict/dom/exp.xsd#eba_MC" xlink:label="loc_eba_MC" />
    <link:definitionArc xlink:type="arc" xlink:arcrole="http://xbrl.org/int/dim/arcrole/dimension-domain" xlink:from="loc_eba_MCY" xlink:to="loc_eba_MC" xbrldt:usable="false" order="1" />
    <link:loc xlink:type="locator" xlink:href="http://www.eba.europa.eu/eu/fr/xbrl/crr/dict/dom/mc/mem.xsd#eba_x99" xlink:label="loc_eba_x99" />
    <link:definitionArc xlink:type="arc" xlink:arcrole="http://xbrl.org/int/dim/arcrole/domain-member" xlink:from="loc_eba_MC" xlink:to="loc_eba_x99" order="1" />
    <link:loc xlink:type="locator" xlink:href="http://www.eba.europa.eu/eu/fr/xbrl/crr/dict/dim/dim.xsd#eba_APL" xlink:label="loc_eba_APL" />
    <link:definitionArc xlink:type="arc" xlink:arcrole="http://xbrl.org/int/dim/arcrole/hypercube-dimension" xlink:from="loc_hyp" xlink:to="loc_eba_APL" order="3" />
    <link:loc xlink:type="locator" xlink:href="http://www.eba.europa.eu/eu/fr/xbrl/crr/dict/dom/exp.xsd#eba_PL" xlink:label="loc_eba_PL" />
    <link:definitionArc xlink:type="arc" xlink:arcrole="http://xbrl.org/int/dim/arcrole/dimension-domain" xlink:from="loc_eba_APL" xlink:to="loc_eba_PL" xbrldt:usable="false" order="1" />
    <link:loc xlink:type="locator" xlink:href="http://www.eba.europa.eu/eu/fr/xbrl/crr/dict/dom/pl/mem.xsd#eba_x28" xlink:label="loc_eba_x28" />
    <link:definitionArc xlink:type="arc" xlink:arcrole="http://xbrl.org/int/dim/arcrole/domain-member" xlink:from="loc_eba_PL" xlink:to="loc_eba_x28" order="1" />
    <link:loc xlink:type="locator" xlink:href="http://www.eba.europa.eu/eu/fr/xbrl/crr/dict/dim/dim.xsd#eba_RPR" xlink:label="loc_eba_RPR" />
    <link:definitionArc xlink:type="arc" xlink:arcrole="http://xbrl.org/int/dim/arcrole/hypercube-dimension" xlink:from="loc_hyp" xlink:to="loc_eba_RPR" order="4" />
    <link:loc xlink:type="locator" xlink:href="http://www.eba.europa.eu/eu/fr/xbrl/crr/dict/dom/exp.xsd#eba_RP" xlink:label="loc_eba_RP" />
    <link:definitionArc xlink:type="arc" xlink:arcrole="http://xbrl.org/int/dim/arcrole/dimension-domain" xlink:from="loc_eba_RPR" xlink:to="loc_eba_RP" xbrldt:usable="false" order="1" />
    <link:loc xlink:type="locator" xlink:href="http://www.eba.europa.eu/eu/fr/xbrl/crr/dict/dom/rp/mem.xsd#eba_x0" xlink:label="loc_eba_x0" />
    <link:definitionArc xlink:type="arc" xlink:arcrole="http://xbrl.org/int/dim/arcrole/domain-member" xlink:from="loc_eba_RP" xlink:to="loc_eba_x0" order="1" />
    <link:loc xlink:type="locator" xlink:href="http://www.eba.europa.eu/eu/fr/xbrl/crr/dict/dim/dim.xsd#eba_SUB" xlink:label="loc_eba_SUB" />
    <link:definitionArc xlink:type="arc" xlink:arcrole="http://xbrl.org/int/dim/arcrole/hypercube-dimension" xlink:from="loc_hyp" xlink:to="loc_eba_SUB" xbrldt:targetRole="http://www.dnb.nl/xbrl/xtn/role/fws/FINREP-BO/wft-3-72/2017-11-01/tab/F_01.02/14" order="5" />
    <link:loc xlink:type="locator" xlink:href="http://www.eba.europa.eu/eu/fr/xbrl/crr/dict/dim/dim.xsd#eba_OFS" xlink:label="loc_eba_OFS" />
    <link:definitionArc xlink:type="arc" xlink:arcrole="http://xbrl.org/int/dim/arcrole/hypercube-dimension" xlink:from="loc_hyp" xlink:to="loc_eba_OFS" order="6" />
    <link:loc xlink:type="locator" xlink:href="http://www.eba.europa.eu/eu/fr/xbrl/crr/dict/dom/exp.xsd#eba_OF" xlink:label="loc_eba_OF" />
    <link:definitionArc xlink:type="arc" xlink:arcrole="http://xbrl.org/int/dim/arcrole/dimension-domain" xlink:from="loc_eba_OFS" xlink:to="loc_eba_OF" xbrldt:usable="false" order="1" />
    <link:loc xlink:type="locator" xlink:href="http://www.eba.europa.eu/eu/fr/xbrl/crr/dict/dom/of/mem.xsd#eba_x0" xlink:label="loc_eba_x0_1" />
    <link:definitionArc xlink:type="arc" xlink:arcrole="http://xbrl.org/int/dim/arcrole/domain-member" xlink:from="loc_eba_OF" xlink:to="loc_eba_x0_1" order="1" />
    <link:loc xlink:type="locator" xlink:href="../../../../../../dict/dim/dim.xsd#dnb-crd_OTP" xlink:label="loc_dnb-crd_OTP" />
    <link:definitionArc xlink:type="arc" xlink:arcrole="http://xbrl.org/int/dim/arcrole/hypercube-dimension" xlink:from="loc_hyp" xlink:to="loc_dnb-crd_OTP" xbrldt:targetRole="http://www.dnb.nl/xbrl/xtn/role/fws/FINREP-BO/wft-3-72/2017-11-01/tab/F_01.02/15" order="7" />
  </link:definitionLink>
  <link:definitionLink xlink:type="extended" xlink:role="http://www.dnb.nl/xbrl/xtn/role/fws/FINREP-BO/wft-3-72/2017-11-01/tab/F_01.02/14">
    <link:loc xlink:type="locator" xlink:href="http://www.eba.europa.eu/eu/fr/xbrl/crr/dict/dim/dim.xsd#eba_SUB" xlink:label="loc_eba_SUB" />
    <link:loc xlink:type="locator" xlink:href="http://www.eba.europa.eu/eu/fr/xbrl/crr/dict/dom/exp.xsd#eba_MC" xlink:label="loc_eba_MC" />
    <link:definitionArc xlink:type="arc" xlink:arcrole="http://xbrl.org/int/dim/arcrole/dimension-domain" xlink:from="loc_eba_SUB" xlink:to="loc_eba_MC" xbrldt:usable="false" order="1" />
    <link:loc xlink:type="locator" xlink:href="http://www.eba.europa.eu/eu/fr/xbrl/crr/dict/dom/mc/mem.xsd#eba_x0" xlink:label="loc_eba_x0" />
    <link:definitionArc xlink:type="arc" xlink:arcrole="http://xbrl.org/int/dim/arcrole/domain-member" xlink:from="loc_eba_MC" xlink:to="loc_eba_x0" order="1" />
  </link:definitionLink>
  <link:definitionLink xlink:type="extended" xlink:role="http://www.dnb.nl/xbrl/xtn/role/fws/FINREP-BO/wft-3-72/2017-11-01/tab/F_01.02/15">
    <link:loc xlink:type="locator" xlink:href="../../../../../../dict/dim/dim.xsd#dnb-crd_OTP" xlink:label="loc_dnb-crd_OTP" />
    <link:loc xlink:type="locator" xlink:href="http://www.eba.europa.eu/eu/fr/xbrl/crr/dict/dom/exp.xsd#eba_MC" xlink:label="loc_eba_MC" />
    <link:definitionArc xlink:type="arc" xlink:arcrole="http://xbrl.org/int/dim/arcrole/dimension-domain" xlink:from="loc_dnb-crd_OTP" xlink:to="loc_eba_MC" xbrldt:usable="false" order="1" />
    <link:loc xlink:type="locator" xlink:href="http://www.eba.europa.eu/eu/fr/xbrl/crr/dict/dom/mc/mem.xsd#eba_x0" xlink:label="loc_eba_x0" />
    <link:definitionArc xlink:type="arc" xlink:arcrole="http://xbrl.org/int/dim/arcrole/domain-member" xlink:from="loc_eba_MC" xlink:to="loc_eba_x0" order="1" />
  </link:definitionLink>
  <link:definitionLink xlink:type="extended" xlink:role="http://www.dnb.nl/xbrl/xtn/role/fws/FINREP-BO/wft-3-72/2017-11-01/tab/F_01.02/16">
    <link:loc xlink:type="locator" xlink:href="http://www.eba.europa.eu/eu/fr/xbrl/crr/dict/met/met.xsd#eba_mi53" xlink:label="loc_eba_mi53" />
    <link:loc xlink:type="locator" xlink:href="http://www.eurofiling.info/eu/fr/xbrl/ext/model.xsd#hyp" xlink:label="loc_hyp" />
    <link:definitionArc xlink:type="arc" xlink:arcrole="http://xbrl.org/int/dim/arcrole/all" xlink:from="loc_eba_mi53" xlink:to="loc_hyp" xbrldt:closed="true" xbrldt:contextElement="scenario" order="1" />
    <link:loc xlink:type="locator" xlink:href="http://www.eba.europa.eu/eu/fr/xbrl/crr/dict/dim/dim.xsd#eba_BAS" xlink:label="loc_eba_BAS" />
    <link:definitionArc xlink:type="arc" xlink:arcrole="http://xbrl.org/int/dim/arcrole/hypercube-dimension" xlink:from="loc_hyp" xlink:to="loc_eba_BAS" order="1" />
    <link:loc xlink:type="locator" xlink:href="http://www.eba.europa.eu/eu/fr/xbrl/crr/dict/dom/exp.xsd#eba_BA" xlink:label="loc_eba_BA" />
    <link:definitionArc xlink:type="arc" xlink:arcrole="http://xbrl.org/int/dim/arcrole/dimension-domain" xlink:from="loc_eba_BAS" xlink:to="loc_eba_BA" xbrldt:usable="false" order="1" />
    <link:loc xlink:type="locator" xlink:href="http://www.eba.europa.eu/eu/fr/xbrl/crr/dict/dom/ba/mem.xsd#eba_x7" xlink:label="loc_eba_x7" />
    <link:definitionArc xlink:type="arc" xlink:arcrole="http://xbrl.org/int/dim/arcrole/domain-member" xlink:from="loc_eba_BA" xlink:to="loc_eba_x7" order="1" />
    <link:loc xlink:type="locator" xlink:href="http://www.eba.europa.eu/eu/fr/xbrl/crr/dict/dim/dim.xsd#eba_MCY" xlink:label="loc_eba_MCY" />
    <link:definitionArc xlink:type="arc" xlink:arcrole="http://xbrl.org/int/dim/arcrole/hypercube-dimension" xlink:from="loc_hyp" xlink:to="loc_eba_MCY" order="2" />
    <link:loc xlink:type="locator" xlink:href="http://www.eba.europa.eu/eu/fr/xbrl/crr/dict/dom/exp.xsd#eba_MC" xlink:label="loc_eba_MC" />
    <link:definitionArc xlink:type="arc" xlink:arcrole="http://xbrl.org/int/dim/arcrole/dimension-domain" xlink:from="loc_eba_MCY" xlink:to="loc_eba_MC" xbrldt:usable="false" order="1" />
    <link:loc xlink:type="locator" xlink:href="http://www.eba.europa.eu/eu/fr/xbrl/crr/dict/dom/mc/mem.xsd#eba_x152" xlink:label="loc_eba_x152" />
    <link:definitionArc xlink:type="arc" xlink:arcrole="http://xbrl.org/int/dim/arcrole/domain-member" xlink:from="loc_eba_MC" xlink:to="loc_eba_x152" order="1" />
    <link:loc xlink:type="locator" xlink:href="http://www.eba.europa.eu/eu/fr/xbrl/crr/dict/dom/mc/mem.xsd#eba_x283" xlink:label="loc_eba_x283" />
    <link:definitionArc xlink:type="arc" xlink:arcrole="http://xbrl.org/int/dim/arcrole/domain-member" xlink:from="loc_eba_MC" xlink:to="loc_eba_x283" order="2" />
    <link:loc xlink:type="locator" xlink:href="http://www.eba.europa.eu/eu/fr/xbrl/crr/dict/dom/mc/mem.xsd#eba_x486" xlink:label="loc_eba_x486" />
    <link:definitionArc xlink:type="arc" xlink:arcrole="http://xbrl.org/int/dim/arcrole/domain-member" xlink:from="loc_eba_MC" xlink:to="loc_eba_x486" order="3" />
    <link:loc xlink:type="locator" xlink:href="http://www.eba.europa.eu/eu/fr/xbrl/crr/dict/dom/mc/mem.xsd#eba_x286" xlink:label="loc_eba_x286" />
    <link:definitionArc xlink:type="arc" xlink:arcrole="http://xbrl.org/int/dim/arcrole/domain-member" xlink:from="loc_eba_MC" xlink:to="loc_eba_x286" order="4" />
    <link:loc xlink:type="locator" xlink:href="http://www.eba.europa.eu/eu/fr/xbrl/crr/dict/dom/mc/mem.xsd#eba_x285" xlink:label="loc_eba_x285" />
    <link:definitionArc xlink:type="arc" xlink:arcrole="http://xbrl.org/int/dim/arcrole/domain-member" xlink:from="loc_eba_MC" xlink:to="loc_eba_x285" order="5" />
    <link:loc xlink:type="locator" xlink:href="http://www.eba.europa.eu/eu/fr/xbrl/crr/dict/dom/mc/mem.xsd#eba_x290" xlink:label="loc_eba_x290" />
    <link:definitionArc xlink:type="arc" xlink:arcrole="http://xbrl.org/int/dim/arcrole/domain-member" xlink:from="loc_eba_MC" xlink:to="loc_eba_x290" order="6" />
    <link:loc xlink:type="locator" xlink:href="http://www.eba.europa.eu/eu/fr/xbrl/crr/dict/dom/mc/mem.xsd#eba_x289" xlink:label="loc_eba_x289" />
    <link:definitionArc xlink:type="arc" xlink:arcrole="http://xbrl.org/int/dim/arcrole/domain-member" xlink:from="loc_eba_MC" xlink:to="loc_eba_x289" order="7" />
    <link:loc xlink:type="locator" xlink:href="http://www.eba.europa.eu/eu/fr/xbrl/crr/dict/dom/mc/mem.xsd#eba_x287" xlink:label="loc_eba_x287" />
    <link:definitionArc xlink:type="arc" xlink:arcrole="http://xbrl.org/int/dim/arcrole/domain-member" xlink:from="loc_eba_MC" xlink:to="loc_eba_x287" order="8" />
    <link:loc xlink:type="locator" xlink:href="http://www.eba.europa.eu/eu/fr/xbrl/crr/dict/dom/mc/mem.xsd#eba_x288" xlink:label="loc_eba_x288" />
    <link:definitionArc xlink:type="arc" xlink:arcrole="http://xbrl.org/int/dim/arcrole/domain-member" xlink:from="loc_eba_MC" xlink:to="loc_eba_x288" order="9" />
    <link:loc xlink:type="locator" xlink:href="http://www.eba.europa.eu/eu/fr/xbrl/crr/dict/dom/mc/mem.xsd#eba_x335" xlink:label="loc_eba_x335" />
    <link:definitionArc xlink:type="arc" xlink:arcrole="http://xbrl.org/int/dim/arcrole/domain-member" xlink:from="loc_eba_MC" xlink:to="loc_eba_x335" order="10" />
    <link:loc xlink:type="locator" xlink:href="http://www.eba.europa.eu/eu/fr/xbrl/crr/dict/dom/mc/mem.xsd#eba_x57" xlink:label="loc_eba_x57" />
    <link:definitionArc xlink:type="arc" xlink:arcrole="http://xbrl.org/int/dim/arcrole/domain-member" xlink:from="loc_eba_MC" xlink:to="loc_eba_x57" order="11" />
    <link:loc xlink:type="locator" xlink:href="http://www.eba.europa.eu/eu/fr/xbrl/crr/dict/dom/mc/mem.xsd#eba_x81" xlink:label="loc_eba_x81" />
    <link:definitionArc xlink:type="arc" xlink:arcrole="http://xbrl.org/int/dim/arcrole/domain-member" xlink:from="loc_eba_MC" xlink:to="loc_eba_x81" order="12" />
    <link:loc xlink:type="locator" xlink:href="http://www.eba.europa.eu/eu/fr/xbrl/crr/dict/dom/mc/mem.xsd#eba_x320" xlink:label="loc_eba_x320" />
    <link:definitionArc xlink:type="arc" xlink:arcrole="http://xbrl.org/int/dim/arcrole/domain-member" xlink:from="loc_eba_MC" xlink:to="loc_eba_x320" order="13" />
    <link:loc xlink:type="locator" xlink:href="http://www.eba.europa.eu/eu/fr/xbrl/crr/dict/dom/mc/mem.xsd#eba_x220" xlink:label="loc_eba_x220" />
    <link:definitionArc xlink:type="arc" xlink:arcrole="http://xbrl.org/int/dim/arcrole/domain-member" xlink:from="loc_eba_MC" xlink:to="loc_eba_x220" order="14" />
    <link:loc xlink:type="locator" xlink:href="http://www.eba.europa.eu/eu/fr/xbrl/crr/dict/dim/dim.xsd#eba_APL" xlink:label="loc_eba_APL" />
    <link:definitionArc xlink:type="arc" xlink:arcrole="http://xbrl.org/int/dim/arcrole/hypercube-dimension" xlink:from="loc_hyp" xlink:to="loc_eba_APL" order="3" />
    <link:loc xlink:type="locator" xlink:href="http://www.eba.europa.eu/eu/fr/xbrl/crr/dict/dom/exp.xsd#eba_PL" xlink:label="loc_eba_PL" />
    <link:definitionArc xlink:type="arc" xlink:arcrole="http://xbrl.org/int/dim/arcrole/dimension-domain" xlink:from="loc_eba_APL" xlink:to="loc_eba_PL" xbrldt:usable="false" order="1" />
    <link:loc xlink:type="locator" xlink:href="http://www.eba.europa.eu/eu/fr/xbrl/crr/dict/dom/pl/mem.xsd#eba_x79" xlink:label="loc_eba_x79" />
    <link:definitionArc xlink:type="arc" xlink:arcrole="http://xbrl.org/int/dim/arcrole/domain-member" xlink:from="loc_eba_PL" xlink:to="loc_eba_x79" order="1" />
    <link:loc xlink:type="locator" xlink:href="http://www.eba.europa.eu/eu/fr/xbrl/crr/dict/dim/dim.xsd#eba_RPR" xlink:label="loc_eba_RPR" />
    <link:definitionArc xlink:type="arc" xlink:arcrole="http://xbrl.org/int/dim/arcrole/hypercube-dimension" xlink:from="loc_hyp" xlink:to="loc_eba_RPR" order="4" />
    <link:loc xlink:type="locator" xlink:href="http://www.eba.europa.eu/eu/fr/xbrl/crr/dict/dom/exp.xsd#eba_RP" xlink:label="loc_eba_RP" />
    <link:definitionArc xlink:type="arc" xlink:arcrole="http://xbrl.org/int/dim/arcrole/dimension-domain" xlink:from="loc_eba_RPR" xlink:to="loc_eba_RP" xbrldt:usable="false" order="1" />
    <link:loc xlink:type="locator" xlink:href="http://www.eba.europa.eu/eu/fr/xbrl/crr/dict/dom/rp/mem.xsd#eba_x0" xlink:label="loc_eba_x0" />
    <link:definitionArc xlink:type="arc" xlink:arcrole="http://xbrl.org/int/dim/arcrole/domain-member" xlink:from="loc_eba_RP" xlink:to="loc_eba_x0" order="1" />
    <link:loc xlink:type="locator" xlink:href="http://www.eba.europa.eu/eu/fr/xbrl/crr/dict/dim/dim.xsd#eba_SUB" xlink:label="loc_eba_SUB" />
    <link:definitionArc xlink:type="arc" xlink:arcrole="http://xbrl.org/int/dim/arcrole/hypercube-dimension" xlink:from="loc_hyp" xlink:to="loc_eba_SUB" xbrldt:targetRole="http://www.dnb.nl/xbrl/xtn/role/fws/FINREP-BO/wft-3-72/2017-11-01/tab/F_01.02/17" order="5" />
    <link:loc xlink:type="locator" xlink:href="http://www.eba.europa.eu/eu/fr/xbrl/crr/dict/dim/dim.xsd#eba_OFS" xlink:label="loc_eba_OFS" />
    <link:definitionArc xlink:type="arc" xlink:arcrole="http://xbrl.org/int/dim/arcrole/hypercube-dimension" xlink:from="loc_hyp" xlink:to="loc_eba_OFS" order="6" />
    <link:loc xlink:type="locator" xlink:href="http://www.eba.europa.eu/eu/fr/xbrl/crr/dict/dom/exp.xsd#eba_OF" xlink:label="loc_eba_OF" />
    <link:definitionArc xlink:type="arc" xlink:arcrole="http://xbrl.org/int/dim/arcrole/dimension-domain" xlink:from="loc_eba_OFS" xlink:to="loc_eba_OF" xbrldt:usable="false" order="1" />
    <link:loc xlink:type="locator" xlink:href="http://www.eba.europa.eu/eu/fr/xbrl/crr/dict/dom/of/mem.xsd#eba_x0" xlink:label="loc_eba_x0_1" />
    <link:definitionArc xlink:type="arc" xlink:arcrole="http://xbrl.org/int/dim/arcrole/domain-member" xlink:from="loc_eba_OF" xlink:to="loc_eba_x0_1" order="1" />
    <link:loc xlink:type="locator" xlink:href="../../../../../../dict/dim/dim.xsd#dnb-crd_OTP" xlink:label="loc_dnb-crd_OTP" />
    <link:definitionArc xlink:type="arc" xlink:arcrole="http://xbrl.org/int/dim/arcrole/hypercube-dimension" xlink:from="loc_hyp" xlink:to="loc_dnb-crd_OTP" xbrldt:targetRole="http://www.dnb.nl/xbrl/xtn/role/fws/FINREP-BO/wft-3-72/2017-11-01/tab/F_01.02/18" order="7" />
  </link:definitionLink>
  <link:definitionLink xlink:type="extended" xlink:role="http://www.dnb.nl/xbrl/xtn/role/fws/FINREP-BO/wft-3-72/2017-11-01/tab/F_01.02/17">
    <link:loc xlink:type="locator" xlink:href="http://www.eba.europa.eu/eu/fr/xbrl/crr/dict/dim/dim.xsd#eba_SUB" xlink:label="loc_eba_SUB" />
    <link:loc xlink:type="locator" xlink:href="http://www.eba.europa.eu/eu/fr/xbrl/crr/dict/dom/exp.xsd#eba_MC" xlink:label="loc_eba_MC" />
    <link:definitionArc xlink:type="arc" xlink:arcrole="http://xbrl.org/int/dim/arcrole/dimension-domain" xlink:from="loc_eba_SUB" xlink:to="loc_eba_MC" xbrldt:usable="false" order="1" />
    <link:loc xlink:type="locator" xlink:href="http://www.eba.europa.eu/eu/fr/xbrl/crr/dict/dom/mc/mem.xsd#eba_x0" xlink:label="loc_eba_x0" />
    <link:definitionArc xlink:type="arc" xlink:arcrole="http://xbrl.org/int/dim/arcrole/domain-member" xlink:from="loc_eba_MC" xlink:to="loc_eba_x0" order="1" />
  </link:definitionLink>
  <link:definitionLink xlink:type="extended" xlink:role="http://www.dnb.nl/xbrl/xtn/role/fws/FINREP-BO/wft-3-72/2017-11-01/tab/F_01.02/18">
    <link:loc xlink:type="locator" xlink:href="../../../../../../dict/dim/dim.xsd#dnb-crd_OTP" xlink:label="loc_dnb-crd_OTP" />
    <link:loc xlink:type="locator" xlink:href="http://www.eba.europa.eu/eu/fr/xbrl/crr/dict/dom/exp.xsd#eba_MC" xlink:label="loc_eba_MC" />
    <link:definitionArc xlink:type="arc" xlink:arcrole="http://xbrl.org/int/dim/arcrole/dimension-domain" xlink:from="loc_dnb-crd_OTP" xlink:to="loc_eba_MC" xbrldt:usable="false" order="1" />
    <link:loc xlink:type="locator" xlink:href="http://www.eba.europa.eu/eu/fr/xbrl/crr/dict/dom/mc/mem.xsd#eba_x0" xlink:label="loc_eba_x0" />
    <link:definitionArc xlink:type="arc" xlink:arcrole="http://xbrl.org/int/dim/arcrole/domain-member" xlink:from="loc_eba_MC" xlink:to="loc_eba_x0" order="1" />
  </link:definitionLink>
  <link:definitionLink xlink:type="extended" xlink:role="http://www.dnb.nl/xbrl/xtn/role/fws/FINREP-BO/wft-3-72/2017-11-01/tab/F_01.02/19">
    <link:loc xlink:type="locator" xlink:href="http://www.eba.europa.eu/eu/fr/xbrl/crr/dict/met/met.xsd#eba_mi53" xlink:label="loc_eba_mi53" />
    <link:loc xlink:type="locator" xlink:href="http://www.eurofiling.info/eu/fr/xbrl/ext/model.xsd#hyp" xlink:label="loc_hyp" />
    <link:definitionArc xlink:type="arc" xlink:arcrole="http://xbrl.org/int/dim/arcrole/all" xlink:from="loc_eba_mi53" xlink:to="loc_hyp" xbrldt:closed="true" xbrldt:contextElement="scenario" order="1" />
    <link:loc xlink:type="locator" xlink:href="http://www.eba.europa.eu/eu/fr/xbrl/crr/dict/dim/dim.xsd#eba_BAS" xlink:label="loc_eba_BAS" />
    <link:definitionArc xlink:type="arc" xlink:arcrole="http://xbrl.org/int/dim/arcrole/hypercube-dimension" xlink:from="loc_hyp" xlink:to="loc_eba_BAS" order="1" />
    <link:loc xlink:type="locator" xlink:href="http://www.eba.europa.eu/eu/fr/xbrl/crr/dict/dom/exp.xsd#eba_BA" xlink:label="loc_eba_BA" />
    <link:definitionArc xlink:type="arc" xlink:arcrole="http://xbrl.org/int/dim/arcrole/dimension-domain" xlink:from="loc_eba_BAS" xlink:to="loc_eba_BA" xbrldt:usable="false" order="1" />
    <link:loc xlink:type="locator" xlink:href="http://www.eba.europa.eu/eu/fr/xbrl/crr/dict/dom/ba/mem.xsd#eba_x7" xlink:label="loc_eba_x7" />
    <link:definitionArc xlink:type="arc" xlink:arcrole="http://xbrl.org/int/dim/arcrole/domain-member" xlink:from="loc_eba_BA" xlink:to="loc_eba_x7" order="1" />
    <link:loc xlink:type="locator" xlink:href="../../../../../../dict/dim/dim.xsd#dnb-crd_OTP" xlink:label="loc_dnb-crd_OTP" />
    <link:definitionArc xlink:type="arc" xlink:arcrole="http://xbrl.org/int/dim/arcrole/hypercube-dimension" xlink:from="loc_hyp" xlink:to="loc_dnb-crd_OTP" order="2" />
    <link:loc xlink:type="locator" xlink:href="http://www.eba.europa.eu/eu/fr/xbrl/crr/dict/dom/exp.xsd#eba_MC" xlink:label="loc_eba_MC" />
    <link:definitionArc xlink:type="arc" xlink:arcrole="http://xbrl.org/int/dim/arcrole/dimension-domain" xlink:from="loc_dnb-crd_OTP" xlink:to="loc_eba_MC" xbrldt:usable="false" order="1" />
    <link:loc xlink:type="locator" xlink:href="../../../../../../dict/dom/dnbeba_mc/mem.xsd#dnb-crd_x1000" xlink:label="loc_dnb-crd_x1000" />
    <link:definitionArc xlink:type="arc" xlink:arcrole="http://xbrl.org/int/dim/arcrole/domain-member" xlink:from="loc_eba_MC" xlink:to="loc_dnb-crd_x1000" order="1" />
    <link:loc xlink:type="locator" xlink:href="../../../../../../dict/dom/dnbeba_mc/mem.xsd#dnb-crd_x1001" xlink:label="loc_dnb-crd_x1001" />
    <link:definitionArc xlink:type="arc" xlink:arcrole="http://xbrl.org/int/dim/arcrole/domain-member" xlink:from="loc_eba_MC" xlink:to="loc_dnb-crd_x1001" order="2" />
    <link:loc xlink:type="locator" xlink:href="http://www.eba.europa.eu/eu/fr/xbrl/crr/dict/dim/dim.xsd#eba_MCY" xlink:label="loc_eba_MCY" />
    <link:definitionArc xlink:type="arc" xlink:arcrole="http://xbrl.org/int/dim/arcrole/hypercube-dimension" xlink:from="loc_hyp" xlink:to="loc_eba_MCY" xbrldt:targetRole="http://www.dnb.nl/xbrl/xtn/role/fws/FINREP-BO/wft-3-72/2017-11-01/tab/F_01.02/20" order="3" />
    <link:loc xlink:type="locator" xlink:href="http://www.eba.europa.eu/eu/fr/xbrl/crr/dict/dim/dim.xsd#eba_APL" xlink:label="loc_eba_APL" />
    <link:definitionArc xlink:type="arc" xlink:arcrole="http://xbrl.org/int/dim/arcrole/hypercube-dimension" xlink:from="loc_hyp" xlink:to="loc_eba_APL" order="4" />
    <link:loc xlink:type="locator" xlink:href="http://www.eba.europa.eu/eu/fr/xbrl/crr/dict/dom/exp.xsd#eba_PL" xlink:label="loc_eba_PL" />
    <link:definitionArc xlink:type="arc" xlink:arcrole="http://xbrl.org/int/dim/arcrole/dimension-domain" xlink:from="loc_eba_APL" xlink:to="loc_eba_PL" xbrldt:usable="false" order="1" />
    <link:loc xlink:type="locator" xlink:href="http://www.eba.europa.eu/eu/fr/xbrl/crr/dict/dom/pl/mem.xsd#eba_x79" xlink:label="loc_eba_x79" />
    <link:definitionArc xlink:type="arc" xlink:arcrole="http://xbrl.org/int/dim/arcrole/domain-member" xlink:from="loc_eba_PL" xlink:to="loc_eba_x79" order="1" />
    <link:loc xlink:type="locator" xlink:href="http://www.eba.europa.eu/eu/fr/xbrl/crr/dict/dim/dim.xsd#eba_RPR" xlink:label="loc_eba_RPR" />
    <link:definitionArc xlink:type="arc" xlink:arcrole="http://xbrl.org/int/dim/arcrole/hypercube-dimension" xlink:from="loc_hyp" xlink:to="loc_eba_RPR" order="5" />
    <link:loc xlink:type="locator" xlink:href="http://www.eba.europa.eu/eu/fr/xbrl/crr/dict/dom/exp.xsd#eba_RP" xlink:label="loc_eba_RP" />
    <link:definitionArc xlink:type="arc" xlink:arcrole="http://xbrl.org/int/dim/arcrole/dimension-domain" xlink:from="loc_eba_RPR" xlink:to="loc_eba_RP" xbrldt:usable="false" order="1" />
    <link:loc xlink:type="locator" xlink:href="http://www.eba.europa.eu/eu/fr/xbrl/crr/dict/dom/rp/mem.xsd#eba_x0" xlink:label="loc_eba_x0" />
    <link:definitionArc xlink:type="arc" xlink:arcrole="http://xbrl.org/int/dim/arcrole/domain-member" xlink:from="loc_eba_RP" xlink:to="loc_eba_x0" order="1" />
    <link:loc xlink:type="locator" xlink:href="http://www.eba.europa.eu/eu/fr/xbrl/crr/dict/dim/dim.xsd#eba_SUB" xlink:label="loc_eba_SUB" />
    <link:definitionArc xlink:type="arc" xlink:arcrole="http://xbrl.org/int/dim/arcrole/hypercube-dimension" xlink:from="loc_hyp" xlink:to="loc_eba_SUB" xbrldt:targetRole="http://www.dnb.nl/xbrl/xtn/role/fws/FINREP-BO/wft-3-72/2017-11-01/tab/F_01.02/21" order="6" />
    <link:loc xlink:type="locator" xlink:href="http://www.eba.europa.eu/eu/fr/xbrl/crr/dict/dim/dim.xsd#eba_OFS" xlink:label="loc_eba_OFS" />
    <link:definitionArc xlink:type="arc" xlink:arcrole="http://xbrl.org/int/dim/arcrole/hypercube-dimension" xlink:from="loc_hyp" xlink:to="loc_eba_OFS" order="7" />
    <link:loc xlink:type="locator" xlink:href="http://www.eba.europa.eu/eu/fr/xbrl/crr/dict/dom/exp.xsd#eba_OF" xlink:label="loc_eba_OF" />
    <link:definitionArc xlink:type="arc" xlink:arcrole="http://xbrl.org/int/dim/arcrole/dimension-domain" xlink:from="loc_eba_OFS" xlink:to="loc_eba_OF" xbrldt:usable="false" order="1" />
    <link:loc xlink:type="locator" xlink:href="http://www.eba.europa.eu/eu/fr/xbrl/crr/dict/dom/of/mem.xsd#eba_x0" xlink:label="loc_eba_x0_1" />
    <link:definitionArc xlink:type="arc" xlink:arcrole="http://xbrl.org/int/dim/arcrole/domain-member" xlink:from="loc_eba_OF" xlink:to="loc_eba_x0_1" order="1" />
  </link:definitionLink>
  <link:definitionLink xlink:type="extended" xlink:role="http://www.dnb.nl/xbrl/xtn/role/fws/FINREP-BO/wft-3-72/2017-11-01/tab/F_01.02/20">
    <link:loc xlink:type="locator" xlink:href="http://www.eba.europa.eu/eu/fr/xbrl/crr/dict/dim/dim.xsd#eba_MCY" xlink:label="loc_eba_MCY" />
    <link:loc xlink:type="locator" xlink:href="http://www.eba.europa.eu/eu/fr/xbrl/crr/dict/dom/exp.xsd#eba_MC" xlink:label="loc_eba_MC" />
    <link:definitionArc xlink:type="arc" xlink:arcrole="http://xbrl.org/int/dim/arcrole/dimension-domain" xlink:from="loc_eba_MCY" xlink:to="loc_eba_MC" xbrldt:usable="false" order="1" />
    <link:loc xlink:type="locator" xlink:href="http://www.eba.europa.eu/eu/fr/xbrl/crr/dict/dom/mc/mem.xsd#eba_x288" xlink:label="loc_eba_x288" />
    <link:definitionArc xlink:type="arc" xlink:arcrole="http://xbrl.org/int/dim/arcrole/domain-member" xlink:from="loc_eba_MC" xlink:to="loc_eba_x288" order="1" />
  </link:definitionLink>
  <link:definitionLink xlink:type="extended" xlink:role="http://www.dnb.nl/xbrl/xtn/role/fws/FINREP-BO/wft-3-72/2017-11-01/tab/F_01.02/21">
    <link:loc xlink:type="locator" xlink:href="http://www.eba.europa.eu/eu/fr/xbrl/crr/dict/dim/dim.xsd#eba_SUB" xlink:label="loc_eba_SUB" />
    <link:loc xlink:type="locator" xlink:href="http://www.eba.europa.eu/eu/fr/xbrl/crr/dict/dom/exp.xsd#eba_MC" xlink:label="loc_eba_MC" />
    <link:definitionArc xlink:type="arc" xlink:arcrole="http://xbrl.org/int/dim/arcrole/dimension-domain" xlink:from="loc_eba_SUB" xlink:to="loc_eba_MC" xbrldt:usable="false" order="1" />
    <link:loc xlink:type="locator" xlink:href="http://www.eba.europa.eu/eu/fr/xbrl/crr/dict/dom/mc/mem.xsd#eba_x0" xlink:label="loc_eba_x0" />
    <link:definitionArc xlink:type="arc" xlink:arcrole="http://xbrl.org/int/dim/arcrole/domain-member" xlink:from="loc_eba_MC" xlink:to="loc_eba_x0" order="1" />
  </link:definitionLink>
  <link:definitionLink xlink:type="extended" xlink:role="http://www.dnb.nl/xbrl/xtn/role/fws/FINREP-BO/wft-3-72/2017-11-01/tab/F_01.02/22">
    <link:loc xlink:type="locator" xlink:href="http://www.eba.europa.eu/eu/fr/xbrl/crr/dict/met/met.xsd#eba_mi53" xlink:label="loc_eba_mi53" />
    <link:loc xlink:type="locator" xlink:href="http://www.eurofiling.info/eu/fr/xbrl/ext/model.xsd#hyp" xlink:label="loc_hyp" />
    <link:definitionArc xlink:type="arc" xlink:arcrole="http://xbrl.org/int/dim/arcrole/all" xlink:from="loc_eba_mi53" xlink:to="loc_hyp" xbrldt:closed="true" xbrldt:contextElement="scenario" order="1" />
    <link:loc xlink:type="locator" xlink:href="http://www.eba.europa.eu/eu/fr/xbrl/crr/dict/dim/dim.xsd#eba_BAS" xlink:label="loc_eba_BAS" />
    <link:definitionArc xlink:type="arc" xlink:arcrole="http://xbrl.org/int/dim/arcrole/hypercube-dimension" xlink:from="loc_hyp" xlink:to="loc_eba_BAS" order="1" />
    <link:loc xlink:type="locator" xlink:href="http://www.eba.europa.eu/eu/fr/xbrl/crr/dict/dom/exp.xsd#eba_BA" xlink:label="loc_eba_BA" />
    <link:definitionArc xlink:type="arc" xlink:arcrole="http://xbrl.org/int/dim/arcrole/dimension-domain" xlink:from="loc_eba_BAS" xlink:to="loc_eba_BA" xbrldt:usable="false" order="1" />
    <link:loc xlink:type="locator" xlink:href="http://www.eba.europa.eu/eu/fr/xbrl/crr/dict/dom/ba/mem.xsd#eba_x7" xlink:label="loc_eba_x7" />
    <link:definitionArc xlink:type="arc" xlink:arcrole="http://xbrl.org/int/dim/arcrole/domain-member" xlink:from="loc_eba_BA" xlink:to="loc_eba_x7" order="1" />
    <link:loc xlink:type="locator" xlink:href="http://www.eba.europa.eu/eu/fr/xbrl/crr/dict/dim/dim.xsd#eba_MCY" xlink:label="loc_eba_MCY" />
    <link:definitionArc xlink:type="arc" xlink:arcrole="http://xbrl.org/int/dim/arcrole/hypercube-dimension" xlink:from="loc_hyp" xlink:to="loc_eba_MCY" order="2" />
    <link:loc xlink:type="locator" xlink:href="http://www.eba.europa.eu/eu/fr/xbrl/crr/dict/dom/exp.xsd#eba_MC" xlink:label="loc_eba_MC" />
    <link:definitionArc xlink:type="arc" xlink:arcrole="http://xbrl.org/int/dim/arcrole/dimension-domain" xlink:from="loc_eba_MCY" xlink:to="loc_eba_MC" xbrldt:usable="false" order="1" />
    <link:loc xlink:type="locator" xlink:href="http://www.eba.europa.eu/eu/fr/xbrl/crr/dict/dom/mc/mem.xsd#eba_x31" xlink:label="loc_eba_x31" />
    <link:definitionArc xlink:type="arc" xlink:arcrole="http://xbrl.org/int/dim/arcrole/domain-member" xlink:from="loc_eba_MC" xlink:to="loc_eba_x31" order="1" />
    <link:loc xlink:type="locator" xlink:href="http://www.eba.europa.eu/eu/fr/xbrl/crr/dict/dim/dim.xsd#eba_APL" xlink:label="loc_eba_APL" />
    <link:definitionArc xlink:type="arc" xlink:arcrole="http://xbrl.org/int/dim/arcrole/hypercube-dimension" xlink:from="loc_hyp" xlink:to="loc_eba_APL" order="3" />
    <link:loc xlink:type="locator" xlink:href="http://www.eba.europa.eu/eu/fr/xbrl/crr/dict/dom/exp.xsd#eba_PL" xlink:label="loc_eba_PL" />
    <link:definitionArc xlink:type="arc" xlink:arcrole="http://xbrl.org/int/dim/arcrole/dimension-domain" xlink:from="loc_eba_APL" xlink:to="loc_eba_PL" xbrldt:usable="false" order="1" />
    <link:loc xlink:type="locator" xlink:href="http://www.eba.europa.eu/eu/fr/xbrl/crr/dict/dom/pl/mem.xsd#eba_x13" xlink:label="loc_eba_x13" />
    <link:definitionArc xlink:type="arc" xlink:arcrole="http://xbrl.org/int/dim/arcrole/domain-member" xlink:from="loc_eba_PL" xlink:to="loc_eba_x13" order="1" />
    <link:loc xlink:type="locator" xlink:href="http://www.eba.europa.eu/eu/fr/xbrl/crr/dict/dom/pl/mem.xsd#eba_x0" xlink:label="loc_eba_x0" />
    <link:definitionArc xlink:type="arc" xlink:arcrole="http://xbrl.org/int/dim/arcrole/domain-member" xlink:from="loc_eba_PL" xlink:to="loc_eba_x0" order="2" />
    <link:loc xlink:type="locator" xlink:href="http://www.eba.europa.eu/eu/fr/xbrl/crr/dict/dim/dim.xsd#eba_RPR" xlink:label="loc_eba_RPR" />
    <link:definitionArc xlink:type="arc" xlink:arcrole="http://xbrl.org/int/dim/arcrole/hypercube-dimension" xlink:from="loc_hyp" xlink:to="loc_eba_RPR" order="4" />
    <link:loc xlink:type="locator" xlink:href="http://www.eba.europa.eu/eu/fr/xbrl/crr/dict/dom/exp.xsd#eba_RP" xlink:label="loc_eba_RP" />
    <link:definitionArc xlink:type="arc" xlink:arcrole="http://xbrl.org/int/dim/arcrole/dimension-domain" xlink:from="loc_eba_RPR" xlink:to="loc_eba_RP" xbrldt:usable="false" order="1" />
    <link:loc xlink:type="locator" xlink:href="http://www.eba.europa.eu/eu/fr/xbrl/crr/dict/dom/rp/mem.xsd#eba_x0" xlink:label="loc_eba_x0_1" />
    <link:definitionArc xlink:type="arc" xlink:arcrole="http://xbrl.org/int/dim/arcrole/domain-member" xlink:from="loc_eba_RP" xlink:to="loc_eba_x0_1" order="1" />
    <link:loc xlink:type="locator" xlink:href="http://www.eba.europa.eu/eu/fr/xbrl/crr/dict/dim/dim.xsd#eba_SUB" xlink:label="loc_eba_SUB" />
    <link:definitionArc xlink:type="arc" xlink:arcrole="http://xbrl.org/int/dim/arcrole/hypercube-dimension" xlink:from="loc_hyp" xlink:to="loc_eba_SUB" xbrldt:targetRole="http://www.dnb.nl/xbrl/xtn/role/fws/FINREP-BO/wft-3-72/2017-11-01/tab/F_01.02/23" order="5" />
    <link:loc xlink:type="locator" xlink:href="http://www.eba.europa.eu/eu/fr/xbrl/crr/dict/dim/dim.xsd#eba_OFS" xlink:label="loc_eba_OFS" />
    <link:definitionArc xlink:type="arc" xlink:arcrole="http://xbrl.org/int/dim/arcrole/hypercube-dimension" xlink:from="loc_hyp" xlink:to="loc_eba_OFS" order="6" />
    <link:loc xlink:type="locator" xlink:href="http://www.eba.europa.eu/eu/fr/xbrl/crr/dict/dom/exp.xsd#eba_OF" xlink:label="loc_eba_OF" />
    <link:definitionArc xlink:type="arc" xlink:arcrole="http://xbrl.org/int/dim/arcrole/dimension-domain" xlink:from="loc_eba_OFS" xlink:to="loc_eba_OF" xbrldt:usable="false" order="1" />
    <link:loc xlink:type="locator" xlink:href="http://www.eba.europa.eu/eu/fr/xbrl/crr/dict/dom/of/mem.xsd#eba_x0" xlink:label="loc_eba_x0_2" />
    <link:definitionArc xlink:type="arc" xlink:arcrole="http://xbrl.org/int/dim/arcrole/domain-member" xlink:from="loc_eba_OF" xlink:to="loc_eba_x0_2" order="1" />
    <link:loc xlink:type="locator" xlink:href="../../../../../../dict/dim/dim.xsd#dnb-crd_OTP" xlink:label="loc_dnb-crd_OTP" />
    <link:definitionArc xlink:type="arc" xlink:arcrole="http://xbrl.org/int/dim/arcrole/hypercube-dimension" xlink:from="loc_hyp" xlink:to="loc_dnb-crd_OTP" xbrldt:targetRole="http://www.dnb.nl/xbrl/xtn/role/fws/FINREP-BO/wft-3-72/2017-11-01/tab/F_01.02/24" order="7" />
  </link:definitionLink>
  <link:definitionLink xlink:type="extended" xlink:role="http://www.dnb.nl/xbrl/xtn/role/fws/FINREP-BO/wft-3-72/2017-11-01/tab/F_01.02/23">
    <link:loc xlink:type="locator" xlink:href="http://www.eba.europa.eu/eu/fr/xbrl/crr/dict/dim/dim.xsd#eba_SUB" xlink:label="loc_eba_SUB" />
    <link:loc xlink:type="locator" xlink:href="http://www.eba.europa.eu/eu/fr/xbrl/crr/dict/dom/exp.xsd#eba_MC" xlink:label="loc_eba_MC" />
    <link:definitionArc xlink:type="arc" xlink:arcrole="http://xbrl.org/int/dim/arcrole/dimension-domain" xlink:from="loc_eba_SUB" xlink:to="loc_eba_MC" xbrldt:usable="false" order="1" />
    <link:loc xlink:type="locator" xlink:href="http://www.eba.europa.eu/eu/fr/xbrl/crr/dict/dom/mc/mem.xsd#eba_x0" xlink:label="loc_eba_x0" />
    <link:definitionArc xlink:type="arc" xlink:arcrole="http://xbrl.org/int/dim/arcrole/domain-member" xlink:from="loc_eba_MC" xlink:to="loc_eba_x0" order="1" />
  </link:definitionLink>
  <link:definitionLink xlink:type="extended" xlink:role="http://www.dnb.nl/xbrl/xtn/role/fws/FINREP-BO/wft-3-72/2017-11-01/tab/F_01.02/24">
    <link:loc xlink:type="locator" xlink:href="../../../../../../dict/dim/dim.xsd#dnb-crd_OTP" xlink:label="loc_dnb-crd_OTP" />
    <link:loc xlink:type="locator" xlink:href="http://www.eba.europa.eu/eu/fr/xbrl/crr/dict/dom/exp.xsd#eba_MC" xlink:label="loc_eba_MC" />
    <link:definitionArc xlink:type="arc" xlink:arcrole="http://xbrl.org/int/dim/arcrole/dimension-domain" xlink:from="loc_dnb-crd_OTP" xlink:to="loc_eba_MC" xbrldt:usable="false" order="1" />
    <link:loc xlink:type="locator" xlink:href="http://www.eba.europa.eu/eu/fr/xbrl/crr/dict/dom/mc/mem.xsd#eba_x0" xlink:label="loc_eba_x0" />
    <link:definitionArc xlink:type="arc" xlink:arcrole="http://xbrl.org/int/dim/arcrole/domain-member" xlink:from="loc_eba_MC" xlink:to="loc_eba_x0" order="1" />
  </link:definitionLink>
</link:linkbase>